{
	"Version": 3,
	"Parameters": [
		{
			"Id": "LS1",
			"GroupId": "ParamGroup25",
			"Name": "LS1"
		},
		{
			"Id": "LS2",
			"GroupId": "ParamGroup25",
			"Name": "LS2"
		},
		{
			"Id": "LS3",
			"GroupId": "ParamGroup25",
			"Name": "LS3"
		},
		{
			"Id": "LS4",
			"GroupId": "ParamGroup25",
			"Name": "LS4"
		},
		{
			"Id": "LS5",
			"GroupId": "ParamGroup25",
			"Name": "LS5"
		},
		{
			"Id": "RS1",
			"GroupId": "ParamGroup25",
			"Name": "RS1"
		},
		{
			"Id": "RS2",
			"GroupId": "ParamGroup25",
			"Name": "RS2"
		},
		{
			"Id": "RS3",
			"GroupId": "ParamGroup25",
			"Name": "RS3"
		},
		{
			"Id": "RS4",
			"GroupId": "ParamGroup25",
			"Name": "RS4"
		},
		{
			"Id": "RS5",
			"GroupId": "ParamGroup25",
			"Name": "RS5"
		},
		{
			"Id": "ParamBrowLY",
			"GroupId": "ParamGroup3",
			"Name": "左眉   上下"
		},
		{
			"Id": "ParamBrowRY",
			"GroupId": "ParamGroup3",
			"Name": "右眉　上下"
		},
		{
			"Id": "ParamBrowLForm2",
			"GroupId": "ParamGroup3",
			"Name": "*左眉　変形"
		},
		{
			"Id": "ParamBrowRForm2",
			"GroupId": "ParamGroup3",
			"Name": "*右眉　変形"
		},
		{
			"Id": "ParamBrowLAngle2",
			"GroupId": "ParamGroup3",
			"Name": "*左眉　角度"
		},
		{
			"Id": "ParamBrowRAngle2",
			"GroupId": "ParamGroup3",
			"Name": "*右眉　角度"
		},
		{
			"Id": "ParamBrowLForm",
			"GroupId": "ParamGroup3",
			"Name": "左眉　変形"
		},
		{
			"Id": "ParamBrowRForm",
			"GroupId": "ParamGroup3",
			"Name": "右眉　変形"
		},
		{
			"Id": "ParamBrowLAngle",
			"GroupId": "ParamGroup3",
			"Name": "左眉　角度"
		},
		{
			"Id": "ParamBrowRAngle",
			"GroupId": "ParamGroup3",
			"Name": "右眉　角度"
		},
		{
			"Id": "ParamEyeLOpen",
			"GroupId": "ParamGroup2",
			"Name": "左眼　开闭"
		},
		{
			"Id": "ParamEyeLSmile",
			"GroupId": "ParamGroup2",
			"Name": "左眼　微笑"
		},
		{
			"Id": "ParamEyeROpen",
			"GroupId": "ParamGroup2",
			"Name": "右眼　开闭"
		},
		{
			"Id": "ParamEyeRSmile",
			"GroupId": "ParamGroup2",
			"Name": "右眼　微笑"
		},
		{
			"Id": "ParamEyeBallX",
			"GroupId": "ParamGroup2",
			"Name": "眼球 X"
		},
		{
			"Id": "ParamEyeBallY",
			"GroupId": "ParamGroup2",
			"Name": "眼球 Y"
		},
		{
			"Id": "ParamMouthForm",
			"GroupId": "ParamGroup4",
			"Name": "嘴部　变形"
		},
		{
			"Id": "ParamMouthOpenY",
			"GroupId": "ParamGroup4",
			"Name": "嘴巴　张开和闭合"
		},
		{
			"Id": "TongueOut",
			"GroupId": "ParamGroup4",
			"Name": "舌头伸出"
		},
		{
			"Id": "Tongue2",
			"GroupId": "ParamGroup4",
			"Name": "*舌头物理"
		},
		{
			"Id": "Tongue3",
			"GroupId": "ParamGroup4",
			"Name": "*舌头物理2"
		},
		{
			"Id": "CheekPuff",
			"GroupId": "ParamGroup4",
			"Name": "【※】CheekPuff"
		},
		{
			"Id": "MouthX",
			"GroupId": "ParamGroup4",
			"Name": "MouthX"
		},
		{
			"Id": "ParamAngleX",
			"GroupId": "ParamGroup",
			"Name": "角度 X"
		},
		{
			"Id": "ParamAngleY",
			"GroupId": "ParamGroup",
			"Name": "角度 Y"
		},
		{
			"Id": "ParamAngleZ",
			"GroupId": "ParamGroup",
			"Name": "角度 Z"
		},
		{
			"Id": "ParamHipZ",
			"GroupId": "ParamGroup",
			"Name": "腰 Z"
		},
		{
			"Id": "ParamHipX",
			"GroupId": "ParamGroup",
			"Name": "腰 X"
		},
		{
			"Id": "ParamHipY",
			"GroupId": "ParamGroup",
			"Name": "腰 Y"
		},
		{
			"Id": "ParamBodyAngleZ",
			"GroupId": "ParamGroup",
			"Name": "身体旋转　Z"
		},
		{
			"Id": "ParamBodyAngleX",
			"GroupId": "ParamGroup",
			"Name": "身体旋转　X"
		},
		{
			"Id": "ParamBodyAngleY",
			"GroupId": "ParamGroup",
			"Name": "身体旋转　Y"
		},
		{
			"Id": "ParamAngleX2",
			"GroupId": "ParamGroup",
			"Name": "角度 X1"
		},
		{
			"Id": "ParamAngleY2",
			"GroupId": "ParamGroup",
			"Name": "角度 Y1"
		},
		{
			"Id": "ParamBreath",
			"GroupId": "ParamGroup6",
			"Name": "呼吸"
		},
		{
			"Id": "shuiqiang",
			"GroupId": "ParamGroup6",
			"Name": "水枪"
		},
		{
			"Id": "waitao",
			"GroupId": "ParamGroup6",
			"Name": "外套"
		},
		{
			"Id": "kaixin",
			"GroupId": "ParamGroup6",
			"Name": "开心"
		},
		{
			"Id": "kaixin2",
			"GroupId": "ParamGroup6",
			"Name": "屑"
		},
		{
			"Id": "kaixin3",
			"GroupId": "ParamGroup6",
			"Name": "电波系"
		},
		{
			"Id": "kaixin4",
			"GroupId": "ParamGroup6",
			"Name": "幸福"
		},
		{
			"Id": "kaixin5",
			"GroupId": "ParamGroup6",
			"Name": "伤心"
		},
		{
			"Id": "kaixin6",
			"GroupId": "ParamGroup6",
			"Name": "破防"
		},
		{
			"Id": "chibin",
			"GroupId": "ParamGroup6",
			"Name": "吃嘟嘟饼"
		},
		{
			"Id": "Param3",
			"GroupId": "ParamGroup6",
			"Name": "嘟嘟饼-祈祷切换"
		},
		{
			"Id": "mic",
			"GroupId": "ParamGroup6",
			"Name": "麦克风"
		},
		{
			"Id": "listen",
			"GroupId": "ParamGroup6",
			"Name": "侧耳倾听后"
		},
		{
			"Id": "Param",
			"GroupId": "ParamGroup6",
			"Name": "托下巴"
		},
		{
			"Id": "ear",
			"GroupId": "ParamGroup6",
			"Name": "耳机"
		},
		{
			"Id": "ear2",
			"GroupId": "ParamGroup6",
			"Name": "屏幕眼睛"
		},
		{
			"Id": "shy",
			"GroupId": "ParamGroup6",
			"Name": "脸红"
		},
		{
			"Id": "Param6",
			"GroupId": "ParamGroup6",
			"Name": "害羞脸红"
		},
		{
			"Id": "Param2",
			"GroupId": "ParamGroup6",
			"Name": "嘴切换"
		},
		{
			"Id": "Param7pp",
			"GroupId": "ParamGroup6",
			"Name": "惊讶参数"
		},
		{
			"Id": "Param4",
			"GroupId": "ParamGroup6",
			"Name": "生气"
		},
		{
			"Id": "Param8pp",
			"GroupId": "ParamGroup6",
			"Name": "符号切换"
		},
		{
			"Id": "Param5",
			"GroupId": "ParamGroup6",
			"Name": "问号"
		},
		{
			"Id": "ParamEyeBallX2",
			"GroupId": "ParamGroup9",
			"Name": "*   瞳孔 X   *"
		},
		{
			"Id": "ParamEyeLB1",
			"GroupId": "ParamGroup9",
			"Name": "*左眼眶1"
		},
		{
			"Id": "ParamEyeLB2",
			"GroupId": "ParamGroup9",
			"Name": "*左眼眶2"
		},
		{
			"Id": "ParamEyeLHigh1",
			"GroupId": "ParamGroup9",
			"Name": "*左眼  高光X"
		},
		{
			"Id": "ParamEyeLHigh3",
			"GroupId": "ParamGroup9",
			"Name": "*左眼  高光Y"
		},
		{
			"Id": "ParamEyeLHigh2",
			"GroupId": "ParamGroup9",
			"Name": "*左眼  高光X2"
		},
		{
			"Id": "ParamEyeLHigh4",
			"GroupId": "ParamGroup9",
			"Name": "*左眼  高光Y2"
		},
		{
			"Id": "ParamEyeLS",
			"GroupId": "ParamGroup9",
			"Name": "*左眼  睫毛倾斜"
		},
		{
			"Id": "ParamEyeLS2",
			"GroupId": "ParamGroup9",
			"Name": "*左眼  睫毛卷曲"
		},
		{
			"Id": "ParamEyeBallL1",
			"GroupId": "ParamGroup9",
			"Name": "*左眼  大小"
		},
		{
			"Id": "ParamEyeBallL2",
			"GroupId": "ParamGroup9",
			"Name": "*左瞳  缩放"
		},
		{
			"Id": "ParamEyeRB1",
			"GroupId": "ParamGroup9",
			"Name": "右眼眶1*"
		},
		{
			"Id": "ParamEyeRB2",
			"GroupId": "ParamGroup9",
			"Name": "右眼眶2*"
		},
		{
			"Id": "ParamEyeRHigh1",
			"GroupId": "ParamGroup9",
			"Name": "右眼  高光X*"
		},
		{
			"Id": "ParamEyeRHigh3",
			"GroupId": "ParamGroup9",
			"Name": "右眼  高光Y*"
		},
		{
			"Id": "ParamEyeRHigh2",
			"GroupId": "ParamGroup9",
			"Name": "右眼  高光X2*"
		},
		{
			"Id": "ParamEyeRHigh4",
			"GroupId": "ParamGroup9",
			"Name": "右眼  高光Y2*"
		},
		{
			"Id": "ParamEyeRS",
			"GroupId": "ParamGroup9",
			"Name": "右眼  睫毛倾斜*"
		},
		{
			"Id": "ParamEyeRS2",
			"GroupId": "ParamGroup9",
			"Name": "右眼  睫毛卷曲*"
		},
		{
			"Id": "ParamEyeBallR1",
			"GroupId": "ParamGroup9",
			"Name": "右眼  大小*"
		},
		{
			"Id": "ParamEyeBallR2",
			"GroupId": "ParamGroup9",
			"Name": "右瞳  缩放*"
		},
		{
			"Id": "ParamBooba1",
			"GroupId": "ParamGroup8",
			"Name": "胸  左右"
		},
		{
			"Id": "ParamBooba4",
			"GroupId": "ParamGroup8",
			"Name": "胸  左右2"
		},
		{
			"Id": "ParamBooba2",
			"GroupId": "ParamGroup8",
			"Name": "胸  上下"
		},
		{
			"Id": "ParamBooba5",
			"GroupId": "ParamGroup8",
			"Name": "胸  上下2"
		},
		{
			"Id": "ParamBooba3",
			"GroupId": "ParamGroup8",
			"Name": "胸  中间"
		},
		{
			"Id": "ParamBooba6",
			"GroupId": "ParamGroup8",
			"Name": "胸  中间2"
		},
		{
			"Id": "ParamHairFront",
			"GroupId": "ParamGroup5",
			"Name": "前发"
		},
		{
			"Id": "ParamHairFront2",
			"GroupId": "ParamGroup5",
			"Name": "前发2"
		},
		{
			"Id": "ParamHairSide",
			"GroupId": "ParamGroup5",
			"Name": "侧发"
		},
		{
			"Id": "ParamHairSide2",
			"GroupId": "ParamGroup5",
			"Name": "侧发2"
		},
		{
			"Id": "ParamHairSide3",
			"GroupId": "ParamGroup5",
			"Name": "侧发3"
		},
		{
			"Id": "ParamHairSide4",
			"GroupId": "ParamGroup5",
			"Name": "侧发4"
		},
		{
			"Id": "ParamSkirt1",
			"GroupId": "ParamGroup7",
			"Name": "裙子 1"
		},
		{
			"Id": "ParamSkirt2",
			"GroupId": "ParamGroup7",
			"Name": "裙子 2"
		},
		{
			"Id": "ParamSkirt3",
			"GroupId": "ParamGroup7",
			"Name": "裙子 3"
		},
		{
			"Id": "ParamSkirt4",
			"GroupId": "ParamGroup7",
			"Name": "裙子 4"
		},
		{
			"Id": "ParamRing",
			"GroupId": "ParamGroup7",
			"Name": "吊坠1"
		},
		{
			"Id": "ParamRing2",
			"GroupId": "ParamGroup7",
			"Name": "吊坠2"
		},
		{
			"Id": "Param_Angle_Rotation_1_ArtMesh90",
			"GroupId": "ParamGroup10",
			"Name": "[0]后发-3"
		},
		{
			"Id": "Param_Angle_Rotation_2_ArtMesh90",
			"GroupId": "ParamGroup10",
			"Name": "[1]后发-3"
		},
		{
			"Id": "Param_Angle_Rotation_3_ArtMesh90",
			"GroupId": "ParamGroup10",
			"Name": "[2]后发-3"
		},
		{
			"Id": "Param_Angle_Rotation_4_ArtMesh90",
			"GroupId": "ParamGroup10",
			"Name": "[3]后发-3"
		},
		{
			"Id": "Param_Angle_Rotation_5_ArtMesh90",
			"GroupId": "ParamGroup10",
			"Name": "[4]后发-3"
		},
		{
			"Id": "Param_Angle_Rotation_1_ArtMesh88",
			"GroupId": "ParamGroup11",
			"Name": "[0]后发-1"
		},
		{
			"Id": "Param_Angle_Rotation_2_ArtMesh88",
			"GroupId": "ParamGroup11",
			"Name": "[1]后发-1"
		},
		{
			"Id": "Param_Angle_Rotation_3_ArtMesh88",
			"GroupId": "ParamGroup11",
			"Name": "[2]后发-1"
		},
		{
			"Id": "Param_Angle_Rotation_4_ArtMesh88",
			"GroupId": "ParamGroup11",
			"Name": "[3]后发-1"
		},
		{
			"Id": "Param_Angle_Rotation_5_ArtMesh88",
			"GroupId": "ParamGroup11",
			"Name": "[4]后发-1"
		},
		{
			"Id": "Param_Angle_Rotation_1_ArtMesh89",
			"GroupId": "ParamGroup12",
			"Name": "[0]后发-2"
		},
		{
			"Id": "Param_Angle_Rotation_2_ArtMesh89",
			"GroupId": "ParamGroup12",
			"Name": "[1]后发-2"
		},
		{
			"Id": "Param_Angle_Rotation_3_ArtMesh89",
			"GroupId": "ParamGroup12",
			"Name": "[2]后发-2"
		},
		{
			"Id": "Param_Angle_Rotation_4_ArtMesh89",
			"GroupId": "ParamGroup12",
			"Name": "[3]后发-2"
		},
		{
			"Id": "Param_Angle_Rotation_5_ArtMesh89",
			"GroupId": "ParamGroup12",
			"Name": "[4]后发-2"
		},
		{
			"Id": "Param_Angle_Rotation_1_ArtMesh86",
			"GroupId": "ParamGroup13",
			"Name": "[0]后发-右"
		},
		{
			"Id": "Param_Angle_Rotation_2_ArtMesh86",
			"GroupId": "ParamGroup13",
			"Name": "[1]后发-右"
		},
		{
			"Id": "Param_Angle_Rotation_3_ArtMesh86",
			"GroupId": "ParamGroup13",
			"Name": "[2]后发-右"
		},
		{
			"Id": "Param_Angle_Rotation_4_ArtMesh86",
			"GroupId": "ParamGroup13",
			"Name": "[3]后发-右"
		},
		{
			"Id": "Param_Angle_Rotation_5_ArtMesh86",
			"GroupId": "ParamGroup13",
			"Name": "[4]后发-右"
		},
		{
			"Id": "Param_Angle_Rotation_6_ArtMesh86",
			"GroupId": "ParamGroup13",
			"Name": "[5]后发-右"
		},
		{
			"Id": "Param_Angle_Rotation_7_ArtMesh86",
			"GroupId": "ParamGroup13",
			"Name": "[6]后发-右"
		},
		{
			"Id": "Param_Angle_Rotation_1_ArtMesh87",
			"GroupId": "ParamGroup14",
			"Name": "[0]后发-左"
		},
		{
			"Id": "Param_Angle_Rotation_2_ArtMesh87",
			"GroupId": "ParamGroup14",
			"Name": "[1]后发-左"
		},
		{
			"Id": "Param_Angle_Rotation_3_ArtMesh87",
			"GroupId": "ParamGroup14",
			"Name": "[2]后发-左"
		},
		{
			"Id": "Param_Angle_Rotation_4_ArtMesh87",
			"GroupId": "ParamGroup14",
			"Name": "[3]后发-左"
		},
		{
			"Id": "Param_Angle_Rotation_5_ArtMesh87",
			"GroupId": "ParamGroup14",
			"Name": "[4]后发-左"
		},
		{
			"Id": "Param_Angle_Rotation_6_ArtMesh87",
			"GroupId": "ParamGroup14",
			"Name": "[5]后发-左"
		},
		{
			"Id": "Param_Angle_Rotation_7_ArtMesh87",
			"GroupId": "ParamGroup14",
			"Name": "[6]后发-左"
		},
		{
			"Id": "Param_Angle_Rotation5",
			"GroupId": "ParamGroup17",
			"Name": "[0]呆毛"
		},
		{
			"Id": "Param_Adaimao",
			"GroupId": "ParamGroup17",
			"Name": "[1]呆毛"
		},
		{
			"Id": "Param_Angle_Rotation7",
			"GroupId": "ParamGroup18",
			"Name": "[0]双马尾旋转2"
		},
		{
			"Id": "Param_Angle_Rotation8",
			"GroupId": "ParamGroup18",
			"Name": "[1]双马尾旋转2"
		},
		{
			"Id": "Param_Angle_Rotation9",
			"GroupId": "ParamGroup18",
			"Name": "[2]双马尾旋转2"
		},
		{
			"Id": "Param_Angle_Rotation10",
			"GroupId": "ParamGroup18",
			"Name": "[3]双马尾旋转2"
		},
		{
			"Id": "Param_Angle_Rotation11",
			"GroupId": "ParamGroup18",
			"Name": "[4]双马尾旋转2"
		},
		{
			"Id": "Param_Angle_Rotation12",
			"GroupId": "ParamGroup18",
			"Name": "[5]双马尾旋转2"
		},
		{
			"Id": "Param_Angle_Rotation13",
			"GroupId": "ParamGroup18",
			"Name": "[6]双马尾旋转2"
		},
		{
			"Id": "Param_Angle_Rotation14",
			"GroupId": "ParamGroup18",
			"Name": "[7]双马尾旋转2"
		},
		{
			"Id": "Param_Angle_Rotation15",
			"GroupId": "ParamGroup18",
			"Name": "[8]双马尾旋转2"
		},
		{
			"Id": "Param_Angle_Rotation16",
			"GroupId": "ParamGroup19",
			"Name": "[0]双马尾旋转2"
		},
		{
			"Id": "Param_Angle_Rotation17",
			"GroupId": "ParamGroup19",
			"Name": "[1]双马尾旋转2"
		},
		{
			"Id": "Param_Angle_Rotation18",
			"GroupId": "ParamGroup19",
			"Name": "[2]双马尾旋转2"
		},
		{
			"Id": "Param_Angle_Rotation19",
			"GroupId": "ParamGroup19",
			"Name": "[3]双马尾旋转2"
		},
		{
			"Id": "Param_Angle_Rotation20",
			"GroupId": "ParamGroup19",
			"Name": "[4]双马尾旋转2"
		},
		{
			"Id": "Param_Angle_Rotation21",
			"GroupId": "ParamGroup19",
			"Name": "[5]双马尾旋转2"
		},
		{
			"Id": "Param_Angle_Rotation22",
			"GroupId": "ParamGroup19",
			"Name": "[6]双马尾旋转2"
		},
		{
			"Id": "Param_Angle_Rotation23",
			"GroupId": "ParamGroup19",
			"Name": "[7]双马尾旋转2"
		},
		{
			"Id": "Param_Angle_Rotation24",
			"GroupId": "ParamGroup19",
			"Name": "[8]双马尾旋转2"
		},
		{
			"Id": "Param_Angle_Rotation29",
			"GroupId": "ParamGroup20",
			"Name": "[0]右手"
		},
		{
			"Id": "Param_Angle_Rotation30",
			"GroupId": "ParamGroup20",
			"Name": "[1]右手"
		},
		{
			"Id": "Param_Angle_Rotation31",
			"GroupId": "ParamGroup20",
			"Name": "[2]右手"
		},
		{
			"Id": "Param_Angle_Rotation32",
			"GroupId": "ParamGroup21",
			"Name": "[0]z手"
		},
		{
			"Id": "Param_Angle_Rotation33",
			"GroupId": "ParamGroup21",
			"Name": "[1]z手"
		},
		{
			"Id": "Param_Angle_Rotation34",
			"GroupId": "ParamGroup21",
			"Name": "[2]z手"
		},
		{
			"Id": "ParamParam_Angle_Rotation35",
			"GroupId": "ParamGroup21",
			"Name": "[3]z手"
		},
		{
			"Id": "Param_Angle_Rotation35",
			"GroupId": "ParamGroup22",
			"Name": "[0]外套吊坠"
		},
		{
			"Id": "Param_Angle_Rotation36",
			"GroupId": "ParamGroup22",
			"Name": "[1]外套吊坠"
		},
		{
			"Id": "Param_Angle_Rotation37",
			"GroupId": "ParamGroup22",
			"Name": "[2]外套吊坠"
		},
		{
			"Id": "Param_Angle_Rotation38",
			"GroupId": "ParamGroup22",
			"Name": "[3]外套吊坠"
		},
		{
			"Id": "Param_Angle_Rotation39",
			"GroupId": "ParamGroup22",
			"Name": "[4]外套吊坠"
		},
		{
			"Id": "Param_Angle_Rotation53",
			"GroupId": "ParamGroup23",
			"Name": "[0]mic"
		},
		{
			"Id": "Param_Angle_Rotation54",
			"GroupId": "ParamGroup23",
			"Name": "[1]mic"
		},
		{
			"Id": "clo1",
			"GroupId": "ParamGroup24",
			"Name": "clo1"
		},
		{
			"Id": "clo2",
			"GroupId": "ParamGroup24",
			"Name": "clo2"
		},
		{
			"Id": "clo3",
			"GroupId": "ParamGroup24",
			"Name": "clo3"
		},
		{
			"Id": "clo4",
			"GroupId": "ParamGroup24",
			"Name": "clo4"
		},
		{
			"Id": "clo5",
			"GroupId": "ParamGroup24",
			"Name": "clo5"
		},
		{
			"Id": "clo6",
			"GroupId": "ParamGroup24",
			"Name": "clo6"
		},
		{
			"Id": "Param9pp",
			"GroupId": "ParamGroup26",
			"Name": "右水枪Y"
		},
		{
			"Id": "Param10pp",
			"GroupId": "ParamGroup26",
			"Name": "右水枪Z"
		},
		{
			"Id": "Param11pp",
			"GroupId": "ParamGroup26",
			"Name": "左水枪X"
		},
		{
			"Id": "Param12pp",
			"GroupId": "ParamGroup26",
			"Name": "左水枪Z"
		},
		{
			"Id": "Param13pp",
			"GroupId": "ParamGroup26",
			"Name": "吃饼干"
		},
		{
			"Id": "Param14ppp",
			"GroupId": "ParamGroup26",
			"Name": "参数180"
		},
		{
			"Id": "Param15pp",
			"GroupId": "ParamGroup26",
			"Name": "参数181"
		},
		{
			"Id": "Param16pp",
			"GroupId": "ParamGroup26",
			"Name": "参数182"
		},
		{
			"Id": "Param17pp",
			"GroupId": "ParamGroup26",
			"Name": "参数183"
		},
		{
			"Id": "Param18pp",
			"GroupId": "ParamGroup26",
			"Name": "参数184"
		},
		{
			"Id": "Param19pp",
			"GroupId": "ParamGroup26",
			"Name": "参数185"
		},
		{
			"Id": "Param20pp",
			"GroupId": "ParamGroup26",
			"Name": "参数186"
		},
		{
			"Id": "Param21pp",
			"GroupId": "ParamGroup26",
			"Name": "参数187"
		},
		{
			"Id": "Param22pp",
			"GroupId": "ParamGroup26",
			"Name": "参数188"
		},
		{
			"Id": "Param23pp",
			"GroupId": "ParamGroup26",
			"Name": "参数189"
		},
		{
			"Id": "Param24pp",
			"GroupId": "ParamGroup26",
			"Name": "参数190"
		},
		{
			"Id": "Param25pp",
			"GroupId": "ParamGroup26",
			"Name": "参数191"
		},
		{
			"Id": "Param26pp",
			"GroupId": "ParamGroup26",
			"Name": "参数192"
		},
		{
			"Id": "Param27pp",
			"GroupId": "ParamGroup26",
			"Name": "参数193"
		},
		{
			"Id": "Param28pp",
			"GroupId": "ParamGroup26",
			"Name": "参数194"
		},
		{
			"Id": "Param29pp",
			"GroupId": "ParamGroup26",
			"Name": "参数195"
		},
		{
			"Id": "Param30pp",
			"GroupId": "ParamGroup26",
			"Name": "参数196"
		},
		{
			"Id": "Param31pp",
			"GroupId": "ParamGroup26",
			"Name": "参数197"
		},
		{
			"Id": "Param32pp",
			"GroupId": "ParamGroup26",
			"Name": "参数198"
		}
	],
	"ParameterGroups": [
		{
			"Id": "ParamGroup25",
			"GroupId": "",
			"Name": "手"
		},
		{
			"Id": "ParamGroup3",
			"GroupId": "",
			"Name": "眉毛"
		},
		{
			"Id": "ParamGroup2",
			"GroupId": "",
			"Name": "眼部"
		},
		{
			"Id": "ParamGroup4",
			"GroupId": "",
			"Name": "嘴"
		},
		{
			"Id": "ParamGroup",
			"GroupId": "",
			"Name": "XYZ"
		},
		{
			"Id": "ParamGroup6",
			"GroupId": "",
			"Name": "表情"
		},
		{
			"Id": "ParamGroup9",
			"GroupId": "",
			"Name": "【眼物理】"
		},
		{
			"Id": "ParamGroup8",
			"GroupId": "",
			"Name": "胸 摇动"
		},
		{
			"Id": "ParamGroup5",
			"GroupId": "",
			"Name": "头发摇动"
		},
		{
			"Id": "ParamGroup7",
			"GroupId": "",
			"Name": "服饰摇动"
		},
		{
			"Id": "ParamGroup10",
			"GroupId": "",
			"Name": "后发-3"
		},
		{
			"Id": "ParamGroup11",
			"GroupId": "",
			"Name": "后发-1"
		},
		{
			"Id": "ParamGroup12",
			"GroupId": "",
			"Name": "后发-2"
		},
		{
			"Id": "ParamGroup13",
			"GroupId": "",
			"Name": "后发-右"
		},
		{
			"Id": "ParamGroup14",
			"GroupId": "",
			"Name": "后发-左"
		},
		{
			"Id": "ParamGroup15",
			"GroupId": "",
			"Name": "后发-左"
		},
		{
			"Id": "ParamGroup16",
			"GroupId": "",
			"Name": "后发-右"
		},
		{
			"Id": "ParamGroup17",
			"GroupId": "",
			"Name": "呆毛"
		},
		{
			"Id": "ParamGroup18",
			"GroupId": "",
			"Name": "双马尾旋转2"
		},
		{
			"Id": "ParamGroup19",
			"GroupId": "",
			"Name": "双马尾旋转2"
		},
		{
			"Id": "ParamGroup20",
			"GroupId": "",
			"Name": "右手"
		},
		{
			"Id": "ParamGroup21",
			"GroupId": "",
			"Name": "右手"
		},
		{
			"Id": "ParamGroup22",
			"GroupId": "",
			"Name": "外套吊坠"
		},
		{
			"Id": "ParamGroup23",
			"GroupId": "",
			"Name": "mic"
		},
		{
			"Id": "ParamGroup24",
			"GroupId": "",
			"Name": "clo"
		},
		{
			"Id": "ParamGroup26",
			"GroupId": "",
			"Name": "新参数"
		}
	],
	"Parts": [
		{
			"Id": "Part76",
			"Name": "新增部件.psd(未找到对应图层)"
		},
		{
			"Id": "Part66",
			"Name": "新增部件.psd"
		},
		{
			"Id": "Part53",
			"Name": "麦克风"
		},
		{
			"Id": "Part54",
			"Name": "吃嘟嘟饼"
		},
		{
			"Id": "Part63",
			"Name": "组 4"
		},
		{
			"Id": "Part25",
			"Name": "mengban.psd"
		},
		{
			"Id": "Part",
			"Name": "眉毛 分层"
		},
		{
			"Id": "Part2",
			"Name": "刘海 分层"
		},
		{
			"Id": "Part62",
			"Name": "耳机 拆分.psd"
		},
		{
			"Id": "Part3",
			"Name": "脸"
		},
		{
			"Id": "Part9",
			"Name": "蝴蝶结 分层"
		},
		{
			"Id": "Part10",
			"Name": "白内衣 分层"
		},
		{
			"Id": "Part11",
			"Name": "裙子"
		},
		{
			"Id": "Part12",
			"Name": "腿 分层"
		},
		{
			"Id": "ArtMesh268_Skinning",
			"Name": "麦克风 左 外套帽子(蒙皮)"
		},
		{
			"Id": "Part15",
			"Name": "右手 分层 副本"
		},
		{
			"Id": "Part16",
			"Name": "右手 分层"
		},
		{
			"Id": "Part17",
			"Name": "外套下摆 分层"
		},
		{
			"Id": "Part20",
			"Name": "后发 分层"
		},
		{
			"Id": "Part68",
			"Name": "托下巴后"
		},
		{
			"Id": "Part67",
			"Name": "侧耳倾听后"
		},
		{
			"Id": "Part21",
			"Name": "双马尾"
		},
		{
			"Id": "Part29",
			"Name": "单个水枪.psd"
		},
		{
			"Id": "Part70",
			"Name": "表情部件"
		},
		{
			"Id": "Part44",
			"Name": "动作"
		},
		{
			"Id": "ArtMesh262_Skinning",
			"Name": "麦克风 手(蒙皮)"
		},
		{
			"Id": "ArtMesh264_Skinning",
			"Name": "麦克风 袖口 后(蒙皮)"
		},
		{
			"Id": "ArtMesh265_Skinning",
			"Name": "麦克风 左 小臂(蒙皮)"
		},
		{
			"Id": "ArtMesh266_Skinning",
			"Name": "麦克风 手掌(蒙皮)"
		},
		{
			"Id": "ArtMesh267_Skinning",
			"Name": "麦克风 袖口 后(蒙皮)"
		},
		{
			"Id": "Part55",
			"Name": "吃嘟嘟饼 右手"
		},
		{
			"Id": "Part56",
			"Name": "吃嘟嘟饼 左手"
		},
		{
			"Id": "Part58",
			"Name": "右耳机"
		},
		{
			"Id": "Part59",
			"Name": "左耳机"
		},
		{
			"Id": "Part60",
			"Name": "右耳朵"
		},
		{
			"Id": "Part61",
			"Name": "左耳朵"
		},
		{
			"Id": "Part49",
			"Name": "伤心"
		},
		{
			"Id": "Part50",
			"Name": "破防"
		},
		{
			"Id": "Part48",
			"Name": "幸福"
		},
		{
			"Id": "Part47",
			"Name": "电波系"
		},
		{
			"Id": "Part4",
			"Name": "右眼 分层"
		},
		{
			"Id": "Part6",
			"Name": "鼻子 分层"
		},
		{
			"Id": "Part8",
			"Name": "脸 分层"
		},
		{
			"Id": "Part65",
			"Name": "部件98"
		},
		{
			"Id": "ArtMesh53_Skinning",
			"Name": "驱干(蒙皮)"
		},
		{
			"Id": "Part69",
			"Name": "侧耳倾听中"
		},
		{
			"Id": "Part13",
			"Name": "左腿 分层"
		},
		{
			"Id": "Part14",
			"Name": "右腿 分层"
		},
		{
			"Id": "Part39",
			"Name": "右手 分层2"
		},
		{
			"Id": "ArtMesh71_Skinning",
			"Name": "右-帽子前(蒙皮)"
		},
		{
			"Id": "Part38",
			"Name": "外套.psd"
		},
		{
			"Id": "ArtMesh53_Skinning2",
			"Name": "右-小臂 的複製(蒙皮)"
		},
		{
			"Id": "ArtMesh96_Skinning",
			"Name": "右-手 的複製(蒙皮)"
		},
		{
			"Id": "ArtMesh97_Skinning3",
			"Name": "右-大臂(蒙皮)"
		},
		{
			"Id": "Part18",
			"Name": "挂件"
		},
		{
			"Id": "Part19",
			"Name": "外套下摆"
		},
		{
			"Id": "ArtMesh86_Skinning2",
			"Name": "后发-右(蒙皮)"
		},
		{
			"Id": "Part33",
			"Name": "后发-右(旋转)"
		},
		{
			"Id": "ArtMesh86_Skinning",
			"Name": "后发-右(蒙皮)"
		},
		{
			"Id": "Part30",
			"Name": "后发-右(旋转)"
		},
		{
			"Id": "ArtMesh87_Skinning2",
			"Name": "后发-左(蒙皮)"
		},
		{
			"Id": "Part32",
			"Name": "后发-左(旋转)"
		},
		{
			"Id": "ArtMesh87_Skinning",
			"Name": "后发-左(蒙皮)"
		},
		{
			"Id": "Part31",
			"Name": "后发-左(旋转)"
		},
		{
			"Id": "ArtMesh88_Skinning",
			"Name": "后发-1(蒙皮)"
		},
		{
			"Id": "Part27",
			"Name": "后发-1(旋转)"
		},
		{
			"Id": "ArtMesh89_Skinning",
			"Name": "后发-2(蒙皮)"
		},
		{
			"Id": "Part28",
			"Name": "后发-2(旋转)"
		},
		{
			"Id": "ArtMesh90_Skinning",
			"Name": "后发-3(蒙皮)"
		},
		{
			"Id": "Part26",
			"Name": "后发-3(旋转)"
		},
		{
			"Id": "Part34",
			"Name": "双马尾2"
		},
		{
			"Id": "Part22",
			"Name": "辫子左"
		},
		{
			"Id": "Part23",
			"Name": "辫子右"
		},
		{
			"Id": "Part71",
			"Name": "汗水"
		},
		{
			"Id": "Part51",
			"Name": "侧耳倾听"
		},
		{
			"Id": "Part57",
			"Name": "放胸前"
		},
		{
			"Id": "Part64",
			"Name": "托下巴"
		},
		{
			"Id": "Part5",
			"Name": "瞳孔 副本 3"
		},
		{
			"Id": "Part45",
			"Name": "屑"
		},
		{
			"Id": "Part41",
			"Name": "屑"
		},
		{
			"Id": "Part43",
			"Name": "幸福"
		},
		{
			"Id": "Part52",
			"Name": "破防"
		},
		{
			"Id": "Part7",
			"Name": "人物 嘴 分层"
		},
		{
			"Id": "ArtMesh96_Skinning3",
			"Name": "右-帽子前2(蒙皮)"
		},
		{
			"Id": "Part40",
			"Name": "外套.psd2"
		},
		{
			"Id": "ArtMesh53_Skinning5",
			"Name": "右-小臂 的複製(蒙皮)2"
		},
		{
			"Id": "ArtMesh96_Skinning2",
			"Name": "右-手 的複製(蒙皮)2"
		},
		{
			"Id": "ArtMesh97_Skinning4",
			"Name": "右-大臂(蒙皮)2"
		},
		{
			"Id": "ArtMesh53_Skinning3",
			"Name": "右-袖套1(蒙皮)"
		},
		{
			"Id": "ArtMesh80_Skinning",
			"Name": "挂绳2(蒙皮)"
		},
		{
			"Id": "Part35",
			"Name": "辫子左2"
		},
		{
			"Id": "Part36",
			"Name": "辫子右2"
		},
		{
			"Id": "ArtMesh97_Skinning",
			"Name": "辫子右-1(蒙皮)"
		},
		{
			"Id": "ArtMesh98_Skinning",
			"Name": "辫子右-2 (蒙皮)"
		},
		{
			"Id": "ArtMesh99_Skinning",
			"Name": "辫子右-3 (蒙皮)"
		},
		{
			"Id": "ArtMesh100_Skinning",
			"Name": "右 头发 碎发 (蒙皮)"
		},
		{
			"Id": "Part24",
			"Name": "瞳孔 副本 4"
		},
		{
			"Id": "Part37",
			"Name": "开心 瞳孔 副本"
		},
		{
			"Id": "Part46",
			"Name": "右 屑 眼"
		},
		{
			"Id": "ArtMesh53_Skinning4",
			"Name": "右-袖套1(蒙皮)2"
		},
		{
			"Id": "ArtMesh97_Skinning2",
			"Name": "辫子右-1(蒙皮)2"
		},
		{
			"Id": "ArtMesh98_Skinning2",
			"Name": "辫子右-2 (蒙皮)2"
		},
		{
			"Id": "ArtMesh99_Skinning2",
			"Name": "辫子右-3 (蒙皮)2"
		},
		{
			"Id": "ArtMesh100_Skinning2",
			"Name": "右 头发 碎发 (蒙皮)2"
		},
		{
			"Id": "Part42",
			"Name": "部件69"
		}
	],
	"CombinedParameters": [
		[
			"ParamEyeBallX",
			"ParamEyeBallY"
		]
	]
}