{
	"Version": 3,
	"Meta": {
		"Duration": 3.77,
		"Fps": 30.0,
		"Loop": true,
		"AreBeziersRestricted": false,
		"CurveCount": 298,
		"TotalSegmentCount": 967,
		"TotalPointCount": 2783,
		"UserDataCount": 0,
		"TotalUserDataSize": 0
	},
	"Curves": [
		{
			"Target": "Model",
			"Id": "Opacity",
			"Segments": [
				0,
				1,
				1,
				0.17,
				1,
				0.33,
				1,
				0.5,
				1,
				1,
				1.44,
				1,
				2.39,
				1,
				3.33,
				1,
				1,
				3.48,
				1,
				3.62,
				1,
				3.77,
				1
			]
		},
		{
			"Target": "Parameter",
			"Id": "Param2",
			"Segments": [
				0,
				-2.888,
				1,
				0.056,
				-2.579,
				0.111,
				22,
				0.167,
				22,
				1,
				0.222,
				22,
				0.278,
				-22,
				0.333,
				-22,
				1,
				0.4,
				-22,
				0.467,
				-15.64,
				0.533,
				-15.64,
				1,
				0.767,
				-15.64,
				1,
				-16.198,
				1.233,
				-16.198,
				1,
				1.467,
				-16.198,
				1.7,
				-14.705,
				1.933,
				-14.705,
				1,
				2.178,
				-14.705,
				2.422,
				-15.64,
				2.667,
				-15.64,
				1,
				2.9,
				-15.64,
				3.133,
				-15.436,
				3.367,
				-13.901,
				1,
				3.456,
				-13.316,
				3.544,
				-2,
				3.633,
				-2,
				1,
				3.678,
				-2,
				3.722,
				-2.888,
				3.767,
				-2.888
			]
		},
		{
			"Target": "Parameter",
			"Id": "Param180",
			"Segments": [
				0,
				0,
				0,
				3.767,
				0
			]
		},
		{
			"Target": "Parameter",
			"Id": "Param38",
			"Segments": [
				0,
				0,
				1,
				1.256,
				0,
				2.511,
				0,
				3.767,
				0
			]
		},
		{
			"Target": "Parameter",
			"Id": "Param129",
			"Segments": [
				0,
				0,
				1,
				1.256,
				0,
				2.511,
				0,
				3.767,
				0
			]
		},
		{
			"Target": "Parameter",
			"Id": "Param5",
			"Segments": [
				0,
				0.067,
				1,
				0.078,
				0.067,
				0.156,
				2,
				0.233,
				2,
				1,
				0.289,
				2,
				0.344,
				-2,
				0.4,
				-2,
				1,
				0.467,
				-2,
				0.533,
				-1.369,
				0.6,
				-1.369,
				1,
				0.833,
				-1.369,
				1.067,
				-2,
				1.3,
				-2,
				1,
				1.533,
				-2,
				1.767,
				-1.369,
				2,
				-1.369,
				1,
				2.244,
				-1.369,
				2.489,
				-1.896,
				2.733,
				-1.896,
				1,
				2.967,
				-1.896,
				3.2,
				-1.812,
				3.433,
				-1.206,
				1,
				3.522,
				-0.976,
				3.611,
				1,
				3.7,
				1,
				1,
				3.722,
				1,
				3.744,
				0.067,
				3.767,
				0.067
			]
		},
		{
			"Target": "Parameter",
			"Id": "Param",
			"Segments": [
				0,
				-14.398,
				1,
				0.089,
				-14.398,
				0.178,
				16,
				0.267,
				16,
				1,
				0.322,
				16,
				0.378,
				-30,
				0.433,
				-30,
				1,
				0.5,
				-30,
				0.567,
				-24.424,
				0.633,
				-24.424,
				1,
				0.867,
				-24.424,
				1.1,
				-26.005,
				1.333,
				-26.005,
				1,
				1.567,
				-26.005,
				1.8,
				-24.424,
				2.033,
				-24.424,
				1,
				2.278,
				-24.424,
				2.522,
				-25.253,
				2.767,
				-25.253,
				1,
				3,
				-25.253,
				3.233,
				-25.005,
				3.467,
				-23.248,
				1,
				3.556,
				-22.579,
				3.644,
				-13,
				3.733,
				-13,
				1,
				3.744,
				-13,
				3.756,
				-14.398,
				3.767,
				-14.398
			]
		},
		{
			"Target": "Parameter",
			"Id": "Param131",
			"Segments": [
				0,
				0,
				1,
				1.256,
				0,
				2.511,
				0,
				3.767,
				0
			]
		},
		{
			"Target": "Parameter",
			"Id": "Param50",
			"Segments": [
				0,
				-2.23,
				1,
				1.256,
				-2.23,
				2.511,
				-2.23,
				3.767,
				-2.23
			]
		},
		{
			"Target": "Parameter",
			"Id": "Param39",
			"Segments": [
				0,
				-2.607,
				1,
				0.056,
				-1.638,
				0.111,
				16,
				0.167,
				16,
				1,
				0.222,
				16,
				0.278,
				-21,
				0.333,
				-21,
				1,
				0.4,
				-21,
				0.467,
				-16.035,
				0.533,
				-16.035,
				1,
				0.767,
				-16.035,
				1,
				-16.83,
				1.233,
				-16.83,
				1,
				1.467,
				-16.83,
				1.7,
				-15.337,
				1.933,
				-15.337,
				1,
				2.178,
				-15.337,
				2.422,
				-16.035,
				2.667,
				-16.035,
				1,
				2.9,
				-16.035,
				3.133,
				-15.888,
				3.367,
				-14.684,
				1,
				3.456,
				-14.226,
				3.544,
				-1.063,
				3.633,
				-1.063,
				1,
				3.678,
				-1.063,
				3.722,
				-2.607,
				3.767,
				-2.607
			]
		},
		{
			"Target": "Parameter",
			"Id": "Param41",
			"Segments": [
				0,
				0,
				1,
				1.256,
				0,
				2.511,
				0,
				3.767,
				0
			]
		},
		{
			"Target": "Parameter",
			"Id": "Param130",
			"Segments": [
				0,
				0,
				1,
				1.256,
				0,
				2.511,
				0,
				3.767,
				0
			]
		},
		{
			"Target": "Parameter",
			"Id": "Param40",
			"Segments": [
				0,
				0.133,
				1,
				0.078,
				0.133,
				0.156,
				2,
				0.233,
				2,
				1,
				0.289,
				2,
				0.344,
				-2,
				0.4,
				-2,
				1,
				0.467,
				-2,
				0.533,
				-1.321,
				0.6,
				-1.321,
				1,
				0.833,
				-1.321,
				1.067,
				-1.926,
				1.3,
				-1.926,
				1,
				1.533,
				-1.926,
				1.767,
				-1.258,
				2,
				-1.258,
				1,
				2.244,
				-1.258,
				2.489,
				-1.843,
				2.733,
				-1.843,
				1,
				2.967,
				-1.843,
				3.2,
				-1.748,
				3.433,
				-1.123,
				1,
				3.522,
				-0.885,
				3.611,
				0.663,
				3.7,
				0.663,
				1,
				3.722,
				0.663,
				3.744,
				0.133,
				3.767,
				0.133
			]
		},
		{
			"Target": "Parameter",
			"Id": "Param49",
			"Segments": [
				0,
				-7.844,
				1,
				0.089,
				-14.471,
				0.178,
				-30,
				0.267,
				-30,
				1,
				0.322,
				-30,
				0.378,
				24,
				0.433,
				24,
				1,
				0.5,
				24,
				0.567,
				11.895,
				0.633,
				11.895,
				1,
				0.867,
				11.895,
				1.1,
				13.324,
				1.333,
				13.324,
				1,
				1.567,
				13.324,
				1.8,
				10.292,
				2.033,
				10.292,
				1,
				2.278,
				10.292,
				2.522,
				11.895,
				2.767,
				11.895,
				1,
				3,
				11.895,
				3.233,
				11.501,
				3.467,
				8.883,
				1,
				3.556,
				7.885,
				3.644,
				-10.715,
				3.733,
				-10.715,
				1,
				3.744,
				-10.715,
				3.756,
				-7.844,
				3.767,
				-7.844
			]
		},
		{
			"Target": "Parameter",
			"Id": "Param84",
			"Segments": [
				0,
				-2.23,
				1,
				1.256,
				-2.23,
				2.511,
				-2.23,
				3.767,
				-2.23
			]
		},
		{
			"Target": "Parameter",
			"Id": "Param139",
			"Segments": [
				0,
				0,
				1,
				1.256,
				0,
				2.511,
				0,
				3.767,
				0
			]
		},
		{
			"Target": "Parameter",
			"Id": "Param171",
			"Segments": [
				0,
				0,
				1,
				1.256,
				0,
				2.511,
				0,
				3.767,
				0
			]
		},
		{
			"Target": "Parameter",
			"Id": "Param170",
			"Segments": [
				0,
				0,
				1,
				1.256,
				0,
				2.511,
				0,
				3.767,
				0
			]
		},
		{
			"Target": "Parameter",
			"Id": "Param191",
			"Segments": [
				0,
				0,
				0,
				3.767,
				0
			]
		},
		{
			"Target": "Parameter",
			"Id": "ParamEyeLOpen",
			"Segments": [
				0,
				1,
				1,
				0.044,
				1,
				0.089,
				0,
				0.133,
				0,
				1,
				0.189,
				0,
				0.244,
				0.898,
				0.3,
				0.898,
				1,
				1.311,
				0.898,
				2.322,
				0.898,
				3.333,
				0.898,
				1,
				3.478,
				0.898,
				3.622,
				1,
				3.767,
				1
			]
		},
		{
			"Target": "Parameter",
			"Id": "ParamEyeLSmile",
			"Segments": [
				0,
				0,
				1,
				0.111,
				0,
				0.222,
				-0.7,
				0.333,
				-0.7,
				1,
				0.4,
				-0.7,
				0.467,
				-0.4,
				0.533,
				-0.4,
				1,
				1.478,
				-0.4,
				2.422,
				-0.482,
				3.367,
				-0.482,
				1,
				3.5,
				-0.482,
				3.633,
				0,
				3.767,
				0
			]
		},
		{
			"Target": "Parameter",
			"Id": "ParamEyeROpen",
			"Segments": [
				0,
				1,
				1,
				0.044,
				1,
				0.089,
				0,
				0.133,
				0,
				1,
				0.189,
				0,
				0.244,
				0.898,
				0.3,
				0.898,
				1,
				1.311,
				0.898,
				2.322,
				0.898,
				3.333,
				0.898,
				1,
				3.478,
				0.898,
				3.622,
				1,
				3.767,
				1
			]
		},
		{
			"Target": "Parameter",
			"Id": "ParamEyeRSmile",
			"Segments": [
				0,
				0,
				1,
				0.111,
				0,
				0.222,
				-0.7,
				0.333,
				-0.7,
				1,
				0.4,
				-0.7,
				0.467,
				-0.4,
				0.533,
				-0.4,
				1,
				1.478,
				-0.4,
				2.422,
				-0.482,
				3.367,
				-0.482,
				1,
				3.5,
				-0.482,
				3.633,
				0,
				3.767,
				0
			]
		},
		{
			"Target": "Parameter",
			"Id": "ParamEyeBallX",
			"Segments": [
				0,
				0,
				1,
				0.122,
				0,
				0.244,
				-0.2,
				0.367,
				-0.2,
				1,
				0.433,
				-0.2,
				0.5,
				-0.2,
				0.567,
				-0.2,
				1,
				1.511,
				-0.2,
				2.456,
				-0.2,
				3.4,
				-0.2,
				1,
				3.522,
				-0.2,
				3.644,
				0,
				3.767,
				0
			]
		},
		{
			"Target": "Parameter",
			"Id": "ParamEyeBallY",
			"Segments": [
				0,
				0,
				1,
				0.111,
				0,
				0.222,
				-0.765,
				0.333,
				-0.765,
				1,
				0.4,
				-0.765,
				0.467,
				-0.7,
				0.533,
				-0.7,
				1,
				1.478,
				-0.7,
				2.422,
				-0.796,
				3.367,
				-0.796,
				1,
				3.5,
				-0.796,
				3.633,
				0,
				3.767,
				0
			]
		},
		{
			"Target": "Parameter",
			"Id": "ParamBrowLY",
			"Segments": [
				0,
				0,
				1,
				0.111,
				0,
				0.222,
				-0.5,
				0.333,
				-0.5,
				1,
				0.4,
				-0.5,
				0.467,
				-0.5,
				0.533,
				-0.5,
				1,
				1.478,
				-0.5,
				2.422,
				-0.5,
				3.367,
				-0.5,
				1,
				3.5,
				-0.5,
				3.633,
				0,
				3.767,
				0
			]
		},
		{
			"Target": "Parameter",
			"Id": "ParamBrowRY",
			"Segments": [
				0,
				0,
				1,
				0.111,
				0,
				0.222,
				-0.8,
				0.333,
				-0.8,
				1,
				0.4,
				-0.8,
				0.467,
				-0.8,
				0.533,
				-0.8,
				1,
				1.478,
				-0.8,
				2.422,
				-0.8,
				3.367,
				-0.8,
				1,
				3.5,
				-0.8,
				3.633,
				0,
				3.767,
				0
			]
		},
		{
			"Target": "Parameter",
			"Id": "ParamBrowLForm",
			"Segments": [
				0,
				0,
				1,
				0.122,
				0,
				0.244,
				-1,
				0.367,
				-1,
				1,
				0.433,
				-1,
				0.5,
				-1,
				0.567,
				-1,
				1,
				1.511,
				-1,
				2.456,
				-1,
				3.4,
				-1,
				1,
				3.522,
				-1,
				3.644,
				0,
				3.767,
				0
			]
		},
		{
			"Target": "Parameter",
			"Id": "ParamBrowRForm",
			"Segments": [
				0,
				0,
				1,
				0.122,
				0,
				0.244,
				-1,
				0.367,
				-1,
				1,
				0.433,
				-1,
				0.5,
				-1,
				0.567,
				-1,
				1,
				1.511,
				-1,
				2.456,
				-1,
				3.4,
				-1,
				1,
				3.522,
				-1,
				3.644,
				0,
				3.767,
				0
			]
		},
		{
			"Target": "Parameter",
			"Id": "Param85",
			"Segments": [
				0,
				0,
				1,
				0.133,
				0,
				0.267,
				-30,
				0.4,
				-30,
				1,
				0.467,
				-30,
				0.533,
				-30,
				0.6,
				-30,
				1,
				1.544,
				-30,
				2.489,
				-30,
				3.433,
				-30,
				1,
				3.544,
				-30,
				3.656,
				0,
				3.767,
				0
			]
		},
		{
			"Target": "Parameter",
			"Id": "Param86",
			"Segments": [
				0,
				0,
				1,
				0.133,
				0,
				0.267,
				-30,
				0.4,
				-30,
				1,
				0.467,
				-30,
				0.533,
				-30,
				0.6,
				-30,
				1,
				1.544,
				-30,
				2.489,
				-30,
				3.433,
				-30,
				1,
				3.544,
				-30,
				3.656,
				0,
				3.767,
				0
			]
		},
		{
			"Target": "Parameter",
			"Id": "ParamMouthForm",
			"Segments": [
				0,
				0,
				1,
				0.111,
				0,
				0.222,
				0,
				0.333,
				0,
				1,
				1.344,
				0,
				2.356,
				-0.125,
				3.367,
				-0.125,
				1,
				3.5,
				-0.125,
				3.633,
				0,
				3.767,
				0
			]
		},
		{
			"Target": "Parameter",
			"Id": "ParamMouthOpenY",
			"Segments": [
				0,
				0,
				1,
				0.111,
				0,
				0.222,
				0,
				0.333,
				0,
				1,
				0.4,
				0,
				0.467,
				0,
				0.533,
				0,
				1,
				1.478,
				0,
				2.422,
				0,
				3.367,
				0,
				1,
				3.5,
				0,
				3.633,
				0,
				3.767,
				0
			]
		},
		{
			"Target": "Parameter",
			"Id": "Param57",
			"Segments": [
				0,
				0,
				1,
				0.111,
				0,
				0.222,
				0,
				0.333,
				0,
				1,
				0.4,
				0,
				0.467,
				0,
				0.533,
				0,
				1,
				1.478,
				0,
				2.422,
				0,
				3.367,
				0,
				1,
				3.5,
				0,
				3.633,
				0,
				3.767,
				0
			]
		},
		{
			"Target": "Parameter",
			"Id": "Param71",
			"Segments": [
				0,
				0,
				1,
				0.111,
				0,
				0.222,
				0,
				0.333,
				0,
				1,
				0.4,
				0,
				0.467,
				0,
				0.533,
				0,
				1,
				1.478,
				0,
				2.422,
				0,
				3.367,
				0,
				1,
				3.5,
				0,
				3.633,
				0,
				3.767,
				0
			]
		},
		{
			"Target": "Parameter",
			"Id": "Param78",
			"Segments": [
				0,
				0,
				1,
				0.111,
				0,
				0.222,
				1,
				0.333,
				1,
				1,
				0.4,
				1,
				0.467,
				1,
				0.533,
				1,
				1,
				1.478,
				1,
				2.422,
				1,
				3.367,
				1,
				1,
				3.5,
				1,
				3.633,
				0,
				3.767,
				0
			]
		},
		{
			"Target": "Parameter",
			"Id": "Param58",
			"Segments": [
				0,
				0,
				1,
				0.167,
				0,
				0.333,
				0,
				0.5,
				0,
				1,
				1.444,
				0,
				2.389,
				0,
				3.333,
				0,
				1,
				3.478,
				0,
				3.622,
				0,
				3.767,
				0
			]
		},
		{
			"Target": "Parameter",
			"Id": "Param67",
			"Segments": [
				0,
				0,
				1,
				0.167,
				0,
				0.333,
				0,
				0.5,
				0,
				1,
				1.444,
				0,
				2.389,
				0,
				3.333,
				0,
				1,
				3.478,
				0,
				3.622,
				0,
				3.767,
				0
			]
		},
		{
			"Target": "Parameter",
			"Id": "Param68",
			"Segments": [
				0,
				0,
				1,
				0.167,
				0,
				0.333,
				0,
				0.5,
				0,
				1,
				1.444,
				0,
				2.389,
				0,
				3.333,
				0,
				1,
				3.478,
				0,
				3.622,
				0,
				3.767,
				0
			]
		},
		{
			"Target": "Parameter",
			"Id": "Param69",
			"Segments": [
				0,
				1,
				1,
				0.167,
				1,
				0.333,
				1,
				0.5,
				1,
				1,
				1.444,
				1,
				2.389,
				1,
				3.333,
				1,
				1,
				3.478,
				1,
				3.622,
				1,
				3.767,
				1
			]
		},
		{
			"Target": "Parameter",
			"Id": "Param193",
			"Segments": [
				0,
				0,
				0,
				3.767,
				0
			]
		},
		{
			"Target": "Parameter",
			"Id": "Param197",
			"Segments": [
				0,
				0,
				0,
				3.767,
				0
			]
		},
		{
			"Target": "Parameter",
			"Id": "Param195",
			"Segments": [
				0,
				0,
				0,
				3.767,
				0
			]
		},
		{
			"Target": "Parameter",
			"Id": "Param181",
			"Segments": [
				0,
				0,
				0,
				3.767,
				0
			]
		},
		{
			"Target": "Parameter",
			"Id": "Param184",
			"Segments": [
				0,
				0,
				0,
				3.767,
				0
			]
		},
		{
			"Target": "Parameter",
			"Id": "Param182",
			"Segments": [
				0,
				0,
				0,
				3.767,
				0
			]
		},
		{
			"Target": "Parameter",
			"Id": "Param183",
			"Segments": [
				0,
				0,
				0,
				3.767,
				0
			]
		},
		{
			"Target": "Parameter",
			"Id": "Param188",
			"Segments": [
				0,
				0,
				0,
				3.767,
				0
			]
		},
		{
			"Target": "Parameter",
			"Id": "Param149",
			"Segments": [
				0,
				0,
				0,
				3.767,
				0
			]
		},
		{
			"Target": "Parameter",
			"Id": "Param172",
			"Segments": [
				0,
				1,
				1,
				1.256,
				1,
				2.511,
				1,
				3.767,
				1
			]
		},
		{
			"Target": "Parameter",
			"Id": "Param163",
			"Segments": [
				0,
				-30,
				0,
				3.767,
				-30
			]
		},
		{
			"Target": "Parameter",
			"Id": "Param164",
			"Segments": [
				0,
				-30,
				0,
				3.767,
				-30
			]
		},
		{
			"Target": "Parameter",
			"Id": "Param165",
			"Segments": [
				0,
				-30,
				0,
				3.767,
				-30
			]
		},
		{
			"Target": "Parameter",
			"Id": "Param150",
			"Segments": [
				0,
				0,
				0,
				3.767,
				0
			]
		},
		{
			"Target": "Parameter",
			"Id": "Param151",
			"Segments": [
				0,
				0,
				0,
				3.767,
				0
			]
		},
		{
			"Target": "Parameter",
			"Id": "Param159",
			"Segments": [
				0,
				1,
				0,
				3.767,
				1
			]
		},
		{
			"Target": "Parameter",
			"Id": "Param160",
			"Segments": [
				0,
				1,
				0,
				3.767,
				1
			]
		},
		{
			"Target": "Parameter",
			"Id": "Param147",
			"Segments": [
				0,
				-30,
				0,
				3.767,
				-30
			]
		},
		{
			"Target": "Parameter",
			"Id": "Param148",
			"Segments": [
				0,
				-30,
				0,
				3.767,
				-30
			]
		},
		{
			"Target": "Parameter",
			"Id": "Param146",
			"Segments": [
				0,
				0,
				0,
				3.767,
				0
			]
		},
		{
			"Target": "Parameter",
			"Id": "Param144",
			"Segments": [
				0,
				0,
				0,
				3.767,
				0
			]
		},
		{
			"Target": "Parameter",
			"Id": "Param161",
			"Segments": [
				0,
				-30,
				0,
				3.767,
				-30
			]
		},
		{
			"Target": "Parameter",
			"Id": "Param162",
			"Segments": [
				0,
				0,
				0,
				3.767,
				0
			]
		},
		{
			"Target": "Parameter",
			"Id": "Param143",
			"Segments": [
				0,
				0,
				0,
				3.767,
				0
			]
		},
		{
			"Target": "Parameter",
			"Id": "Param145",
			"Segments": [
				0,
				0,
				0,
				3.767,
				0
			]
		},
		{
			"Target": "Parameter",
			"Id": "Param152",
			"Segments": [
				0,
				-30,
				0,
				3.767,
				-30
			]
		},
		{
			"Target": "Parameter",
			"Id": "Param157",
			"Segments": [
				0,
				0,
				0,
				3.767,
				0
			]
		},
		{
			"Target": "Parameter",
			"Id": "Param158",
			"Segments": [
				0,
				-30,
				0,
				3.767,
				-30
			]
		},
		{
			"Target": "Parameter",
			"Id": "Param154",
			"Segments": [
				0,
				0,
				0,
				3.767,
				0
			]
		},
		{
			"Target": "Parameter",
			"Id": "Param153",
			"Segments": [
				0,
				-30,
				0,
				3.767,
				-30
			]
		},
		{
			"Target": "Parameter",
			"Id": "Param155",
			"Segments": [
				0,
				0,
				0,
				3.767,
				0
			]
		},
		{
			"Target": "Parameter",
			"Id": "Param156",
			"Segments": [
				0,
				-30,
				0,
				3.767,
				-30
			]
		},
		{
			"Target": "Parameter",
			"Id": "Param65",
			"Segments": [
				0,
				0,
				1,
				1.256,
				0,
				2.511,
				0,
				3.767,
				0
			]
		},
		{
			"Target": "Parameter",
			"Id": "Param141",
			"Segments": [
				0,
				0,
				1,
				0.033,
				0,
				0.067,
				0,
				0.1,
				0,
				1,
				0.122,
				0,
				0.144,
				1,
				0.167,
				1,
				1,
				1.222,
				1,
				2.278,
				1,
				3.333,
				1,
				1,
				3.4,
				1,
				3.467,
				0,
				3.533,
				0,
				1,
				3.611,
				0,
				3.689,
				0,
				3.767,
				0
			]
		},
		{
			"Target": "Parameter",
			"Id": "Param66",
			"Segments": [
				0,
				0,
				1,
				1.111,
				0,
				2.222,
				0,
				3.333,
				0,
				1,
				3.478,
				0,
				3.622,
				0,
				3.767,
				0
			]
		},
		{
			"Target": "Parameter",
			"Id": "Param142",
			"Segments": [
				0,
				0,
				1,
				0.044,
				0,
				0.089,
				0,
				0.133,
				0,
				1,
				0.2,
				0,
				0.267,
				30,
				0.333,
				30,
				1,
				0.644,
				30,
				0.956,
				28.238,
				1.267,
				28.238,
				1,
				1.522,
				28.238,
				1.778,
				30,
				2.033,
				30,
				1,
				2.3,
				30,
				2.567,
				28.238,
				2.833,
				28.238,
				1,
				3.144,
				28.238,
				3.456,
				30,
				3.767,
				30
			]
		},
		{
			"Target": "Parameter",
			"Id": "Param166",
			"Segments": [
				0,
				-22,
				1,
				0.167,
				-22,
				0.333,
				-22,
				0.5,
				-22,
				1,
				1.444,
				-22,
				2.389,
				-22,
				3.333,
				-22,
				0,
				3.767,
				-22
			]
		},
		{
			"Target": "Parameter",
			"Id": "Param61",
			"Segments": [
				0,
				0,
				1,
				0.167,
				0,
				0.333,
				0,
				0.5,
				0,
				1,
				1.444,
				0,
				2.389,
				0,
				3.333,
				0,
				1,
				3.478,
				0,
				3.622,
				0,
				3.767,
				0
			]
		},
		{
			"Target": "Parameter",
			"Id": "Param62",
			"Segments": [
				0,
				0,
				1,
				0.167,
				0,
				0.333,
				0,
				0.5,
				0,
				1,
				1.444,
				0,
				2.389,
				0,
				3.333,
				0,
				1,
				3.478,
				0,
				3.622,
				0,
				3.767,
				0
			]
		},
		{
			"Target": "Parameter",
			"Id": "Param81",
			"Segments": [
				0,
				0,
				1,
				0.167,
				0,
				0.333,
				0,
				0.5,
				0,
				1,
				1.444,
				0,
				2.389,
				0,
				3.333,
				0,
				1,
				3.478,
				0,
				3.622,
				0,
				3.767,
				0
			]
		},
		{
			"Target": "Parameter",
			"Id": "Param59",
			"Segments": [
				0,
				0,
				1,
				0.167,
				0,
				0.333,
				0,
				0.5,
				0,
				1,
				1.444,
				0,
				2.389,
				0,
				3.333,
				0,
				1,
				3.478,
				0,
				3.622,
				0,
				3.767,
				0
			]
		},
		{
			"Target": "Parameter",
			"Id": "Param60",
			"Segments": [
				0,
				0,
				1,
				0.167,
				0,
				0.333,
				0,
				0.5,
				0,
				1,
				1.444,
				0,
				2.389,
				0,
				3.333,
				0,
				1,
				3.478,
				0,
				3.622,
				0,
				3.767,
				0
			]
		},
		{
			"Target": "Parameter",
			"Id": "Param4",
			"Segments": [
				0,
				0,
				1,
				0.167,
				0,
				0.333,
				0,
				0.5,
				0,
				1,
				1.444,
				0,
				2.389,
				0,
				3.333,
				0,
				1,
				3.478,
				0,
				3.622,
				0,
				3.767,
				0
			]
		},
		{
			"Target": "Parameter",
			"Id": "Param51",
			"Segments": [
				0,
				0,
				1,
				0.167,
				0,
				0.333,
				0,
				0.5,
				0,
				1,
				1.444,
				0,
				2.389,
				0,
				3.333,
				0,
				1,
				3.478,
				0,
				3.622,
				0,
				3.767,
				0
			]
		},
		{
			"Target": "Parameter",
			"Id": "Param52",
			"Segments": [
				0,
				0,
				1,
				0.167,
				0,
				0.333,
				0,
				0.5,
				0,
				1,
				1.444,
				0,
				2.389,
				0,
				3.333,
				0,
				1,
				3.478,
				0,
				3.622,
				0,
				3.767,
				0
			]
		},
		{
			"Target": "Parameter",
			"Id": "Param53",
			"Segments": [
				0,
				0,
				1,
				0.167,
				0,
				0.333,
				0,
				0.5,
				0,
				1,
				1.444,
				0,
				2.389,
				0,
				3.333,
				0,
				1,
				3.478,
				0,
				3.622,
				0,
				3.767,
				0
			]
		},
		{
			"Target": "Parameter",
			"Id": "Param54",
			"Segments": [
				0,
				0,
				1,
				0.167,
				0,
				0.333,
				0,
				0.5,
				0,
				1,
				1.444,
				0,
				2.389,
				0,
				3.333,
				0,
				1,
				3.478,
				0,
				3.622,
				0,
				3.767,
				0
			]
		},
		{
			"Target": "Parameter",
			"Id": "Param55",
			"Segments": [
				0,
				0,
				1,
				0.167,
				0,
				0.333,
				0,
				0.5,
				0,
				1,
				1.444,
				0,
				2.389,
				0,
				3.333,
				0,
				1,
				3.478,
				0,
				3.622,
				0,
				3.767,
				0
			]
		},
		{
			"Target": "Parameter",
			"Id": "Param3",
			"Segments": [
				0,
				0,
				1,
				0.167,
				0,
				0.333,
				0,
				0.5,
				0,
				1,
				1.444,
				0,
				2.389,
				0,
				3.333,
				0,
				1,
				3.478,
				0,
				3.622,
				0,
				3.767,
				0
			]
		},
		{
			"Target": "Parameter",
			"Id": "Param79",
			"Segments": [
				0,
				0,
				1,
				0.167,
				0,
				0.333,
				0,
				0.5,
				0,
				1,
				1.444,
				0,
				2.389,
				0,
				3.333,
				0,
				1,
				3.478,
				0,
				3.622,
				0,
				3.767,
				0
			]
		},
		{
			"Target": "Parameter",
			"Id": "Param80",
			"Segments": [
				0,
				0,
				1,
				0.167,
				0,
				0.333,
				0,
				0.5,
				0,
				1,
				1.444,
				0,
				2.389,
				0,
				3.333,
				0,
				1,
				3.478,
				0,
				3.622,
				0,
				3.767,
				0
			]
		},
		{
			"Target": "Parameter",
			"Id": "Param87",
			"Segments": [
				0,
				0,
				1,
				0.167,
				0,
				0.333,
				0,
				0.5,
				0,
				1,
				1.444,
				0,
				2.389,
				0,
				3.333,
				0,
				1,
				3.478,
				0,
				3.622,
				0,
				3.767,
				0
			]
		},
		{
			"Target": "Parameter",
			"Id": "Param88",
			"Segments": [
				0,
				0,
				1,
				0.167,
				0,
				0.333,
				0,
				0.5,
				0,
				1,
				1.444,
				0,
				2.389,
				0,
				3.333,
				0,
				1,
				3.478,
				0,
				3.622,
				0,
				3.767,
				0
			]
		},
		{
			"Target": "Parameter",
			"Id": "Param132",
			"Segments": [
				0,
				0,
				1,
				0.167,
				0,
				0.333,
				0,
				0.5,
				0,
				1,
				1.444,
				0,
				2.389,
				0,
				3.333,
				0,
				1,
				3.478,
				0,
				3.622,
				0,
				3.767,
				0
			]
		},
		{
			"Target": "Parameter",
			"Id": "Param133",
			"Segments": [
				0,
				0,
				1,
				0.167,
				0,
				0.333,
				0,
				0.5,
				0,
				1,
				1.444,
				0,
				2.389,
				0,
				3.333,
				0,
				1,
				3.478,
				0,
				3.622,
				0,
				3.767,
				0
			]
		},
		{
			"Target": "Parameter",
			"Id": "Param178",
			"Segments": [
				0,
				0,
				0,
				3.767,
				0
			]
		},
		{
			"Target": "Parameter",
			"Id": "Param48",
			"Segments": [
				0,
				0,
				1,
				0.167,
				0,
				0.333,
				0,
				0.5,
				0,
				1,
				1.444,
				0,
				2.389,
				0,
				3.333,
				0,
				1,
				3.478,
				0,
				3.622,
				0,
				3.767,
				0
			]
		},
		{
			"Target": "Parameter",
			"Id": "Param63",
			"Segments": [
				0,
				0,
				1,
				0.167,
				0,
				0.333,
				0,
				0.5,
				0,
				1,
				1.444,
				0,
				2.389,
				0,
				3.333,
				0,
				1,
				3.478,
				0,
				3.622,
				0,
				3.767,
				0
			]
		},
		{
			"Target": "Parameter",
			"Id": "Param64",
			"Segments": [
				0,
				0,
				1,
				0.167,
				0,
				0.333,
				0,
				0.5,
				0,
				1,
				1.444,
				0,
				2.389,
				0,
				3.333,
				0,
				1,
				3.478,
				0,
				3.622,
				0,
				3.767,
				0
			]
		},
		{
			"Target": "Parameter",
			"Id": "Param127",
			"Segments": [
				0,
				0,
				1,
				0.167,
				0,
				0.333,
				0,
				0.5,
				0,
				1,
				1.444,
				0,
				2.389,
				0,
				3.333,
				0,
				1,
				3.478,
				0,
				3.622,
				0,
				3.767,
				0
			]
		},
		{
			"Target": "Parameter",
			"Id": "Param138",
			"Segments": [
				0,
				0,
				1,
				0.167,
				0,
				0.333,
				0,
				0.5,
				0,
				1,
				1.444,
				0,
				2.389,
				0,
				3.333,
				0,
				1,
				3.478,
				0,
				3.622,
				0,
				3.767,
				0
			]
		},
		{
			"Target": "Parameter",
			"Id": "Param125",
			"Segments": [
				0,
				0,
				1,
				0.167,
				0,
				0.333,
				0,
				0.5,
				0,
				1,
				1.444,
				0,
				2.389,
				0,
				3.333,
				0,
				1,
				3.478,
				0,
				3.622,
				0,
				3.767,
				0
			]
		},
		{
			"Target": "Parameter",
			"Id": "Param128",
			"Segments": [
				0,
				0,
				1,
				0.167,
				0,
				0.333,
				0,
				0.5,
				0,
				1,
				1.444,
				0,
				2.389,
				0,
				3.333,
				0,
				1,
				3.478,
				0,
				3.622,
				0,
				3.767,
				0
			]
		},
		{
			"Target": "Parameter",
			"Id": "Param126",
			"Segments": [
				0,
				0,
				0,
				0.5,
				0,
				0,
				3.333,
				0,
				0,
				3.767,
				0
			]
		},
		{
			"Target": "Parameter",
			"Id": "Param124",
			"Segments": [
				0,
				0,
				1,
				0.167,
				0,
				0.333,
				0,
				0.5,
				0,
				1,
				1.444,
				0,
				2.389,
				0,
				3.333,
				0,
				1,
				3.478,
				0,
				3.622,
				0,
				3.767,
				0
			]
		},
		{
			"Target": "Parameter",
			"Id": "Param179",
			"Segments": [
				0,
				0,
				0,
				3.767,
				0
			]
		},
		{
			"Target": "Parameter",
			"Id": "Param192",
			"Segments": [
				0,
				0,
				0,
				3.767,
				0
			]
		},
		{
			"Target": "Parameter",
			"Id": "Param189",
			"Segments": [
				0,
				0,
				0,
				3.767,
				0
			]
		},
		{
			"Target": "Parameter",
			"Id": "Param137",
			"Segments": [
				0,
				0,
				1,
				1.111,
				0,
				2.222,
				0,
				3.333,
				0,
				1,
				3.478,
				0,
				3.622,
				0,
				3.767,
				0
			]
		},
		{
			"Target": "Parameter",
			"Id": "Param46",
			"Segments": [
				0,
				0,
				1,
				0.167,
				0,
				0.333,
				0,
				0.5,
				0,
				1,
				1.444,
				0,
				2.389,
				0,
				3.333,
				0,
				1,
				3.478,
				0,
				3.622,
				0,
				3.767,
				0
			]
		},
		{
			"Target": "Parameter",
			"Id": "Param47",
			"Segments": [
				0,
				0,
				1,
				0.167,
				0,
				0.333,
				0,
				0.5,
				0,
				1,
				1.444,
				0,
				2.389,
				0,
				3.333,
				0,
				1,
				3.478,
				0,
				3.622,
				0,
				3.767,
				0
			]
		},
		{
			"Target": "Parameter",
			"Id": "Param196",
			"Segments": [
				0,
				0,
				0,
				3.767,
				0
			]
		},
		{
			"Target": "Parameter",
			"Id": "Param123",
			"Segments": [
				0,
				0,
				1,
				0.167,
				0,
				0.333,
				0,
				0.5,
				0,
				1,
				1.444,
				0,
				2.389,
				0,
				3.333,
				0,
				1,
				3.478,
				0,
				3.622,
				0,
				3.767,
				0
			]
		},
		{
			"Target": "Parameter",
			"Id": "Param134",
			"Segments": [
				0,
				0,
				1,
				0.167,
				0,
				0.333,
				0,
				0.5,
				0,
				1,
				1.444,
				0,
				2.389,
				0,
				3.333,
				0,
				1,
				3.478,
				0,
				3.622,
				0,
				3.767,
				0
			]
		},
		{
			"Target": "Parameter",
			"Id": "Param135",
			"Segments": [
				0,
				0,
				1,
				0.167,
				0,
				0.333,
				0,
				0.5,
				0,
				1,
				1.444,
				0,
				2.389,
				0,
				3.333,
				0,
				1,
				3.478,
				0,
				3.622,
				0,
				3.767,
				0
			]
		},
		{
			"Target": "Parameter",
			"Id": "Param136",
			"Segments": [
				0,
				0,
				1,
				0.167,
				0,
				0.333,
				0,
				0.5,
				0,
				1,
				1.444,
				0,
				2.389,
				0,
				3.333,
				0,
				1,
				3.478,
				0,
				3.622,
				0,
				3.767,
				0
			]
		},
		{
			"Target": "Parameter",
			"Id": "Param_Angle_Rotation5",
			"Segments": [
				0,
				-3.15,
				1,
				0.044,
				-3.15,
				0.089,
				-5,
				0.133,
				-5,
				1,
				0.189,
				-5,
				0.244,
				4.31,
				0.3,
				4.31,
				1,
				0.444,
				4.31,
				0.589,
				-5.088,
				0.733,
				-5.088,
				1,
				0.889,
				-5.088,
				1.044,
				-0.843,
				1.2,
				-0.843,
				1,
				1.433,
				-0.843,
				1.667,
				-5.056,
				1.9,
				-5.056,
				1,
				2.144,
				-5.056,
				2.389,
				-0.784,
				2.633,
				-0.784,
				1,
				2.856,
				-0.784,
				3.078,
				-5.056,
				3.3,
				-5.056,
				1,
				3.456,
				-5.056,
				3.611,
				-3.15,
				3.767,
				-3.15
			]
		},
		{
			"Target": "Parameter",
			"Id": "Param_Angle_Rotation6",
			"Segments": [
				0,
				0.259,
				1,
				0.056,
				0.259,
				0.111,
				-2,
				0.167,
				-2,
				1,
				0.222,
				-2,
				0.278,
				7.264,
				0.333,
				7.264,
				1,
				0.478,
				7.264,
				0.622,
				-3.087,
				0.767,
				-3.087,
				1,
				0.922,
				-3.087,
				1.078,
				1.959,
				1.233,
				1.959,
				1,
				1.467,
				1.959,
				1.7,
				-3.087,
				1.933,
				-3.087,
				1,
				2.178,
				-3.087,
				2.422,
				1.959,
				2.667,
				1.959,
				1,
				2.889,
				1.959,
				3.111,
				-3.087,
				3.333,
				-3.087,
				1,
				3.478,
				-3.087,
				3.622,
				0.259,
				3.767,
				0.259
			]
		},
		{
			"Target": "Parameter",
			"Id": "Param_Angle_Rotation7",
			"Segments": [
				0,
				1.362,
				1,
				0.078,
				1.362,
				0.156,
				0,
				0.233,
				0,
				1,
				0.289,
				0,
				0.344,
				8.879,
				0.4,
				8.879,
				1,
				0.544,
				8.879,
				0.689,
				3.289,
				0.833,
				3.289,
				1,
				0.989,
				3.289,
				1.144,
				7.958,
				1.3,
				7.958,
				1,
				1.533,
				7.958,
				1.767,
				3.289,
				2,
				3.289,
				1,
				2.244,
				3.289,
				2.489,
				7.958,
				2.733,
				7.958,
				1,
				2.956,
				7.958,
				3.178,
				6.071,
				3.4,
				3.289,
				1,
				3.522,
				1.759,
				3.644,
				1.362,
				3.767,
				1.362
			]
		},
		{
			"Target": "Parameter",
			"Id": "Param_Angle_Rotation8",
			"Segments": [
				0,
				5.224,
				1,
				0.1,
				5.224,
				0.2,
				2,
				0.3,
				2,
				1,
				0.356,
				2,
				0.411,
				11.879,
				0.467,
				11.879,
				1,
				0.611,
				11.879,
				0.756,
				5.289,
				0.9,
				5.289,
				1,
				1.056,
				5.289,
				1.211,
				10.55,
				1.367,
				10.55,
				1,
				1.6,
				10.55,
				1.833,
				5.289,
				2.067,
				5.289,
				1,
				2.311,
				5.289,
				2.556,
				10.55,
				2.8,
				10.55,
				1,
				3.022,
				10.55,
				3.244,
				5.581,
				3.467,
				5.289,
				1,
				3.567,
				5.158,
				3.667,
				5.224,
				3.767,
				5.224
			]
		},
		{
			"Target": "Parameter",
			"Id": "Param8",
			"Segments": [
				0,
				8.006,
				1,
				0.122,
				6.686,
				0.244,
				5,
				0.367,
				5,
				1,
				0.422,
				5,
				0.478,
				14.879,
				0.533,
				14.879,
				1,
				0.678,
				14.879,
				0.822,
				9.289,
				0.967,
				9.289,
				1,
				1.122,
				9.289,
				1.278,
				13.594,
				1.433,
				13.594,
				1,
				1.667,
				13.594,
				1.9,
				9.289,
				2.133,
				9.289,
				1,
				2.378,
				9.289,
				2.622,
				13.594,
				2.867,
				13.594,
				1,
				3.089,
				13.594,
				3.311,
				12.035,
				3.533,
				9.289,
				1,
				3.611,
				8.328,
				3.689,
				8.006,
				3.767,
				8.006
			]
		},
		{
			"Target": "Parameter",
			"Id": "Param10",
			"Segments": [
				0,
				1.701,
				1,
				0.078,
				1.701,
				0.156,
				-1,
				0.233,
				-1,
				1,
				0.289,
				-1,
				0.344,
				9.068,
				0.4,
				9.068,
				1,
				0.578,
				9.068,
				0.756,
				1.293,
				0.933,
				1.293,
				1,
				1.089,
				1.293,
				1.244,
				5.87,
				1.4,
				5.87,
				1,
				1.622,
				5.87,
				1.844,
				1.293,
				2.067,
				1.293,
				1,
				2.3,
				1.293,
				2.533,
				5.87,
				2.767,
				5.87,
				1,
				2.978,
				5.87,
				3.189,
				1.293,
				3.4,
				1.293,
				1,
				3.522,
				1.293,
				3.644,
				1.701,
				3.767,
				1.701
			]
		},
		{
			"Target": "Parameter",
			"Id": "Param11",
			"Segments": [
				0,
				-1.443,
				1,
				0.089,
				-1.443,
				0.178,
				-3,
				0.267,
				-3,
				1,
				0.322,
				-3,
				0.378,
				7.068,
				0.433,
				7.068,
				1,
				0.611,
				7.068,
				0.789,
				0.63,
				0.967,
				0.63,
				1,
				1.122,
				0.63,
				1.278,
				5.548,
				1.433,
				5.548,
				1,
				1.656,
				5.548,
				1.878,
				0.329,
				2.1,
				0.329,
				1,
				2.333,
				0.329,
				2.567,
				4.791,
				2.8,
				4.791,
				1,
				3.011,
				4.791,
				3.222,
				3.001,
				3.433,
				0.329,
				1,
				3.544,
				-1.078,
				3.656,
				-1.443,
				3.767,
				-1.443
			]
		},
		{
			"Target": "Parameter",
			"Id": "Param12",
			"Segments": [
				0,
				-3.121,
				1,
				0.111,
				-3.228,
				0.222,
				-6,
				0.333,
				-6,
				1,
				0.389,
				-6,
				0.444,
				5.068,
				0.5,
				5.068,
				1,
				0.678,
				5.068,
				0.856,
				-0.311,
				1.033,
				-0.311,
				1,
				1.189,
				-0.311,
				1.344,
				3.613,
				1.5,
				3.613,
				1,
				1.722,
				3.613,
				1.944,
				-0.311,
				2.167,
				-0.311,
				1,
				2.4,
				-0.311,
				2.633,
				3.613,
				2.867,
				3.613,
				1,
				3.078,
				3.613,
				3.289,
				2.659,
				3.5,
				-0.311,
				1,
				3.589,
				-1.562,
				3.678,
				-3.121,
				3.767,
				-3.121
			]
		},
		{
			"Target": "Parameter",
			"Id": "Param13",
			"Segments": [
				0,
				-9.832,
				1,
				0.133,
				-9.832,
				0.267,
				-12,
				0.4,
				-12,
				1,
				0.456,
				-12,
				0.511,
				2.183,
				0.567,
				2.183,
				1,
				0.744,
				2.183,
				0.922,
				-7.807,
				1.1,
				-7.807,
				1,
				1.256,
				-7.807,
				1.411,
				-2.846,
				1.567,
				-2.846,
				1,
				1.789,
				-2.846,
				2.011,
				-7.807,
				2.233,
				-7.807,
				1,
				2.467,
				-7.807,
				2.7,
				-2.846,
				2.933,
				-2.846,
				1,
				3.144,
				-2.846,
				3.356,
				-4.313,
				3.567,
				-7.807,
				1,
				3.633,
				-8.911,
				3.7,
				-9.832,
				3.767,
				-9.832
			]
		},
		{
			"Target": "Parameter",
			"Id": "Param14",
			"Segments": [
				0,
				17.992,
				1,
				0.156,
				17.992,
				0.311,
				12,
				0.467,
				12,
				1,
				0.522,
				12,
				0.578,
				24,
				0.633,
				24,
				1,
				0.811,
				24,
				0.989,
				18.283,
				1.167,
				18.283,
				1,
				1.322,
				18.283,
				1.478,
				24.111,
				1.633,
				24.111,
				1,
				1.856,
				24.111,
				2.078,
				18.283,
				2.3,
				18.283,
				1,
				2.533,
				18.283,
				2.767,
				24.111,
				3,
				24.111,
				1,
				3.211,
				24.111,
				3.422,
				20.739,
				3.633,
				18.283,
				1,
				3.678,
				17.766,
				3.722,
				17.992,
				3.767,
				17.992
			]
		},
		{
			"Target": "Parameter",
			"Id": "Param6",
			"Segments": [
				0,
				7.81,
				1,
				0.067,
				6.628,
				0.133,
				-8,
				0.2,
				-8,
				1,
				0.256,
				-8,
				0.311,
				11,
				0.367,
				11,
				1,
				0.511,
				11,
				0.656,
				-4,
				0.8,
				-4,
				1,
				0.956,
				-4,
				1.111,
				10.525,
				1.267,
				10.525,
				1,
				1.5,
				10.525,
				1.733,
				-2.185,
				1.967,
				-2.185,
				1,
				2.211,
				-2.185,
				2.456,
				8.953,
				2.7,
				8.953,
				1,
				2.922,
				8.953,
				3.144,
				-0.07,
				3.367,
				-0.07,
				1,
				3.5,
				-0.07,
				3.633,
				7.81,
				3.767,
				7.81
			]
		},
		{
			"Target": "Parameter",
			"Id": "Param7",
			"Segments": [
				0,
				-1.584,
				1,
				0.1,
				-5.829,
				0.2,
				-16,
				0.3,
				-16,
				1,
				0.356,
				-16,
				0.411,
				6,
				0.467,
				6,
				1,
				0.611,
				6,
				0.756,
				-7.543,
				0.9,
				-7.543,
				1,
				1.056,
				-7.543,
				1.211,
				2.915,
				1.367,
				2.915,
				1,
				1.6,
				2.915,
				1.833,
				-6.415,
				2.067,
				-6.415,
				1,
				2.311,
				-6.415,
				2.556,
				1.903,
				2.8,
				1.903,
				1,
				3.022,
				1.903,
				3.244,
				-5.675,
				3.467,
				-5.675,
				1,
				3.567,
				-5.675,
				3.667,
				-1.584,
				3.767,
				-1.584
			]
		},
		{
			"Target": "Parameter",
			"Id": "Param15",
			"Segments": [
				0,
				0.597,
				1,
				0.056,
				0.597,
				0.111,
				-1.321,
				0.167,
				-1.321,
				1,
				0.244,
				-1.321,
				0.322,
				8,
				0.4,
				8,
				1,
				0.544,
				8,
				0.689,
				2.792,
				0.833,
				2.792,
				1,
				1,
				2.792,
				1.167,
				6,
				1.333,
				6,
				1,
				1.556,
				6,
				1.778,
				2.792,
				2,
				2.792,
				1,
				2.256,
				2.792,
				2.511,
				6,
				2.767,
				6,
				1,
				2.978,
				6,
				3.189,
				5.058,
				3.4,
				2.792,
				1,
				3.522,
				1.481,
				3.644,
				0.597,
				3.767,
				0.597
			]
		},
		{
			"Target": "Parameter",
			"Id": "Param16",
			"Segments": [
				0,
				-4.877,
				1,
				0.078,
				-4.877,
				0.156,
				-8,
				0.233,
				-8,
				1,
				0.311,
				-8,
				0.389,
				9,
				0.467,
				9,
				1,
				0.611,
				9,
				0.756,
				-0.24,
				0.9,
				-0.24,
				1,
				1.067,
				-0.24,
				1.233,
				3.753,
				1.4,
				3.753,
				1,
				1.622,
				3.753,
				1.844,
				-0.24,
				2.067,
				-0.24,
				1,
				2.322,
				-0.24,
				2.578,
				3.753,
				2.833,
				3.753,
				1,
				3.044,
				3.753,
				3.256,
				3.014,
				3.467,
				-0.24,
				1,
				3.567,
				-1.782,
				3.667,
				-4.877,
				3.767,
				-4.877
			]
		},
		{
			"Target": "Parameter",
			"Id": "Param17",
			"Segments": [
				0,
				-0.898,
				1,
				0.044,
				-0.898,
				0.089,
				-3.783,
				0.133,
				-3.783,
				1,
				0.211,
				-3.783,
				0.289,
				7.206,
				0.367,
				7.206,
				1,
				0.511,
				7.206,
				0.656,
				1.124,
				0.8,
				1.124,
				1,
				0.967,
				1.124,
				1.133,
				5,
				1.3,
				5,
				1,
				1.522,
				5,
				1.744,
				1.124,
				1.967,
				1.124,
				1,
				2.222,
				1.124,
				2.478,
				5,
				2.733,
				5,
				1,
				2.944,
				5,
				3.156,
				3.512,
				3.367,
				1.124,
				1,
				3.5,
				-0.384,
				3.633,
				-0.898,
				3.767,
				-0.898
			]
		},
		{
			"Target": "Parameter",
			"Id": "Param18",
			"Segments": [
				0,
				-6.337,
				1,
				0.067,
				-6.337,
				0.133,
				-10,
				0.2,
				-10,
				1,
				0.278,
				-10,
				0.356,
				11,
				0.433,
				11,
				1,
				0.578,
				11,
				0.722,
				-0.901,
				0.867,
				-0.901,
				1,
				1.033,
				-0.901,
				1.2,
				2.402,
				1.367,
				2.402,
				1,
				1.589,
				2.402,
				1.811,
				-0.901,
				2.033,
				-0.901,
				1,
				2.289,
				-0.901,
				2.544,
				2.402,
				2.8,
				2.402,
				1,
				3.011,
				2.402,
				3.222,
				1.936,
				3.433,
				-0.901,
				1,
				3.544,
				-2.394,
				3.656,
				-6.337,
				3.767,
				-6.337
			]
		},
		{
			"Target": "Parameter",
			"Id": "Param19",
			"Segments": [
				0,
				-1.778,
				1,
				0.067,
				-1.778,
				0.133,
				-6.756,
				0.2,
				-6.756,
				1,
				0.278,
				-6.756,
				0.356,
				9,
				0.433,
				9,
				1,
				0.578,
				9,
				0.722,
				-0.811,
				0.867,
				-0.811,
				1,
				1.033,
				-0.811,
				1.2,
				4.384,
				1.367,
				4.384,
				1,
				1.589,
				4.384,
				1.811,
				-0.811,
				2.033,
				-0.811,
				1,
				2.289,
				-0.811,
				2.544,
				4.384,
				2.8,
				4.384,
				1,
				3.011,
				4.384,
				3.222,
				1.296,
				3.433,
				-0.811,
				1,
				3.544,
				-1.92,
				3.656,
				-1.778,
				3.767,
				-1.778
			]
		},
		{
			"Target": "Parameter",
			"Id": "Param20",
			"Segments": [
				0,
				-7.029,
				1,
				0.089,
				-7.029,
				0.178,
				-11,
				0.267,
				-11,
				1,
				0.344,
				-11,
				0.422,
				12,
				0.5,
				12,
				1,
				0.644,
				12,
				0.789,
				-1.171,
				0.933,
				-1.171,
				1,
				1.1,
				-1.171,
				1.267,
				0.961,
				1.433,
				0.961,
				1,
				1.656,
				0.961,
				1.878,
				-1.171,
				2.1,
				-1.171,
				1,
				2.356,
				-1.171,
				2.611,
				0.961,
				2.867,
				0.961,
				1,
				3.078,
				0.961,
				3.289,
				0.693,
				3.5,
				-1.171,
				1,
				3.589,
				-1.956,
				3.678,
				-7.029,
				3.767,
				-7.029
			]
		},
		{
			"Target": "Parameter",
			"Id": "Param21",
			"Segments": [
				0,
				-2.647,
				1,
				0.044,
				-2.647,
				0.089,
				-7,
				0.133,
				-7,
				1,
				0.211,
				-7,
				0.289,
				16.753,
				0.367,
				16.753,
				1,
				0.511,
				16.753,
				0.656,
				4.097,
				0.8,
				4.097,
				1,
				0.967,
				4.097,
				1.133,
				7.264,
				1.3,
				7.264,
				1,
				1.522,
				7.264,
				1.744,
				4.097,
				1.967,
				4.097,
				1,
				2.222,
				4.097,
				2.478,
				7.264,
				2.733,
				7.264,
				1,
				2.944,
				7.264,
				3.156,
				6.277,
				3.367,
				2.521,
				1,
				3.5,
				0.148,
				3.633,
				-2.647,
				3.767,
				-2.647
			]
		},
		{
			"Target": "Parameter",
			"Id": "Param22",
			"Segments": [
				0,
				-7.397,
				1,
				0.056,
				-7.397,
				0.111,
				-11.883,
				0.167,
				-11.883,
				1,
				0.244,
				-11.883,
				0.322,
				10.149,
				0.4,
				10.149,
				1,
				0.544,
				10.149,
				0.689,
				5.598,
				0.833,
				5.598,
				1,
				1,
				5.598,
				1.167,
				14.91,
				1.333,
				14.91,
				1,
				1.556,
				14.91,
				1.778,
				5.598,
				2,
				5.598,
				1,
				2.256,
				5.598,
				2.511,
				14.91,
				2.767,
				14.91,
				1,
				2.978,
				14.91,
				3.189,
				13.337,
				3.4,
				5.598,
				1,
				3.522,
				1.119,
				3.644,
				-7.397,
				3.767,
				-7.397
			]
		},
		{
			"Target": "Parameter",
			"Id": "Param23",
			"Segments": [
				0,
				-4.647,
				1,
				0.056,
				-4.647,
				0.111,
				-9.092,
				0.167,
				-9.092,
				1,
				0.244,
				-9.092,
				0.322,
				4.196,
				0.4,
				4.196,
				1,
				0.544,
				4.196,
				0.689,
				-1.085,
				0.833,
				-1.085,
				1,
				1,
				-1.085,
				1.167,
				3.137,
				1.333,
				3.137,
				1,
				1.556,
				3.137,
				1.778,
				-1.085,
				2,
				-1.085,
				1,
				2.256,
				-1.085,
				2.511,
				3.137,
				2.767,
				3.137,
				1,
				2.978,
				3.137,
				3.189,
				1.44,
				3.4,
				-1.845,
				1,
				3.522,
				-3.748,
				3.644,
				-4.647,
				3.767,
				-4.647
			]
		},
		{
			"Target": "Parameter",
			"Id": "Param24",
			"Segments": [
				0,
				-13.284,
				1,
				0.067,
				-13.284,
				0.133,
				-17.726,
				0.2,
				-17.726,
				1,
				0.278,
				-17.726,
				0.356,
				0.96,
				0.433,
				0.96,
				1,
				0.578,
				0.96,
				0.722,
				-6.509,
				0.867,
				-6.509,
				1,
				1.033,
				-6.509,
				1.2,
				1.519,
				1.367,
				1.519,
				1,
				1.589,
				1.519,
				1.811,
				-6.509,
				2.033,
				-6.509,
				1,
				2.289,
				-6.509,
				2.544,
				1.519,
				2.8,
				1.519,
				1,
				3.011,
				1.519,
				3.222,
				-1.039,
				3.433,
				-7.427,
				1,
				3.544,
				-10.789,
				3.656,
				-13.284,
				3.767,
				-13.284
			]
		},
		{
			"Target": "Parameter",
			"Id": "Param25",
			"Segments": [
				0,
				-20.52,
				1,
				0.056,
				-20.52,
				0.111,
				-24.026,
				0.167,
				-24.026,
				1,
				0.222,
				-24.026,
				0.278,
				-7.667,
				0.333,
				-7.667,
				1,
				0.478,
				-7.667,
				0.622,
				-24.887,
				0.767,
				-24.887,
				1,
				0.922,
				-24.887,
				1.078,
				-17.58,
				1.233,
				-17.58,
				1,
				1.467,
				-17.58,
				1.7,
				-24.887,
				1.933,
				-24.887,
				1,
				2.178,
				-24.887,
				2.422,
				-17.58,
				2.667,
				-17.58,
				1,
				2.889,
				-17.58,
				3.111,
				-24.887,
				3.333,
				-24.887,
				1,
				3.478,
				-24.887,
				3.622,
				-20.52,
				3.767,
				-20.52
			]
		},
		{
			"Target": "Parameter",
			"Id": "Param31",
			"Segments": [
				0,
				-17.787,
				1,
				0.078,
				-19.926,
				0.156,
				-21,
				0.233,
				-21,
				1,
				0.289,
				-21,
				0.344,
				-2.938,
				0.4,
				-2.938,
				1,
				0.544,
				-2.938,
				0.689,
				-19.369,
				0.833,
				-19.369,
				1,
				0.989,
				-19.369,
				1.144,
				-14.044,
				1.3,
				-14.044,
				1,
				1.533,
				-14.044,
				1.767,
				-19.369,
				2,
				-19.369,
				1,
				2.244,
				-19.369,
				2.489,
				-14.044,
				2.733,
				-14.044,
				1,
				2.956,
				-14.044,
				3.178,
				-19.369,
				3.4,
				-19.369,
				1,
				3.522,
				-19.369,
				3.644,
				-17.787,
				3.767,
				-17.787
			]
		},
		{
			"Target": "Parameter",
			"Id": "Param26",
			"Segments": [
				0,
				15.684,
				1,
				0.067,
				13.882,
				0.133,
				0.842,
				0.2,
				0.842,
				1,
				0.256,
				0.842,
				0.311,
				30,
				0.367,
				30,
				1,
				0.511,
				30,
				0.656,
				11.837,
				0.8,
				11.837,
				1,
				0.956,
				11.837,
				1.111,
				19,
				1.267,
				19,
				1,
				1.5,
				19,
				1.733,
				11.837,
				1.967,
				11.837,
				1,
				2.211,
				11.837,
				2.456,
				19,
				2.7,
				19,
				1,
				2.922,
				19,
				3.144,
				11.837,
				3.367,
				11.837,
				1,
				3.5,
				11.837,
				3.633,
				15.684,
				3.767,
				15.684
			]
		},
		{
			"Target": "Parameter",
			"Id": "Param32",
			"Segments": [
				0,
				11.179,
				1,
				0.089,
				11.179,
				0.178,
				-2,
				0.267,
				-2,
				1,
				0.322,
				-2,
				0.378,
				22.213,
				0.433,
				22.213,
				1,
				0.578,
				22.213,
				0.722,
				4.864,
				0.867,
				4.864,
				1,
				1.022,
				4.864,
				1.178,
				14,
				1.333,
				14,
				1,
				1.567,
				14,
				1.8,
				4.864,
				2.033,
				4.864,
				1,
				2.278,
				4.864,
				2.522,
				14,
				2.767,
				14,
				1,
				2.989,
				14,
				3.211,
				4.864,
				3.433,
				4.864,
				1,
				3.544,
				4.864,
				3.656,
				11.179,
				3.767,
				11.179
			]
		},
		{
			"Target": "Parameter",
			"Id": "Param27",
			"Segments": [
				0,
				-7.945,
				1,
				0.056,
				-10.084,
				0.111,
				-17.53,
				0.167,
				-17.53,
				1,
				0.222,
				-17.53,
				0.278,
				5.876,
				0.333,
				5.876,
				1,
				0.478,
				5.876,
				0.622,
				-11,
				0.767,
				-11,
				1,
				0.922,
				-11,
				1.078,
				-5.302,
				1.233,
				-5.302,
				1,
				1.467,
				-5.302,
				1.7,
				-11,
				1.933,
				-11,
				1,
				2.178,
				-11,
				2.422,
				-5.302,
				2.667,
				-5.302,
				1,
				2.889,
				-5.302,
				3.111,
				-11,
				3.333,
				-11,
				1,
				3.478,
				-11,
				3.622,
				-7.945,
				3.767,
				-7.945
			]
		},
		{
			"Target": "Parameter",
			"Id": "Param29",
			"Segments": [
				0,
				1.942,
				1,
				0.078,
				-3.12,
				0.156,
				-9.828,
				0.233,
				-9.828,
				1,
				0.289,
				-9.828,
				0.344,
				18.057,
				0.4,
				18.057,
				1,
				0.544,
				18.057,
				0.689,
				-2.403,
				0.833,
				-2.403,
				1,
				0.989,
				-2.403,
				1.144,
				6,
				1.3,
				6,
				1,
				1.533,
				6,
				1.767,
				-2.403,
				2,
				-2.403,
				1,
				2.244,
				-2.403,
				2.489,
				6,
				2.733,
				6,
				1,
				2.956,
				6,
				3.178,
				-2.403,
				3.4,
				-2.403,
				1,
				3.522,
				-2.403,
				3.644,
				1.942,
				3.767,
				1.942
			]
		},
		{
			"Target": "Parameter",
			"Id": "Param28",
			"Segments": [
				0,
				10.922,
				1,
				0.067,
				10.922,
				0.133,
				-3.851,
				0.2,
				-3.851,
				1,
				0.256,
				-3.851,
				0.311,
				26.369,
				0.367,
				26.369,
				1,
				0.511,
				26.369,
				0.656,
				7.325,
				0.8,
				7.325,
				1,
				0.956,
				7.325,
				1.111,
				15,
				1.267,
				15,
				1,
				1.5,
				15,
				1.733,
				7.325,
				1.967,
				7.325,
				1,
				2.211,
				7.325,
				2.456,
				15,
				2.7,
				15,
				1,
				2.922,
				15,
				3.144,
				7.325,
				3.367,
				7.325,
				1,
				3.5,
				7.325,
				3.633,
				10.922,
				3.767,
				10.922
			]
		},
		{
			"Target": "Parameter",
			"Id": "Param30",
			"Segments": [
				0,
				-1.141,
				1,
				0.089,
				-1.141,
				0.178,
				-8.046,
				0.267,
				-8.046,
				1,
				0.322,
				-8.046,
				0.378,
				13.256,
				0.433,
				13.256,
				1,
				0.578,
				13.256,
				0.722,
				-4.747,
				0.867,
				-4.747,
				1,
				1.022,
				-4.747,
				1.178,
				3,
				1.333,
				3,
				1,
				1.567,
				3,
				1.8,
				-4.747,
				2.033,
				-4.747,
				1,
				2.278,
				-4.747,
				2.522,
				3,
				2.767,
				3,
				1,
				2.989,
				3,
				3.211,
				-4.747,
				3.433,
				-4.747,
				1,
				3.544,
				-4.747,
				3.656,
				-1.141,
				3.767,
				-1.141
			]
		},
		{
			"Target": "Parameter",
			"Id": "Param42",
			"Segments": [
				0,
				-10.929,
				1,
				0.078,
				-14.632,
				0.156,
				-18,
				0.233,
				-18,
				1,
				0.289,
				-18,
				0.344,
				20,
				0.4,
				20,
				1,
				0.544,
				20,
				0.689,
				-14,
				0.833,
				-14,
				1,
				0.989,
				-14,
				1.144,
				9,
				1.3,
				9,
				1,
				1.533,
				9,
				1.767,
				-14,
				2,
				-14,
				1,
				2.244,
				-14,
				2.489,
				9,
				2.733,
				9,
				1,
				2.956,
				9,
				3.178,
				-14,
				3.4,
				-14,
				1,
				3.522,
				-14,
				3.644,
				-10.929,
				3.767,
				-10.929
			]
		},
		{
			"Target": "Parameter",
			"Id": "Param43",
			"Segments": [
				0,
				0,
				1,
				1.256,
				0,
				2.511,
				0,
				3.767,
				0
			]
		},
		{
			"Target": "Parameter",
			"Id": "Param44",
			"Segments": [
				0,
				-10.929,
				1,
				0.089,
				-10.929,
				0.178,
				15,
				0.267,
				15,
				1,
				0.322,
				15,
				0.378,
				-20,
				0.433,
				-20,
				1,
				0.578,
				-20,
				0.722,
				15,
				0.867,
				15,
				1,
				1.022,
				15,
				1.178,
				-13,
				1.333,
				-13,
				1,
				1.567,
				-13,
				1.8,
				15,
				2.033,
				15,
				1,
				2.278,
				15,
				2.522,
				-13,
				2.767,
				-13,
				1,
				2.989,
				-13,
				3.211,
				15,
				3.433,
				15,
				1,
				3.544,
				15,
				3.656,
				-10.929,
				3.767,
				-10.929
			]
		},
		{
			"Target": "Parameter",
			"Id": "Param45",
			"Segments": [
				0,
				0,
				1,
				1.256,
				0,
				2.511,
				0,
				3.767,
				0
			]
		},
		{
			"Target": "Parameter",
			"Id": "Param167",
			"Segments": [
				0,
				0,
				1,
				0.044,
				0,
				0.089,
				-4.069,
				0.133,
				-4.069,
				1,
				0.211,
				-4.069,
				0.289,
				1.166,
				0.367,
				1.166,
				1,
				0.378,
				1.166,
				0.389,
				1.051,
				0.4,
				1.051,
				1,
				0.433,
				1.051,
				0.467,
				1.296,
				0.5,
				1.296,
				1,
				0.678,
				1.296,
				0.856,
				-0.31,
				1.033,
				-0.31,
				1,
				1.189,
				-0.31,
				1.344,
				0.58,
				1.5,
				0.58,
				1,
				1.6,
				0.58,
				1.7,
				-4.659,
				1.8,
				-4.659,
				1,
				1.878,
				-4.659,
				1.956,
				-1.169,
				2.033,
				-1.169,
				1,
				2.311,
				-1.169,
				2.589,
				-4.04,
				2.867,
				-4.04,
				1,
				2.922,
				-4.04,
				2.978,
				1.005,
				3.033,
				1.005,
				1,
				3.211,
				1.005,
				3.389,
				-8.634,
				3.567,
				-8.634,
				1,
				3.6,
				-8.634,
				3.633,
				-8.34,
				3.667,
				-8.34,
				1,
				3.7,
				-8.34,
				3.733,
				-9.5,
				3.767,
				-10.825
			]
		},
		{
			"Target": "Parameter",
			"Id": "Param194",
			"Segments": [
				0,
				0,
				0,
				3.767,
				0
			]
		},
		{
			"Target": "Parameter",
			"Id": "Param190",
			"Segments": [
				0,
				0,
				0,
				3.767,
				0
			]
		},
		{
			"Target": "Parameter",
			"Id": "Param185",
			"Segments": [
				0,
				0,
				0,
				3.767,
				0
			]
		},
		{
			"Target": "Parameter",
			"Id": "Param186",
			"Segments": [
				0,
				0,
				0,
				3.767,
				0
			]
		},
		{
			"Target": "Parameter",
			"Id": "Param187",
			"Segments": [
				0,
				0,
				0,
				3.767,
				0
			]
		},
		{
			"Target": "Parameter",
			"Id": "fajiafaguang",
			"Segments": [
				0,
				0,
				1,
				0.167,
				0,
				0.333,
				0,
				0.5,
				0,
				1,
				1.444,
				0,
				2.389,
				0,
				3.333,
				0,
				1,
				3.478,
				0,
				3.622,
				0,
				3.767,
				0
			]
		},
		{
			"Target": "Parameter",
			"Id": "Param70",
			"Segments": [
				0,
				0,
				1,
				0.167,
				0,
				0.333,
				0,
				0.5,
				0,
				1,
				1.444,
				0,
				2.389,
				0,
				3.333,
				0,
				1,
				3.478,
				0,
				3.622,
				0,
				3.767,
				0
			]
		},
		{
			"Target": "Parameter",
			"Id": "Param9",
			"Segments": [
				0,
				0,
				1,
				0.167,
				0,
				0.333,
				0,
				0.5,
				0,
				1,
				1.444,
				0,
				2.389,
				0,
				3.333,
				0,
				1,
				3.478,
				0,
				3.622,
				0,
				3.767,
				0
			]
		},
		{
			"Target": "Parameter",
			"Id": "Param72",
			"Segments": [
				0,
				0,
				1,
				0.167,
				0,
				0.333,
				7.964,
				0.5,
				8,
				1,
				1.444,
				8.205,
				2.389,
				8.261,
				3.333,
				8.261,
				1,
				3.478,
				8.261,
				3.622,
				0,
				3.767,
				0
			]
		},
		{
			"Target": "Parameter",
			"Id": "Param73",
			"Segments": [
				0,
				1.948,
				1,
				0.067,
				1.948,
				0.133,
				-18,
				0.2,
				-18,
				1,
				0.256,
				-18,
				0.311,
				11.059,
				0.367,
				11.059,
				1,
				0.433,
				11.059,
				0.5,
				4.304,
				0.567,
				3.192,
				1,
				0.733,
				0.411,
				0.9,
				-0.087,
				1.067,
				-0.087,
				1,
				1.844,
				-0.087,
				2.622,
				0.299,
				3.4,
				1.338,
				1,
				3.522,
				1.501,
				3.644,
				1.948,
				3.767,
				1.948
			]
		},
		{
			"Target": "Parameter",
			"Id": "Param77",
			"Segments": [
				0,
				0,
				1,
				0.089,
				0,
				0.178,
				-15.627,
				0.267,
				-15.627,
				1,
				0.322,
				-15.627,
				0.378,
				12.991,
				0.433,
				12.991,
				1,
				0.5,
				12.991,
				0.567,
				9.891,
				0.633,
				8,
				1,
				0.8,
				3.273,
				0.967,
				1.874,
				1.133,
				1.874,
				1,
				1.911,
				1.874,
				2.689,
				3.429,
				3.467,
				3.429,
				1,
				3.567,
				3.429,
				3.667,
				0,
				3.767,
				0
			]
		},
		{
			"Target": "Parameter",
			"Id": "Param119",
			"Segments": [
				0,
				0,
				1,
				1.256,
				0,
				2.511,
				0,
				3.767,
				0
			]
		},
		{
			"Target": "Parameter",
			"Id": "Param120",
			"Segments": [
				0,
				0,
				1,
				1.256,
				0,
				2.511,
				0,
				3.767,
				0
			]
		},
		{
			"Target": "Parameter",
			"Id": "Param56",
			"Segments": [
				0,
				0,
				1,
				1.256,
				0,
				2.511,
				0,
				3.767,
				0
			]
		},
		{
			"Target": "Parameter",
			"Id": "Param74",
			"Segments": [
				0,
				0,
				1,
				0.167,
				0,
				0.333,
				8.968,
				0.5,
				9,
				1,
				1.444,
				9.184,
				2.389,
				9.235,
				3.333,
				9.235,
				1,
				3.478,
				9.235,
				3.622,
				0,
				3.767,
				0
			]
		},
		{
			"Target": "Parameter",
			"Id": "Param75",
			"Segments": [
				0,
				2.709,
				1,
				0.078,
				1.896,
				0.156,
				-14,
				0.233,
				-14,
				1,
				0.289,
				-14,
				0.344,
				12.059,
				0.4,
				12.059,
				1,
				0.467,
				12.059,
				0.533,
				4.942,
				0.6,
				3.847,
				1,
				0.767,
				1.111,
				0.933,
				0.631,
				1.1,
				0.631,
				1,
				1.878,
				0.631,
				2.656,
				1.084,
				3.433,
				2.219,
				1,
				3.544,
				2.381,
				3.656,
				2.709,
				3.767,
				2.709
			]
		},
		{
			"Target": "Parameter",
			"Id": "Param76",
			"Segments": [
				0,
				0,
				1,
				0.1,
				0,
				0.2,
				-22.026,
				0.3,
				-22.026,
				1,
				0.356,
				-22.026,
				0.411,
				10.172,
				0.467,
				10.172,
				1,
				0.533,
				10.172,
				0.6,
				4.179,
				0.667,
				3,
				1,
				0.833,
				0.054,
				1,
				-0.503,
				1.167,
				-0.503,
				1,
				1.944,
				-0.503,
				2.722,
				0.888,
				3.5,
				0.888,
				1,
				3.589,
				0.888,
				3.678,
				0,
				3.767,
				0
			]
		},
		{
			"Target": "Parameter",
			"Id": "Param118",
			"Segments": [
				0,
				0,
				1,
				0.167,
				0,
				0.333,
				0,
				0.5,
				0,
				1,
				1.444,
				0,
				2.389,
				0,
				3.333,
				0,
				1,
				3.478,
				0,
				3.622,
				0,
				3.767,
				0
			]
		},
		{
			"Target": "Parameter",
			"Id": "Param33",
			"Segments": [
				0,
				0,
				1,
				0.167,
				0,
				0.333,
				0,
				0.5,
				0,
				1,
				1.444,
				0,
				2.389,
				0,
				3.333,
				0,
				1,
				3.478,
				0,
				3.622,
				0,
				3.767,
				0
			]
		},
		{
			"Target": "Parameter",
			"Id": "Param34",
			"Segments": [
				0,
				0,
				1,
				0.167,
				0,
				0.333,
				0,
				0.5,
				0,
				1,
				1.444,
				0,
				2.389,
				0,
				3.333,
				0,
				1,
				3.478,
				0,
				3.622,
				0,
				3.767,
				0
			]
		},
		{
			"Target": "Parameter",
			"Id": "Param35",
			"Segments": [
				0,
				0,
				1,
				0.167,
				0,
				0.333,
				0,
				0.5,
				0,
				1,
				1.444,
				0,
				2.389,
				0,
				3.333,
				0,
				1,
				3.478,
				0,
				3.622,
				0,
				3.767,
				0
			]
		},
		{
			"Target": "Parameter",
			"Id": "Param36",
			"Segments": [
				0,
				0,
				1,
				0.167,
				0,
				0.333,
				0,
				0.5,
				0,
				1,
				1.444,
				0,
				2.389,
				0,
				3.333,
				0,
				1,
				3.478,
				0,
				3.622,
				0,
				3.767,
				0
			]
		},
		{
			"Target": "Parameter",
			"Id": "Param89",
			"Segments": [
				0,
				0,
				1,
				0.167,
				0,
				0.333,
				0,
				0.5,
				0,
				1,
				1.444,
				0,
				2.389,
				0,
				3.333,
				0,
				1,
				3.478,
				0,
				3.622,
				0,
				3.767,
				0
			]
		},
		{
			"Target": "Parameter",
			"Id": "Param90",
			"Segments": [
				0,
				0,
				1,
				0.167,
				0,
				0.333,
				0,
				0.5,
				0,
				1,
				1.444,
				0,
				2.389,
				0,
				3.333,
				0,
				1,
				3.478,
				0,
				3.622,
				0,
				3.767,
				0
			]
		},
		{
			"Target": "Parameter",
			"Id": "Param91",
			"Segments": [
				0,
				-30,
				1,
				0.167,
				-30,
				0.333,
				-30,
				0.5,
				-30,
				1,
				1.444,
				-30,
				2.389,
				-30,
				3.333,
				-30,
				1,
				3.478,
				-30,
				3.622,
				-30,
				3.767,
				-30
			]
		},
		{
			"Target": "Parameter",
			"Id": "Param92",
			"Segments": [
				0,
				0,
				1,
				0.167,
				0,
				0.333,
				0,
				0.5,
				0,
				1,
				1.444,
				0,
				2.389,
				0,
				3.333,
				0,
				1,
				3.478,
				0,
				3.622,
				0,
				3.767,
				0
			]
		},
		{
			"Target": "Parameter",
			"Id": "Param93",
			"Segments": [
				0,
				0,
				1,
				0.167,
				0,
				0.333,
				0,
				0.5,
				0,
				1,
				1.444,
				0,
				2.389,
				0,
				3.333,
				0,
				1,
				3.478,
				0,
				3.622,
				0,
				3.767,
				0
			]
		},
		{
			"Target": "Parameter",
			"Id": "Param94",
			"Segments": [
				0,
				0,
				1,
				0.167,
				0,
				0.333,
				0,
				0.5,
				0,
				1,
				1.444,
				0,
				2.389,
				0,
				3.333,
				0,
				1,
				3.478,
				0,
				3.622,
				0,
				3.767,
				0
			]
		},
		{
			"Target": "Parameter",
			"Id": "Param95",
			"Segments": [
				0,
				0,
				1,
				0.167,
				0,
				0.333,
				0,
				0.5,
				0,
				1,
				1.444,
				0,
				2.389,
				0,
				3.333,
				0,
				1,
				3.478,
				0,
				3.622,
				0,
				3.767,
				0
			]
		},
		{
			"Target": "Parameter",
			"Id": "Param96",
			"Segments": [
				0,
				0,
				1,
				0.167,
				0,
				0.333,
				0,
				0.5,
				0,
				1,
				1.444,
				0,
				2.389,
				0,
				3.333,
				0,
				1,
				3.478,
				0,
				3.622,
				0,
				3.767,
				0
			]
		},
		{
			"Target": "Parameter",
			"Id": "Param98",
			"Segments": [
				0,
				0,
				1,
				0.167,
				0,
				0.333,
				0,
				0.5,
				0,
				1,
				1.444,
				0,
				2.389,
				0,
				3.333,
				0,
				1,
				3.478,
				0,
				3.622,
				0,
				3.767,
				0
			]
		},
		{
			"Target": "Parameter",
			"Id": "Param99",
			"Segments": [
				0,
				0,
				1,
				0.167,
				0,
				0.333,
				0,
				0.5,
				0,
				1,
				1.444,
				0,
				2.389,
				0,
				3.333,
				0,
				1,
				3.478,
				0,
				3.622,
				0,
				3.767,
				0
			]
		},
		{
			"Target": "Parameter",
			"Id": "Param100",
			"Segments": [
				0,
				0,
				1,
				0.167,
				0,
				0.333,
				0,
				0.5,
				0,
				1,
				1.444,
				0,
				2.389,
				0,
				3.333,
				0,
				1,
				3.478,
				0,
				3.622,
				0,
				3.767,
				0
			]
		},
		{
			"Target": "Parameter",
			"Id": "Param101",
			"Segments": [
				0,
				0,
				1,
				0.167,
				0,
				0.333,
				0,
				0.5,
				0,
				1,
				1.444,
				0,
				2.389,
				0,
				3.333,
				0,
				1,
				3.478,
				0,
				3.622,
				0,
				3.767,
				0
			]
		},
		{
			"Target": "Parameter",
			"Id": "Param102",
			"Segments": [
				0,
				0,
				1,
				0.167,
				0,
				0.333,
				0,
				0.5,
				0,
				1,
				1.444,
				0,
				2.389,
				0,
				3.333,
				0,
				1,
				3.478,
				0,
				3.622,
				0,
				3.767,
				0
			]
		},
		{
			"Target": "Parameter",
			"Id": "Param103",
			"Segments": [
				0,
				0,
				1,
				0.167,
				0,
				0.333,
				0,
				0.5,
				0,
				1,
				1.444,
				0,
				2.389,
				0,
				3.333,
				0,
				1,
				3.478,
				0,
				3.622,
				0,
				3.767,
				0
			]
		},
		{
			"Target": "Parameter",
			"Id": "Param97",
			"Segments": [
				0,
				-30,
				1,
				0.167,
				-30,
				0.333,
				-30,
				0.5,
				-30,
				1,
				1.444,
				-30,
				2.389,
				-30,
				3.333,
				-30,
				1,
				3.478,
				-30,
				3.622,
				-30,
				3.767,
				-30
			]
		},
		{
			"Target": "Parameter",
			"Id": "Param112",
			"Segments": [
				0,
				0,
				1,
				0.167,
				0,
				0.333,
				0,
				0.5,
				0,
				1,
				1.444,
				0,
				2.389,
				0,
				3.333,
				0,
				1,
				3.478,
				0,
				3.622,
				0,
				3.767,
				0
			]
		},
		{
			"Target": "Parameter",
			"Id": "Param113",
			"Segments": [
				0,
				0,
				1,
				0.167,
				0,
				0.333,
				0,
				0.5,
				0,
				1,
				1.444,
				0,
				2.389,
				0,
				3.333,
				0,
				1,
				3.478,
				0,
				3.622,
				0,
				3.767,
				0
			]
		},
		{
			"Target": "Parameter",
			"Id": "Param114",
			"Segments": [
				0,
				0,
				1,
				0.167,
				0,
				0.333,
				0,
				0.5,
				0,
				1,
				1.444,
				0,
				2.389,
				0,
				3.333,
				0,
				1,
				3.478,
				0,
				3.622,
				0,
				3.767,
				0
			]
		},
		{
			"Target": "Parameter",
			"Id": "Param115",
			"Segments": [
				0,
				0,
				1,
				0.167,
				0,
				0.333,
				0,
				0.5,
				0,
				1,
				1.444,
				0,
				2.389,
				0,
				3.333,
				0,
				1,
				3.478,
				0,
				3.622,
				0,
				3.767,
				0
			]
		},
		{
			"Target": "Parameter",
			"Id": "Param116",
			"Segments": [
				0,
				0,
				1,
				0.167,
				0,
				0.333,
				0,
				0.5,
				0,
				1,
				1.444,
				0,
				2.389,
				0,
				3.333,
				0,
				1,
				3.478,
				0,
				3.622,
				0,
				3.767,
				0
			]
		},
		{
			"Target": "Parameter",
			"Id": "Param117",
			"Segments": [
				0,
				0,
				1,
				0.167,
				0,
				0.333,
				0,
				0.5,
				0,
				1,
				1.444,
				0,
				2.389,
				0,
				3.333,
				0,
				1,
				3.478,
				0,
				3.622,
				0,
				3.767,
				0
			]
		},
		{
			"Target": "Parameter",
			"Id": "Param105",
			"Segments": [
				0,
				-30,
				1,
				0.167,
				-30,
				0.333,
				-30,
				0.5,
				-30,
				1,
				1.444,
				-30,
				2.389,
				-30,
				3.333,
				-30,
				1,
				3.478,
				-30,
				3.622,
				-30,
				3.767,
				-30
			]
		},
		{
			"Target": "Parameter",
			"Id": "Param106",
			"Segments": [
				0,
				0,
				1,
				0.167,
				0,
				0.333,
				0,
				0.5,
				0,
				1,
				1.444,
				0,
				2.389,
				0,
				3.333,
				0,
				1,
				3.478,
				0,
				3.622,
				0,
				3.767,
				0
			]
		},
		{
			"Target": "Parameter",
			"Id": "Param107",
			"Segments": [
				0,
				0,
				1,
				0.167,
				0,
				0.333,
				0,
				0.5,
				0,
				1,
				1.444,
				0,
				2.389,
				0,
				3.333,
				0,
				1,
				3.478,
				0,
				3.622,
				0,
				3.767,
				0
			]
		},
		{
			"Target": "Parameter",
			"Id": "Param108",
			"Segments": [
				0,
				0,
				1,
				0.167,
				0,
				0.333,
				0,
				0.5,
				0,
				1,
				1.444,
				0,
				2.389,
				0,
				3.333,
				0,
				1,
				3.478,
				0,
				3.622,
				0,
				3.767,
				0
			]
		},
		{
			"Target": "Parameter",
			"Id": "Param109",
			"Segments": [
				0,
				0,
				1,
				0.167,
				0,
				0.333,
				0,
				0.5,
				0,
				1,
				1.444,
				0,
				2.389,
				0,
				3.333,
				0,
				1,
				3.478,
				0,
				3.622,
				0,
				3.767,
				0
			]
		},
		{
			"Target": "Parameter",
			"Id": "Param110",
			"Segments": [
				0,
				0,
				1,
				0.167,
				0,
				0.333,
				0,
				0.5,
				0,
				1,
				1.444,
				0,
				2.389,
				0,
				3.333,
				0,
				1,
				3.478,
				0,
				3.622,
				0,
				3.767,
				0
			]
		},
		{
			"Target": "Parameter",
			"Id": "Param111",
			"Segments": [
				0,
				0,
				1,
				0.167,
				0,
				0.333,
				0,
				0.5,
				0,
				1,
				1.444,
				0,
				2.389,
				0,
				3.333,
				0,
				1,
				3.478,
				0,
				3.622,
				0,
				3.767,
				0
			]
		},
		{
			"Target": "Parameter",
			"Id": "Param104",
			"Segments": [
				0,
				-30,
				1,
				0.167,
				-30,
				0.333,
				-30,
				0.5,
				-30,
				1,
				1.444,
				-30,
				2.389,
				-30,
				3.333,
				-30,
				1,
				3.478,
				-30,
				3.622,
				-30,
				3.767,
				-30
			]
		},
		{
			"Target": "Parameter",
			"Id": "daimao",
			"Segments": [
				0,
				0,
				1,
				1.256,
				0,
				2.511,
				0,
				3.767,
				0
			]
		},
		{
			"Target": "Parameter",
			"Id": "Param168",
			"Segments": [
				0,
				0,
				1,
				1.256,
				0,
				2.511,
				0,
				3.767,
				0
			]
		},
		{
			"Target": "Parameter",
			"Id": "Param169",
			"Segments": [
				0,
				0,
				1,
				1.256,
				0,
				2.511,
				0,
				3.767,
				0
			]
		},
		{
			"Target": "Parameter",
			"Id": "Param173",
			"Segments": [
				0,
				0,
				1,
				1.256,
				0,
				2.511,
				0,
				3.767,
				0
			]
		},
		{
			"Target": "Parameter",
			"Id": "Param174",
			"Segments": [
				0,
				0,
				1,
				1.256,
				0,
				2.511,
				0,
				3.767,
				0
			]
		},
		{
			"Target": "Parameter",
			"Id": "Param175",
			"Segments": [
				0,
				0,
				1,
				1.256,
				0,
				2.511,
				0,
				3.767,
				0
			]
		},
		{
			"Target": "Parameter",
			"Id": "Param176",
			"Segments": [
				0,
				0,
				1,
				1.256,
				0,
				2.511,
				0,
				3.767,
				0
			]
		},
		{
			"Target": "Parameter",
			"Id": "Param177",
			"Segments": [
				0,
				0,
				0,
				3.767,
				0
			]
		},
		{
			"Target": "Parameter",
			"Id": "Param140",
			"Segments": [
				0,
				0,
				1,
				0.167,
				0,
				0.333,
				0,
				0.5,
				0,
				1,
				1.444,
				0,
				2.389,
				0,
				3.333,
				0,
				1,
				3.478,
				0,
				3.622,
				0,
				3.767,
				0
			]
		},
		{
			"Target": "Parameter",
			"Id": "ParamAngleX",
			"Segments": [
				0,
				0.497,
				1,
				0.133,
				0.497,
				0.267,
				-12,
				0.4,
				-12,
				1,
				0.467,
				-12,
				0.533,
				-12,
				0.6,
				-12,
				1,
				1.544,
				-12,
				2.489,
				-12,
				3.433,
				-12,
				1,
				3.544,
				-12,
				3.656,
				0.497,
				3.767,
				0.497
			]
		},
		{
			"Target": "Parameter",
			"Id": "ParamAngleY",
			"Segments": [
				0,
				-1.019,
				1,
				0.056,
				-1.019,
				0.111,
				-24,
				0.167,
				-24,
				1,
				0.222,
				-24,
				0.278,
				7.567,
				0.333,
				7.567,
				1,
				0.4,
				7.567,
				0.467,
				4,
				0.533,
				4,
				1,
				0.767,
				4,
				1,
				5.149,
				1.233,
				5.149,
				1,
				1.467,
				5.149,
				1.7,
				3.462,
				1.933,
				3.462,
				1,
				2.178,
				3.462,
				2.422,
				4.572,
				2.667,
				4.572,
				1,
				2.9,
				4.572,
				3.133,
				4.442,
				3.367,
				2.967,
				1,
				3.5,
				2.124,
				3.633,
				-1.019,
				3.767,
				-1.019
			]
		},
		{
			"Target": "Parameter",
			"Id": "ParamAngleZ",
			"Segments": [
				0,
				0.398,
				1,
				0.122,
				0.398,
				0.244,
				0.16,
				0.367,
				-2,
				1,
				0.433,
				-3.178,
				0.5,
				-8.835,
				0.567,
				-8.835,
				1,
				0.8,
				-8.835,
				1.033,
				-8.242,
				1.267,
				-8.242,
				1,
				1.5,
				-8.242,
				1.733,
				-8.614,
				1.967,
				-8.614,
				1,
				2.211,
				-8.614,
				2.456,
				-7.789,
				2.7,
				-7.789,
				1,
				2.933,
				-7.789,
				3.167,
				-8.303,
				3.4,
				-8.303,
				1,
				3.522,
				-8.303,
				3.644,
				0.398,
				3.767,
				0.398
			]
		},
		{
			"Target": "Parameter",
			"Id": "Param82",
			"Segments": [
				0,
				0,
				1,
				0.167,
				0,
				0.333,
				0,
				0.5,
				0,
				1,
				1.444,
				0,
				2.389,
				0,
				3.333,
				0,
				1,
				3.478,
				0,
				3.622,
				0,
				3.767,
				0
			]
		},
		{
			"Target": "Parameter",
			"Id": "Param83",
			"Segments": [
				0,
				0,
				1,
				0.167,
				0,
				0.333,
				0,
				0.5,
				0,
				1,
				1.444,
				0,
				2.389,
				0,
				3.333,
				0,
				1,
				3.478,
				0,
				3.622,
				0,
				3.767,
				0
			]
		},
		{
			"Target": "Parameter",
			"Id": "ParamBrowLX",
			"Segments": [
				0,
				0,
				1,
				0.167,
				0,
				0.333,
				0,
				0.5,
				0,
				1,
				1.444,
				0,
				2.389,
				0,
				3.333,
				0,
				1,
				3.478,
				0,
				3.622,
				0,
				3.767,
				0
			]
		},
		{
			"Target": "Parameter",
			"Id": "ParamBrowRX",
			"Segments": [
				0,
				0,
				1,
				0.167,
				0,
				0.333,
				0,
				0.5,
				0,
				1,
				1.444,
				0,
				2.389,
				0,
				3.333,
				0,
				1,
				3.478,
				0,
				3.622,
				0,
				3.767,
				0
			]
		},
		{
			"Target": "Parameter",
			"Id": "ParamBrowLAngle",
			"Segments": [
				0,
				0,
				1,
				0.167,
				0,
				0.333,
				0,
				0.5,
				0,
				1,
				1.444,
				0,
				2.389,
				0,
				3.333,
				0,
				1,
				3.478,
				0,
				3.622,
				0,
				3.767,
				0
			]
		},
		{
			"Target": "Parameter",
			"Id": "ParamBrowRAngle",
			"Segments": [
				0,
				0,
				1,
				0.167,
				0,
				0.333,
				0,
				0.5,
				0,
				1,
				1.444,
				0,
				2.389,
				0,
				3.333,
				0,
				1,
				3.478,
				0,
				3.622,
				0,
				3.767,
				0
			]
		},
		{
			"Target": "Parameter",
			"Id": "ParamCheek",
			"Segments": [
				0,
				0,
				1,
				0.167,
				0,
				0.333,
				0,
				0.5,
				0,
				1,
				1.444,
				0,
				2.389,
				0,
				3.333,
				0,
				1,
				3.478,
				0,
				3.622,
				0,
				3.767,
				0
			]
		},
		{
			"Target": "Parameter",
			"Id": "ParamBodyAngleX",
			"Segments": [
				0,
				0.099,
				1,
				0.2,
				0.099,
				0.4,
				0.099,
				0.6,
				0.099,
				1,
				1.544,
				0.099,
				2.489,
				0.099,
				3.433,
				0.099,
				1,
				3.544,
				0.099,
				3.656,
				0.099,
				3.767,
				0.099
			]
		},
		{
			"Target": "Parameter",
			"Id": "ParamBodyAngleY",
			"Segments": [
				0,
				3,
				1,
				0.044,
				3,
				0.089,
				-8,
				0.133,
				-8,
				1,
				0.189,
				-8,
				0.244,
				10,
				0.3,
				10,
				1,
				0.367,
				10,
				0.433,
				8,
				0.5,
				8,
				1,
				0.733,
				8,
				0.967,
				8.46,
				1.2,
				8.46,
				1,
				1.433,
				8.46,
				1.667,
				7.543,
				1.9,
				7.543,
				1,
				2.144,
				7.543,
				2.389,
				8,
				2.633,
				8,
				1,
				2.867,
				8,
				3.1,
				7.982,
				3.333,
				7.026,
				1,
				3.478,
				6.434,
				3.622,
				3,
				3.767,
				3
			]
		},
		{
			"Target": "Parameter",
			"Id": "ParamBodyAngleZ",
			"Segments": [
				0,
				0.344,
				1,
				0.111,
				0.646,
				0.222,
				9.248,
				0.333,
				9.248,
				1,
				0.4,
				9.248,
				0.467,
				8,
				0.533,
				8,
				1,
				0.767,
				8,
				1,
				8.134,
				1.233,
				8.134,
				1,
				1.467,
				8.134,
				1.7,
				7.626,
				1.933,
				7.626,
				1,
				2.178,
				7.626,
				2.422,
				8,
				2.667,
				8,
				1,
				2.9,
				8,
				3.133,
				8.008,
				3.367,
				7.492,
				1,
				3.5,
				7.197,
				3.633,
				0.344,
				3.767,
				0.344
			]
		},
		{
			"Target": "Parameter",
			"Id": "ParamHairFront",
			"Segments": [
				0,
				0,
				1,
				0.167,
				0,
				0.333,
				0,
				0.5,
				0,
				1,
				1.444,
				0,
				2.389,
				0,
				3.333,
				0,
				1,
				3.478,
				0,
				3.622,
				0,
				3.767,
				0
			]
		},
		{
			"Target": "Parameter",
			"Id": "ParamHairSide",
			"Segments": [
				0,
				0,
				1,
				0.167,
				0,
				0.333,
				0,
				0.5,
				0,
				1,
				1.444,
				0,
				2.389,
				0,
				3.333,
				0,
				1,
				3.478,
				0,
				3.622,
				0,
				3.767,
				0
			]
		},
		{
			"Target": "Parameter",
			"Id": "ParamHairBack",
			"Segments": [
				0,
				0,
				1,
				0.167,
				0,
				0.333,
				0,
				0.5,
				0,
				1,
				1.444,
				0,
				2.389,
				0,
				3.333,
				0,
				1,
				3.478,
				0,
				3.622,
				0,
				3.767,
				0
			]
		},
		{
			"Target": "Parameter",
			"Id": "Param37",
			"Segments": [
				0,
				0,
				1,
				0.167,
				0,
				0.333,
				0,
				0.5,
				0,
				1,
				1.444,
				0,
				2.389,
				0,
				3.333,
				0,
				1,
				3.478,
				0,
				3.622,
				0,
				3.767,
				0
			]
		},
		{
			"Target": "Parameter",
			"Id": "Param122",
			"Segments": [
				0,
				0,
				1,
				0.167,
				0,
				0.333,
				0,
				0.5,
				0,
				1,
				1.444,
				0,
				2.389,
				0,
				3.333,
				0,
				1,
				3.478,
				0,
				3.622,
				0,
				3.767,
				0
			]
		},
		{
			"Target": "Parameter",
			"Id": "Param198pp",
			"Segments": [
				0,
				-30,
				0,
				3.767,
				-30
			]
		},
		{
			"Target": "Parameter",
			"Id": "Param199pp",
			"Segments": [
				0,
				-30,
				0,
				3.767,
				-30
			]
		},
		{
			"Target": "Parameter",
			"Id": "Param200pp",
			"Segments": [
				0,
				0,
				0,
				3.767,
				0
			]
		},
		{
			"Target": "Parameter",
			"Id": "Param201pp",
			"Segments": [
				0,
				0,
				0,
				3.767,
				0
			]
		},
		{
			"Target": "Parameter",
			"Id": "Param202pp",
			"Segments": [
				0,
				0,
				0,
				3.767,
				0
			]
		},
		{
			"Target": "Parameter",
			"Id": "Param203pp",
			"Segments": [
				0,
				0,
				0,
				3.767,
				0
			]
		},
		{
			"Target": "Parameter",
			"Id": "Param204pp",
			"Segments": [
				0,
				0,
				0,
				3.767,
				0
			]
		},
		{
			"Target": "Parameter",
			"Id": "Param205pp",
			"Segments": [
				0,
				0,
				0,
				3.767,
				0
			]
		},
		{
			"Target": "Parameter",
			"Id": "Param206pp",
			"Segments": [
				0,
				0,
				0,
				3.767,
				0
			]
		},
		{
			"Target": "Parameter",
			"Id": "Param207pp",
			"Segments": [
				0,
				0,
				0,
				3.767,
				0
			]
		},
		{
			"Target": "Parameter",
			"Id": "Param208pp",
			"Segments": [
				0,
				0,
				0,
				3.767,
				0
			]
		},
		{
			"Target": "Parameter",
			"Id": "Param209pp",
			"Segments": [
				0,
				0,
				0,
				3.767,
				0
			]
		},
		{
			"Target": "Parameter",
			"Id": "Param210pp",
			"Segments": [
				0,
				0,
				0,
				3.767,
				0
			]
		},
		{
			"Target": "Parameter",
			"Id": "Param211pp",
			"Segments": [
				0,
				0,
				0,
				3.767,
				0
			]
		},
		{
			"Target": "Parameter",
			"Id": "Param212pp",
			"Segments": [
				0,
				0,
				0,
				3.767,
				0
			]
		},
		{
			"Target": "Parameter",
			"Id": "Param213pp",
			"Segments": [
				0,
				0,
				0,
				3.767,
				0
			]
		},
		{
			"Target": "Parameter",
			"Id": "Param214pp",
			"Segments": [
				0,
				0,
				0,
				3.767,
				0
			]
		},
		{
			"Target": "Parameter",
			"Id": "Param215pp",
			"Segments": [
				0,
				0,
				0,
				3.767,
				0
			]
		},
		{
			"Target": "Parameter",
			"Id": "Param216pp",
			"Segments": [
				0,
				0,
				0,
				3.767,
				0
			]
		},
		{
			"Target": "Parameter",
			"Id": "Param217pp",
			"Segments": [
				0,
				0,
				0,
				3.767,
				0
			]
		},
		{
			"Target": "PartOpacity",
			"Id": "Part52",
			"Segments": [
				0,
				1,
				0,
				3,
				1,
				0,
				3.77,
				1
			]
		},
		{
			"Target": "PartOpacity",
			"Id": "Part40",
			"Segments": [
				0,
				1,
				0,
				3,
				1,
				0,
				3.77,
				1
			]
		},
		{
			"Target": "PartOpacity",
			"Id": "Part44",
			"Segments": [
				0,
				1,
				0,
				3,
				1,
				0,
				3.77,
				1
			]
		},
		{
			"Target": "PartOpacity",
			"Id": "Part45",
			"Segments": [
				0,
				1,
				0,
				3,
				1,
				0,
				3.77,
				1
			]
		},
		{
			"Target": "PartOpacity",
			"Id": "Part53",
			"Segments": [
				0,
				1,
				0,
				3,
				1,
				0,
				3.77,
				1
			]
		},
		{
			"Target": "PartOpacity",
			"Id": "Part41",
			"Segments": [
				0,
				1,
				0,
				3,
				1,
				0,
				3.77,
				1
			]
		},
		{
			"Target": "PartOpacity",
			"Id": "Part43",
			"Segments": [
				0,
				1,
				0,
				3,
				1,
				0,
				3.77,
				1
			]
		},
		{
			"Target": "PartOpacity",
			"Id": "Part39",
			"Segments": [
				0,
				1,
				2,
				0.5,
				1,
				2,
				3.33,
				1,
				2,
				3.77,
				1
			]
		},
		{
			"Target": "PartOpacity",
			"Id": "Part37",
			"Segments": [
				0,
				1,
				2,
				0.5,
				1,
				2,
				3.33,
				1,
				2,
				3.77,
				1
			]
		},
		{
			"Target": "PartOpacity",
			"Id": "Part36",
			"Segments": [
				0,
				1,
				2,
				0.5,
				1,
				2,
				3.33,
				1,
				2,
				3.77,
				1
			]
		},
		{
			"Target": "PartOpacity",
			"Id": "Part5",
			"Segments": [
				0,
				1,
				2,
				0.5,
				1,
				2,
				3.33,
				1,
				2,
				3.77,
				1
			]
		},
		{
			"Target": "PartOpacity",
			"Id": "Part2",
			"Segments": [
				0,
				1,
				2,
				0.5,
				1,
				2,
				3.33,
				1,
				2,
				3.77,
				1
			]
		},
		{
			"Target": "PartOpacity",
			"Id": "Part3",
			"Segments": [
				0,
				1,
				2,
				0.5,
				1,
				2,
				3.33,
				1,
				2,
				3.77,
				1
			]
		},
		{
			"Target": "PartOpacity",
			"Id": "Part6",
			"Segments": [
				0,
				1,
				2,
				0.5,
				1,
				2,
				3.33,
				1,
				2,
				3.77,
				1
			]
		},
		{
			"Target": "PartOpacity",
			"Id": "Part4",
			"Segments": [
				0,
				1,
				2,
				0.5,
				1,
				2,
				3.33,
				1,
				2,
				3.77,
				1
			]
		},
		{
			"Target": "PartOpacity",
			"Id": "Part",
			"Segments": [
				0,
				1,
				2,
				0.5,
				1,
				2,
				3.33,
				1,
				2,
				3.77,
				1
			]
		},
		{
			"Target": "PartOpacity",
			"Id": "Part31",
			"Segments": [
				0,
				1,
				2,
				0.5,
				1,
				2,
				3.33,
				1,
				2,
				3.77,
				1
			]
		},
		{
			"Target": "PartOpacity",
			"Id": "Part29",
			"Segments": [
				0,
				1,
				2,
				0.5,
				1,
				2,
				3.33,
				1,
				2,
				3.77,
				1
			]
		},
		{
			"Target": "PartOpacity",
			"Id": "Part13",
			"Segments": [
				0,
				1,
				2,
				0.5,
				1,
				2,
				3.33,
				1,
				2,
				3.77,
				1
			]
		},
		{
			"Target": "PartOpacity",
			"Id": "Part14",
			"Segments": [
				0,
				1,
				2,
				0.5,
				1,
				2,
				3.33,
				1,
				2,
				3.77,
				1
			]
		},
		{
			"Target": "PartOpacity",
			"Id": "Part15",
			"Segments": [
				0,
				1,
				2,
				0.5,
				1,
				2,
				3.33,
				1,
				2,
				3.77,
				1
			]
		},
		{
			"Target": "PartOpacity",
			"Id": "Part11",
			"Segments": [
				0,
				1,
				2,
				0.5,
				1,
				2,
				3.33,
				1,
				2,
				3.77,
				1
			]
		},
		{
			"Target": "PartOpacity",
			"Id": "Part12",
			"Segments": [
				0,
				1,
				2,
				0.5,
				1,
				2,
				3.33,
				1,
				2,
				3.77,
				1
			]
		},
		{
			"Target": "PartOpacity",
			"Id": "Part16",
			"Segments": [
				0,
				1,
				2,
				0.5,
				1,
				2,
				3.33,
				1,
				2,
				3.77,
				1
			]
		},
		{
			"Target": "PartOpacity",
			"Id": "Part30",
			"Segments": [
				0,
				1,
				2,
				0.5,
				1,
				2,
				3.33,
				1,
				2,
				3.77,
				1
			]
		},
		{
			"Target": "PartOpacity",
			"Id": "Part17",
			"Segments": [
				0,
				1,
				2,
				0.5,
				1,
				2,
				3.33,
				1,
				2,
				3.77,
				1
			]
		},
		{
			"Target": "PartOpacity",
			"Id": "Part18",
			"Segments": [
				0,
				1,
				2,
				0.5,
				1,
				2,
				3.33,
				1,
				2,
				3.77,
				1
			]
		},
		{
			"Target": "PartOpacity",
			"Id": "Part28",
			"Segments": [
				0,
				1,
				2,
				0.5,
				1,
				2,
				3.33,
				1,
				2,
				3.77,
				1
			]
		},
		{
			"Target": "PartOpacity",
			"Id": "Part19",
			"Segments": [
				0,
				1,
				2,
				0.5,
				1,
				2,
				3.33,
				1,
				2,
				3.77,
				1
			]
		},
		{
			"Target": "PartOpacity",
			"Id": "Part20",
			"Segments": [
				0,
				1,
				2,
				0.5,
				1,
				2,
				3.33,
				1,
				2,
				3.77,
				1
			]
		},
		{
			"Target": "PartOpacity",
			"Id": "Part33",
			"Segments": [
				0,
				1,
				2,
				0.5,
				1,
				2,
				3.33,
				1,
				2,
				3.77,
				1
			]
		},
		{
			"Target": "PartOpacity",
			"Id": "Part32",
			"Segments": [
				0,
				1,
				2,
				0.5,
				1,
				2,
				3.33,
				1,
				2,
				3.77,
				1
			]
		},
		{
			"Target": "PartOpacity",
			"Id": "Part38",
			"Segments": [
				0,
				1,
				2,
				0.5,
				1,
				2,
				3.33,
				1,
				2,
				3.77,
				1
			]
		},
		{
			"Target": "PartOpacity",
			"Id": "Part7",
			"Segments": [
				0,
				1,
				2,
				0.5,
				1,
				2,
				3.33,
				1,
				2,
				3.77,
				1
			]
		},
		{
			"Target": "PartOpacity",
			"Id": "Part35",
			"Segments": [
				0,
				1,
				2,
				0.5,
				1,
				2,
				3.33,
				1,
				2,
				3.77,
				1
			]
		},
		{
			"Target": "PartOpacity",
			"Id": "Part10",
			"Segments": [
				0,
				1,
				2,
				0.5,
				1,
				2,
				3.33,
				1,
				2,
				3.77,
				1
			]
		},
		{
			"Target": "PartOpacity",
			"Id": "Part27",
			"Segments": [
				0,
				1,
				2,
				0.5,
				1,
				2,
				3.33,
				1,
				2,
				3.77,
				1
			]
		},
		{
			"Target": "PartOpacity",
			"Id": "Part34",
			"Segments": [
				0,
				1,
				2,
				0.5,
				1,
				2,
				3.33,
				1,
				2,
				3.77,
				1
			]
		},
		{
			"Target": "PartOpacity",
			"Id": "Part8",
			"Segments": [
				0,
				1,
				2,
				0.5,
				1,
				2,
				3.33,
				1,
				2,
				3.77,
				1
			]
		},
		{
			"Target": "PartOpacity",
			"Id": "Part9",
			"Segments": [
				0,
				1,
				2,
				0.5,
				1,
				2,
				3.33,
				1,
				2,
				3.77,
				1
			]
		},
		{
			"Target": "PartOpacity",
			"Id": "ArtMesh122_Skinning",
			"Segments": [
				0,
				1,
				2,
				0.5,
				1,
				2,
				3.33,
				1,
				2,
				3.77,
				1
			]
		},
		{
			"Target": "PartOpacity",
			"Id": "Part21",
			"Segments": [
				0,
				1,
				2,
				0.5,
				1,
				2,
				3.33,
				1,
				2,
				3.77,
				1
			]
		},
		{
			"Target": "PartOpacity",
			"Id": "Part22",
			"Segments": [
				0,
				1,
				2,
				0.5,
				1,
				2,
				3.33,
				1,
				2,
				3.77,
				1
			]
		},
		{
			"Target": "PartOpacity",
			"Id": "Part23",
			"Segments": [
				0,
				1,
				2,
				0.5,
				1,
				2,
				3.33,
				1,
				2,
				3.77,
				1
			]
		},
		{
			"Target": "PartOpacity",
			"Id": "Part24",
			"Segments": [
				0,
				1,
				2,
				0.5,
				1,
				2,
				3.33,
				1,
				2,
				3.77,
				1
			]
		},
		{
			"Target": "PartOpacity",
			"Id": "Part25",
			"Segments": [
				0,
				1,
				2,
				0.5,
				1,
				2,
				3.33,
				1,
				2,
				3.77,
				1
			]
		},
		{
			"Target": "PartOpacity",
			"Id": "Part26",
			"Segments": [
				0,
				1,
				2,
				0.5,
				1,
				2,
				3.33,
				1,
				2,
				3.77,
				1
			]
		},
		{
			"Target": "PartOpacity",
			"Id": "ArtMesh133_Skinning",
			"Segments": [
				0,
				1,
				2,
				0.5,
				1,
				2,
				3.33,
				1,
				2,
				3.77,
				1
			]
		},
		{
			"Target": "PartOpacity",
			"Id": "ArtMesh122_Skinning2",
			"Segments": [
				0,
				1,
				2,
				0.5,
				1,
				2,
				3.33,
				1,
				2,
				3.77,
				1
			]
		}
	]
}