{
	"Version": 3,
	"Meta": {
		"Duration": 2.27,
		"Fps": 30.0,
		"Loop": true,
		"AreBeziersRestricted": false,
		"CurveCount": 298,
		"TotalSegmentCount": 649,
		"TotalPointCount": 1903,
		"UserDataCount": 0,
		"TotalUserDataSize": 0
	},
	"Curves": [
		{
			"Target": "Model",
			"Id": "Opacity",
			"Segments": [
				0,
				1,
				1,
				0.12,
				1,
				0.24,
				1,
				0.37,
				1,
				1,
				1,
				1,
				1.63,
				1,
				2.27,
				1
			]
		},
		{
			"Target": "Parameter",
			"Id": "Param2",
			"Segments": [
				0,
				-2.888,
				1,
				0.156,
				-1.536,
				0.311,
				3,
				0.467,
				3,
				1,
				0.778,
				3,
				1.089,
				3.089,
				1.4,
				2.548,
				1,
				1.689,
				2.047,
				1.978,
				-2.888,
				2.267,
				-2.888
			]
		},
		{
			"Target": "Parameter",
			"Id": "Param180",
			"Segments": [
				0,
				0,
				0,
				2.267,
				0
			]
		},
		{
			"Target": "Parameter",
			"Id": "Param38",
			"Segments": [
				0,
				0,
				1,
				0.144,
				0,
				0.289,
				0,
				0.433,
				0,
				1,
				1.044,
				0,
				1.656,
				0,
				2.267,
				0
			]
		},
		{
			"Target": "Parameter",
			"Id": "Param129",
			"Segments": [
				0,
				0,
				1,
				0.144,
				0,
				0.289,
				0,
				0.433,
				0,
				1,
				1.044,
				0,
				1.656,
				0,
				2.267,
				0
			]
		},
		{
			"Target": "Parameter",
			"Id": "Param5",
			"Segments": [
				0,
				0.067,
				1,
				0.178,
				0.067,
				0.356,
				2,
				0.533,
				2,
				1,
				0.844,
				2,
				1.156,
				2.021,
				1.467,
				1.888,
				1,
				1.733,
				1.775,
				2,
				0.067,
				2.267,
				0.067
			]
		},
		{
			"Target": "Parameter",
			"Id": "Param",
			"Segments": [
				0,
				-14.398,
				1,
				0.2,
				-14.398,
				0.4,
				12,
				0.6,
				12,
				1,
				0.911,
				12,
				1.222,
				12.184,
				1.533,
				10.33,
				1,
				1.778,
				8.874,
				2.022,
				-14.398,
				2.267,
				-14.398
			]
		},
		{
			"Target": "Parameter",
			"Id": "Param131",
			"Segments": [
				0,
				0,
				1,
				0.144,
				0,
				0.289,
				0,
				0.433,
				0,
				1,
				1.044,
				0,
				1.656,
				0,
				2.267,
				0
			]
		},
		{
			"Target": "Parameter",
			"Id": "Param50",
			"Segments": [
				0,
				-2.23,
				1,
				0.144,
				-2.23,
				0.289,
				-2.23,
				0.433,
				-2.23,
				1,
				1.044,
				-2.23,
				1.656,
				-2.23,
				2.267,
				-2.23
			]
		},
		{
			"Target": "Parameter",
			"Id": "Param39",
			"Segments": [
				0,
				-2.607,
				1,
				0.156,
				1.723,
				0.311,
				20,
				0.467,
				20,
				1,
				0.778,
				20,
				1.089,
				20.278,
				1.4,
				18.423,
				1,
				1.689,
				16.7,
				1.978,
				-2.607,
				2.267,
				-2.607
			]
		},
		{
			"Target": "Parameter",
			"Id": "Param41",
			"Segments": [
				0,
				0,
				1,
				0.144,
				0,
				0.289,
				0,
				0.433,
				0,
				1,
				1.044,
				0,
				1.656,
				0,
				2.267,
				0
			]
		},
		{
			"Target": "Parameter",
			"Id": "Param130",
			"Segments": [
				0,
				0,
				1,
				0.144,
				0,
				0.289,
				0,
				0.433,
				0,
				1,
				1.044,
				0,
				1.656,
				0,
				2.267,
				0
			]
		},
		{
			"Target": "Parameter",
			"Id": "Param40",
			"Segments": [
				0,
				0.133,
				1,
				0.178,
				0.133,
				0.356,
				2,
				0.533,
				2,
				1,
				0.844,
				2,
				1.156,
				2.025,
				1.467,
				1.843,
				1,
				1.733,
				1.686,
				2,
				0.133,
				2.267,
				0.133
			]
		},
		{
			"Target": "Parameter",
			"Id": "Param49",
			"Segments": [
				0,
				-7.844,
				1,
				0.2,
				-20.954,
				0.4,
				-28,
				0.6,
				-28,
				1,
				0.911,
				-28,
				1.222,
				-28.161,
				1.533,
				-26.547,
				1,
				1.778,
				-25.279,
				2.022,
				-7.844,
				2.267,
				-7.844
			]
		},
		{
			"Target": "Parameter",
			"Id": "Param84",
			"Segments": [
				0,
				-2.23,
				1,
				0.144,
				-2.23,
				0.289,
				-2.23,
				0.433,
				-2.23,
				1,
				1.044,
				-2.23,
				1.656,
				-2.23,
				2.267,
				-2.23
			]
		},
		{
			"Target": "Parameter",
			"Id": "Param139",
			"Segments": [
				0,
				0,
				1,
				0.144,
				0,
				0.289,
				0,
				0.433,
				0,
				1,
				1.044,
				0,
				1.656,
				0,
				2.267,
				0
			]
		},
		{
			"Target": "Parameter",
			"Id": "Param171",
			"Segments": [
				0,
				0,
				0,
				2.267,
				0
			]
		},
		{
			"Target": "Parameter",
			"Id": "Param170",
			"Segments": [
				0,
				0,
				0,
				2.267,
				0
			]
		},
		{
			"Target": "Parameter",
			"Id": "Param191",
			"Segments": [
				0,
				0,
				0,
				2.267,
				0
			]
		},
		{
			"Target": "Parameter",
			"Id": "ParamEyeLOpen",
			"Segments": [
				0,
				1,
				1,
				0.056,
				1,
				0.111,
				0,
				0.167,
				0,
				1,
				0.256,
				0,
				0.344,
				0.7,
				0.433,
				0.7,
				1,
				0.744,
				0.7,
				1.056,
				0.7,
				1.367,
				0.7,
				1,
				1.667,
				0.7,
				1.967,
				1,
				2.267,
				1
			]
		},
		{
			"Target": "Parameter",
			"Id": "ParamEyeLSmile",
			"Segments": [
				0,
				0,
				1,
				0.156,
				0,
				0.311,
				-0.8,
				0.467,
				-0.8,
				1,
				0.767,
				-0.8,
				1.067,
				-0.8,
				1.367,
				-0.8,
				1,
				1.667,
				-0.8,
				1.967,
				0,
				2.267,
				0
			]
		},
		{
			"Target": "Parameter",
			"Id": "ParamEyeROpen",
			"Segments": [
				0,
				1,
				1,
				0.056,
				1,
				0.111,
				0,
				0.167,
				0,
				1,
				0.256,
				0,
				0.344,
				0.7,
				0.433,
				0.7,
				1,
				0.744,
				0.7,
				1.056,
				0.7,
				1.367,
				0.7,
				1,
				1.667,
				0.7,
				1.967,
				1,
				2.267,
				1
			]
		},
		{
			"Target": "Parameter",
			"Id": "ParamEyeRSmile",
			"Segments": [
				0,
				0,
				1,
				0.156,
				0,
				0.311,
				-0.8,
				0.467,
				-0.8,
				1,
				0.767,
				-0.8,
				1.067,
				-0.8,
				1.367,
				-0.8,
				1,
				1.667,
				-0.8,
				1.967,
				0,
				2.267,
				0
			]
		},
		{
			"Target": "Parameter",
			"Id": "ParamEyeBallX",
			"Segments": [
				0,
				0,
				1,
				0.156,
				0,
				0.311,
				0.5,
				0.467,
				0.5,
				1,
				0.767,
				0.5,
				1.067,
				0.5,
				1.367,
				0.5,
				1,
				1.667,
				0.5,
				1.967,
				0,
				2.267,
				0
			]
		},
		{
			"Target": "Parameter",
			"Id": "ParamEyeBallY",
			"Segments": [
				0,
				0,
				1,
				0.167,
				0,
				0.333,
				-1,
				0.5,
				-1,
				1,
				0.789,
				-1,
				1.078,
				-1,
				1.367,
				-1,
				1,
				1.667,
				-1,
				1.967,
				0,
				2.267,
				0
			]
		},
		{
			"Target": "Parameter",
			"Id": "ParamBrowLY",
			"Segments": [
				0,
				0,
				1,
				0.156,
				0,
				0.311,
				-0.3,
				0.467,
				-0.3,
				1,
				0.767,
				-0.3,
				1.067,
				-0.3,
				1.367,
				-0.3,
				1,
				1.667,
				-0.3,
				1.967,
				0,
				2.267,
				0
			]
		},
		{
			"Target": "Parameter",
			"Id": "ParamBrowRY",
			"Segments": [
				0,
				0,
				1,
				0.156,
				0,
				0.311,
				-0.4,
				0.467,
				-0.4,
				1,
				0.767,
				-0.4,
				1.067,
				-0.4,
				1.367,
				-0.4,
				1,
				1.667,
				-0.4,
				1.967,
				0,
				2.267,
				0
			]
		},
		{
			"Target": "Parameter",
			"Id": "ParamBrowLForm",
			"Segments": [
				0,
				0,
				1,
				0.167,
				0,
				0.333,
				-0.6,
				0.5,
				-0.6,
				1,
				0.789,
				-0.6,
				1.078,
				-0.6,
				1.367,
				-0.6,
				1,
				1.667,
				-0.6,
				1.967,
				0,
				2.267,
				0
			]
		},
		{
			"Target": "Parameter",
			"Id": "ParamBrowRForm",
			"Segments": [
				0,
				0,
				1,
				0.167,
				0,
				0.333,
				-1,
				0.5,
				-1,
				1,
				0.789,
				-1,
				1.078,
				-1,
				1.367,
				-1,
				1,
				1.667,
				-1,
				1.967,
				0,
				2.267,
				0
			]
		},
		{
			"Target": "Parameter",
			"Id": "Param85",
			"Segments": [
				0,
				0,
				1,
				0.178,
				0,
				0.356,
				-25,
				0.533,
				-25,
				1,
				0.811,
				-25,
				1.089,
				-25,
				1.367,
				-25,
				1,
				1.667,
				-25,
				1.967,
				0,
				2.267,
				0
			]
		},
		{
			"Target": "Parameter",
			"Id": "Param86",
			"Segments": [
				0,
				0,
				1,
				0.178,
				0,
				0.356,
				-22,
				0.533,
				-22,
				1,
				0.811,
				-22,
				1.089,
				-22,
				1.367,
				-22,
				1,
				1.667,
				-22,
				1.967,
				0,
				2.267,
				0
			]
		},
		{
			"Target": "Parameter",
			"Id": "ParamMouthForm",
			"Segments": [
				0,
				0,
				1,
				0.144,
				0,
				0.289,
				0,
				0.433,
				0,
				1,
				0.744,
				0,
				1.056,
				0,
				1.367,
				0,
				1,
				1.667,
				0,
				1.967,
				0,
				2.267,
				0
			]
		},
		{
			"Target": "Parameter",
			"Id": "ParamMouthOpenY",
			"Segments": [
				0,
				0,
				1,
				0.144,
				0,
				0.289,
				0,
				0.433,
				0,
				1,
				1.044,
				0,
				1.656,
				0,
				2.267,
				0
			]
		},
		{
			"Target": "Parameter",
			"Id": "Param57",
			"Segments": [
				0,
				0,
				1,
				0.144,
				0,
				0.289,
				1,
				0.433,
				1,
				1,
				0.744,
				1,
				1.056,
				1,
				1.367,
				1,
				1,
				1.667,
				1,
				1.967,
				0,
				2.267,
				0
			]
		},
		{
			"Target": "Parameter",
			"Id": "Param71",
			"Segments": [
				0,
				0,
				1,
				0.144,
				0,
				0.289,
				0,
				0.433,
				0,
				1,
				1.044,
				0,
				1.656,
				0,
				2.267,
				0
			]
		},
		{
			"Target": "Parameter",
			"Id": "Param78",
			"Segments": [
				0,
				0,
				1,
				0.144,
				0,
				0.289,
				0,
				0.433,
				0,
				1,
				1.044,
				0,
				1.656,
				0,
				2.267,
				0
			]
		},
		{
			"Target": "Parameter",
			"Id": "Param58",
			"Segments": [
				0,
				0,
				1,
				0.144,
				0,
				0.289,
				0,
				0.433,
				0,
				1,
				1.044,
				0,
				1.656,
				0,
				2.267,
				0
			]
		},
		{
			"Target": "Parameter",
			"Id": "Param67",
			"Segments": [
				0,
				0,
				1,
				0.144,
				0,
				0.289,
				0,
				0.433,
				0,
				1,
				1.044,
				0,
				1.656,
				0,
				2.267,
				0
			]
		},
		{
			"Target": "Parameter",
			"Id": "Param68",
			"Segments": [
				0,
				0,
				1,
				0.144,
				0,
				0.289,
				0,
				0.433,
				0,
				1,
				1.044,
				0,
				1.656,
				0,
				2.267,
				0
			]
		},
		{
			"Target": "Parameter",
			"Id": "Param69",
			"Segments": [
				0,
				1,
				1,
				0.144,
				1,
				0.289,
				1,
				0.433,
				1,
				1,
				1.044,
				1,
				1.656,
				1,
				2.267,
				1
			]
		},
		{
			"Target": "Parameter",
			"Id": "Param193",
			"Segments": [
				0,
				0,
				0,
				2.267,
				0
			]
		},
		{
			"Target": "Parameter",
			"Id": "Param197",
			"Segments": [
				0,
				0,
				0,
				2.267,
				0
			]
		},
		{
			"Target": "Parameter",
			"Id": "Param195",
			"Segments": [
				0,
				0,
				0,
				2.267,
				0
			]
		},
		{
			"Target": "Parameter",
			"Id": "Param181",
			"Segments": [
				0,
				0,
				0,
				2.267,
				0
			]
		},
		{
			"Target": "Parameter",
			"Id": "Param184",
			"Segments": [
				0,
				0,
				0,
				2.267,
				0
			]
		},
		{
			"Target": "Parameter",
			"Id": "Param182",
			"Segments": [
				0,
				0,
				0,
				2.267,
				0
			]
		},
		{
			"Target": "Parameter",
			"Id": "Param183",
			"Segments": [
				0,
				0,
				0,
				2.267,
				0
			]
		},
		{
			"Target": "Parameter",
			"Id": "Param188",
			"Segments": [
				0,
				0,
				0,
				2.267,
				0
			]
		},
		{
			"Target": "Parameter",
			"Id": "Param149",
			"Segments": [
				0,
				0,
				0,
				2.267,
				0
			]
		},
		{
			"Target": "Parameter",
			"Id": "Param172",
			"Segments": [
				0,
				0,
				0,
				2.267,
				0
			]
		},
		{
			"Target": "Parameter",
			"Id": "Param163",
			"Segments": [
				0,
				-30,
				0,
				2.267,
				-30
			]
		},
		{
			"Target": "Parameter",
			"Id": "Param164",
			"Segments": [
				0,
				-30,
				0,
				2.267,
				-30
			]
		},
		{
			"Target": "Parameter",
			"Id": "Param165",
			"Segments": [
				0,
				-30,
				0,
				2.267,
				-30
			]
		},
		{
			"Target": "Parameter",
			"Id": "Param150",
			"Segments": [
				0,
				0,
				0,
				2.267,
				0
			]
		},
		{
			"Target": "Parameter",
			"Id": "Param151",
			"Segments": [
				0,
				0,
				0,
				2.267,
				0
			]
		},
		{
			"Target": "Parameter",
			"Id": "Param159",
			"Segments": [
				0,
				1,
				0,
				2.267,
				1
			]
		},
		{
			"Target": "Parameter",
			"Id": "Param160",
			"Segments": [
				0,
				1,
				0,
				2.267,
				1
			]
		},
		{
			"Target": "Parameter",
			"Id": "Param147",
			"Segments": [
				0,
				-30,
				0,
				2.267,
				-30
			]
		},
		{
			"Target": "Parameter",
			"Id": "Param148",
			"Segments": [
				0,
				-30,
				0,
				2.267,
				-30
			]
		},
		{
			"Target": "Parameter",
			"Id": "Param146",
			"Segments": [
				0,
				0,
				0,
				2.267,
				0
			]
		},
		{
			"Target": "Parameter",
			"Id": "Param144",
			"Segments": [
				0,
				0,
				0,
				2.267,
				0
			]
		},
		{
			"Target": "Parameter",
			"Id": "Param161",
			"Segments": [
				0,
				-30,
				0,
				2.267,
				-30
			]
		},
		{
			"Target": "Parameter",
			"Id": "Param162",
			"Segments": [
				0,
				0,
				0,
				2.267,
				0
			]
		},
		{
			"Target": "Parameter",
			"Id": "Param143",
			"Segments": [
				0,
				0,
				0,
				2.267,
				0
			]
		},
		{
			"Target": "Parameter",
			"Id": "Param145",
			"Segments": [
				0,
				0,
				0,
				2.267,
				0
			]
		},
		{
			"Target": "Parameter",
			"Id": "Param152",
			"Segments": [
				0,
				-30,
				0,
				2.267,
				-30
			]
		},
		{
			"Target": "Parameter",
			"Id": "Param157",
			"Segments": [
				0,
				0,
				0,
				2.267,
				0
			]
		},
		{
			"Target": "Parameter",
			"Id": "Param158",
			"Segments": [
				0,
				-30,
				0,
				2.267,
				-30
			]
		},
		{
			"Target": "Parameter",
			"Id": "Param154",
			"Segments": [
				0,
				0,
				0,
				2.267,
				0
			]
		},
		{
			"Target": "Parameter",
			"Id": "Param153",
			"Segments": [
				0,
				-30,
				0,
				2.267,
				-30
			]
		},
		{
			"Target": "Parameter",
			"Id": "Param155",
			"Segments": [
				0,
				0,
				0,
				2.267,
				0
			]
		},
		{
			"Target": "Parameter",
			"Id": "Param156",
			"Segments": [
				0,
				-30,
				0,
				2.267,
				-30
			]
		},
		{
			"Target": "Parameter",
			"Id": "Param65",
			"Segments": [
				0,
				0,
				1,
				0.144,
				0,
				0.289,
				0,
				0.433,
				0,
				1,
				1.044,
				0,
				1.656,
				0,
				2.267,
				0
			]
		},
		{
			"Target": "Parameter",
			"Id": "Param141",
			"Segments": [
				0,
				0,
				0,
				2.267,
				0
			]
		},
		{
			"Target": "Parameter",
			"Id": "Param66",
			"Segments": [
				0,
				0,
				1,
				0.144,
				0,
				0.289,
				0,
				0.433,
				0,
				1,
				1.044,
				0,
				1.656,
				0,
				2.267,
				0
			]
		},
		{
			"Target": "Parameter",
			"Id": "Param142",
			"Segments": [
				0,
				0,
				0,
				2.267,
				0
			]
		},
		{
			"Target": "Parameter",
			"Id": "Param166",
			"Segments": [
				0,
				0,
				2,
				2.267,
				0
			]
		},
		{
			"Target": "Parameter",
			"Id": "Param61",
			"Segments": [
				0,
				0,
				1,
				0.144,
				0,
				0.289,
				0,
				0.433,
				0,
				1,
				1.044,
				0,
				1.656,
				0,
				2.267,
				0
			]
		},
		{
			"Target": "Parameter",
			"Id": "Param62",
			"Segments": [
				0,
				0,
				1,
				0.144,
				0,
				0.289,
				0,
				0.433,
				0,
				1,
				1.044,
				0,
				1.656,
				0,
				2.267,
				0
			]
		},
		{
			"Target": "Parameter",
			"Id": "Param81",
			"Segments": [
				0,
				0,
				1,
				0.144,
				0,
				0.289,
				0,
				0.433,
				0,
				1,
				1.044,
				0,
				1.656,
				0,
				2.267,
				0
			]
		},
		{
			"Target": "Parameter",
			"Id": "Param59",
			"Segments": [
				0,
				0,
				1,
				0.144,
				0,
				0.289,
				0,
				0.433,
				0,
				1,
				1.044,
				0,
				1.656,
				0,
				2.267,
				0
			]
		},
		{
			"Target": "Parameter",
			"Id": "Param60",
			"Segments": [
				0,
				0,
				1,
				0.144,
				0,
				0.289,
				0,
				0.433,
				0,
				1,
				1.044,
				0,
				1.656,
				0,
				2.267,
				0
			]
		},
		{
			"Target": "Parameter",
			"Id": "Param4",
			"Segments": [
				0,
				0,
				1,
				0.144,
				0,
				0.289,
				0,
				0.433,
				0,
				1,
				1.044,
				0,
				1.656,
				0,
				2.267,
				0
			]
		},
		{
			"Target": "Parameter",
			"Id": "Param51",
			"Segments": [
				0,
				0,
				1,
				0.144,
				0,
				0.289,
				0,
				0.433,
				0,
				1,
				1.044,
				0,
				1.656,
				0,
				2.267,
				0
			]
		},
		{
			"Target": "Parameter",
			"Id": "Param52",
			"Segments": [
				0,
				0,
				1,
				0.144,
				0,
				0.289,
				0,
				0.433,
				0,
				1,
				1.044,
				0,
				1.656,
				0,
				2.267,
				0
			]
		},
		{
			"Target": "Parameter",
			"Id": "Param53",
			"Segments": [
				0,
				0,
				1,
				0.144,
				0,
				0.289,
				0,
				0.433,
				0,
				1,
				1.044,
				0,
				1.656,
				0,
				2.267,
				0
			]
		},
		{
			"Target": "Parameter",
			"Id": "Param54",
			"Segments": [
				0,
				0,
				1,
				0.144,
				0,
				0.289,
				0,
				0.433,
				0,
				1,
				1.044,
				0,
				1.656,
				0,
				2.267,
				0
			]
		},
		{
			"Target": "Parameter",
			"Id": "Param55",
			"Segments": [
				0,
				0,
				1,
				0.144,
				0,
				0.289,
				0,
				0.433,
				0,
				1,
				1.044,
				0,
				1.656,
				0,
				2.267,
				0
			]
		},
		{
			"Target": "Parameter",
			"Id": "Param3",
			"Segments": [
				0,
				0,
				1,
				0.144,
				0,
				0.289,
				0,
				0.433,
				0,
				1,
				1.044,
				0,
				1.656,
				0,
				2.267,
				0
			]
		},
		{
			"Target": "Parameter",
			"Id": "Param79",
			"Segments": [
				0,
				0,
				1,
				0.144,
				0,
				0.289,
				0,
				0.433,
				0,
				1,
				1.044,
				0,
				1.656,
				0,
				2.267,
				0
			]
		},
		{
			"Target": "Parameter",
			"Id": "Param80",
			"Segments": [
				0,
				0,
				1,
				0.144,
				0,
				0.289,
				0,
				0.433,
				0,
				1,
				1.044,
				0,
				1.656,
				0,
				2.267,
				0
			]
		},
		{
			"Target": "Parameter",
			"Id": "Param87",
			"Segments": [
				0,
				0,
				1,
				0.144,
				0,
				0.289,
				0,
				0.433,
				0,
				1,
				1.044,
				0,
				1.656,
				0,
				2.267,
				0
			]
		},
		{
			"Target": "Parameter",
			"Id": "Param88",
			"Segments": [
				0,
				0,
				1,
				0.144,
				0,
				0.289,
				0,
				0.433,
				0,
				1,
				1.044,
				0,
				1.656,
				0,
				2.267,
				0
			]
		},
		{
			"Target": "Parameter",
			"Id": "Param132",
			"Segments": [
				0,
				0,
				1,
				0.144,
				0,
				0.289,
				0,
				0.433,
				0,
				1,
				1.044,
				0,
				1.656,
				0,
				2.267,
				0
			]
		},
		{
			"Target": "Parameter",
			"Id": "Param133",
			"Segments": [
				0,
				0,
				1,
				0.144,
				0,
				0.289,
				0,
				0.433,
				0,
				1,
				1.044,
				0,
				1.656,
				0,
				2.267,
				0
			]
		},
		{
			"Target": "Parameter",
			"Id": "Param178",
			"Segments": [
				0,
				0,
				0,
				2.267,
				0
			]
		},
		{
			"Target": "Parameter",
			"Id": "Param48",
			"Segments": [
				0,
				0,
				1,
				0.144,
				0,
				0.289,
				0,
				0.433,
				0,
				1,
				1.044,
				0,
				1.656,
				0,
				2.267,
				0
			]
		},
		{
			"Target": "Parameter",
			"Id": "Param63",
			"Segments": [
				0,
				0,
				1,
				0.144,
				0,
				0.289,
				0,
				0.433,
				0,
				1,
				1.044,
				0,
				1.656,
				0,
				2.267,
				0
			]
		},
		{
			"Target": "Parameter",
			"Id": "Param64",
			"Segments": [
				0,
				0,
				1,
				0.144,
				0,
				0.289,
				0,
				0.433,
				0,
				1,
				1.044,
				0,
				1.656,
				0,
				2.267,
				0
			]
		},
		{
			"Target": "Parameter",
			"Id": "Param127",
			"Segments": [
				0,
				0,
				1,
				0.144,
				0,
				0.289,
				0,
				0.433,
				0,
				1,
				1.044,
				0,
				1.656,
				0,
				2.267,
				0
			]
		},
		{
			"Target": "Parameter",
			"Id": "Param138",
			"Segments": [
				0,
				0,
				1,
				0.144,
				0,
				0.289,
				0,
				0.433,
				0,
				1,
				1.044,
				0,
				1.656,
				0,
				2.267,
				0
			]
		},
		{
			"Target": "Parameter",
			"Id": "Param125",
			"Segments": [
				0,
				0,
				1,
				0.144,
				0,
				0.289,
				0,
				0.433,
				0,
				1,
				1.044,
				0,
				1.656,
				0,
				2.267,
				0
			]
		},
		{
			"Target": "Parameter",
			"Id": "Param128",
			"Segments": [
				0,
				0,
				1,
				0.144,
				0,
				0.289,
				0,
				0.433,
				0,
				1,
				1.044,
				0,
				1.656,
				0,
				2.267,
				0
			]
		},
		{
			"Target": "Parameter",
			"Id": "Param126",
			"Segments": [
				0,
				0,
				0,
				0.433,
				0,
				0,
				2.267,
				0
			]
		},
		{
			"Target": "Parameter",
			"Id": "Param124",
			"Segments": [
				0,
				0,
				1,
				0.144,
				0,
				0.289,
				0,
				0.433,
				0,
				1,
				1.044,
				0,
				1.656,
				0,
				2.267,
				0
			]
		},
		{
			"Target": "Parameter",
			"Id": "Param179",
			"Segments": [
				0,
				0,
				0,
				2.267,
				0
			]
		},
		{
			"Target": "Parameter",
			"Id": "Param192",
			"Segments": [
				0,
				0,
				0,
				2.267,
				0
			]
		},
		{
			"Target": "Parameter",
			"Id": "Param189",
			"Segments": [
				0,
				0,
				0,
				2.267,
				0
			]
		},
		{
			"Target": "Parameter",
			"Id": "Param137",
			"Segments": [
				0,
				0,
				1,
				0.144,
				0,
				0.289,
				0,
				0.433,
				0,
				1,
				1.044,
				0,
				1.656,
				0,
				2.267,
				0
			]
		},
		{
			"Target": "Parameter",
			"Id": "Param46",
			"Segments": [
				0,
				0,
				1,
				0.144,
				0,
				0.289,
				0,
				0.433,
				0,
				1,
				1.044,
				0,
				1.656,
				0,
				2.267,
				0
			]
		},
		{
			"Target": "Parameter",
			"Id": "Param47",
			"Segments": [
				0,
				0,
				1,
				0.144,
				0,
				0.289,
				0,
				0.433,
				0,
				1,
				1.044,
				0,
				1.656,
				0,
				2.267,
				0
			]
		},
		{
			"Target": "Parameter",
			"Id": "Param196",
			"Segments": [
				0,
				0,
				0,
				2.267,
				0
			]
		},
		{
			"Target": "Parameter",
			"Id": "Param123",
			"Segments": [
				0,
				0,
				1,
				0.144,
				0,
				0.289,
				1,
				0.433,
				1,
				1,
				0.744,
				1,
				1.056,
				1,
				1.367,
				1,
				1,
				1.611,
				1,
				1.856,
				0,
				2.1,
				0,
				1,
				2.156,
				0,
				2.211,
				0,
				2.267,
				0
			]
		},
		{
			"Target": "Parameter",
			"Id": "Param134",
			"Segments": [
				0,
				0,
				1,
				0.144,
				0,
				0.289,
				0,
				0.433,
				0,
				1,
				1.044,
				0,
				1.656,
				0,
				2.267,
				0
			]
		},
		{
			"Target": "Parameter",
			"Id": "Param135",
			"Segments": [
				0,
				0,
				1,
				0.144,
				0,
				0.289,
				0,
				0.433,
				0,
				1,
				1.044,
				0,
				1.656,
				0,
				2.267,
				0
			]
		},
		{
			"Target": "Parameter",
			"Id": "Param136",
			"Segments": [
				0,
				0,
				1,
				0.144,
				0,
				0.289,
				0,
				0.433,
				0,
				1,
				1.044,
				0,
				1.656,
				0,
				2.267,
				0
			]
		},
		{
			"Target": "Parameter",
			"Id": "Param_Angle_Rotation5",
			"Segments": [
				0,
				-3.15,
				1,
				0.1,
				-2.917,
				0.2,
				-2,
				0.3,
				-2,
				1,
				0.4,
				-2,
				0.5,
				-7.205,
				0.6,
				-7.205,
				1,
				0.8,
				-7.205,
				1,
				-4.705,
				1.2,
				-4.705,
				1,
				1.389,
				-4.705,
				1.578,
				-7.088,
				1.767,
				-7.088,
				1,
				1.933,
				-7.088,
				2.1,
				-3.15,
				2.267,
				-3.15
			]
		},
		{
			"Target": "Parameter",
			"Id": "Param_Angle_Rotation6",
			"Segments": [
				0,
				0.259,
				1,
				0.111,
				0.378,
				0.222,
				1,
				0.333,
				1,
				1,
				0.433,
				1,
				0.533,
				-3.492,
				0.633,
				-3.492,
				1,
				0.833,
				-3.492,
				1.033,
				-1.744,
				1.233,
				-1.744,
				1,
				1.422,
				-1.744,
				1.611,
				-4.08,
				1.8,
				-4.08,
				1,
				1.956,
				-4.08,
				2.111,
				0.259,
				2.267,
				0.259
			]
		},
		{
			"Target": "Parameter",
			"Id": "Param_Angle_Rotation7",
			"Segments": [
				0,
				1.362,
				1,
				0.133,
				1.764,
				0.267,
				6.977,
				0.4,
				6.977,
				1,
				0.5,
				6.977,
				0.6,
				-4.174,
				0.7,
				-4.174,
				1,
				0.9,
				-4.174,
				1.1,
				14,
				1.3,
				14,
				1,
				1.489,
				14,
				1.678,
				-2.007,
				1.867,
				-2.007,
				1,
				2,
				-2.007,
				2.133,
				1.362,
				2.267,
				1.362
			]
		},
		{
			"Target": "Parameter",
			"Id": "Param_Angle_Rotation8",
			"Segments": [
				0,
				5.224,
				1,
				0.156,
				6.173,
				0.311,
				11.462,
				0.467,
				11.462,
				1,
				0.567,
				11.462,
				0.667,
				-5,
				0.767,
				-5,
				1,
				0.967,
				-5,
				1.167,
				8.648,
				1.367,
				8.648,
				1,
				1.556,
				8.648,
				1.744,
				1.25,
				1.933,
				1.25,
				1,
				2.044,
				1.25,
				2.156,
				5.224,
				2.267,
				5.224
			]
		},
		{
			"Target": "Parameter",
			"Id": "Param8",
			"Segments": [
				0,
				8.006,
				1,
				0.178,
				8.006,
				0.356,
				14.922,
				0.533,
				14.921,
				1,
				0.633,
				14.922,
				0.733,
				3.138,
				0.833,
				3.138,
				1,
				1.033,
				3.138,
				1.233,
				12.126,
				1.433,
				12.126,
				1,
				1.622,
				12.126,
				1.811,
				4.936,
				2,
				4.936,
				1,
				2.089,
				4.936,
				2.178,
				8.006,
				2.267,
				8.006
			]
		},
		{
			"Target": "Parameter",
			"Id": "Param10",
			"Segments": [
				0,
				1.701,
				1,
				0.1,
				2.179,
				0.2,
				5.624,
				0.3,
				5.624,
				1,
				0.4,
				5.624,
				0.5,
				2.041,
				0.6,
				2.041,
				1,
				0.8,
				2.041,
				1,
				3.744,
				1.2,
				3.744,
				1,
				1.389,
				3.744,
				1.578,
				0.653,
				1.767,
				0.653,
				1,
				1.933,
				0.653,
				2.1,
				1.701,
				2.267,
				1.701
			]
		},
		{
			"Target": "Parameter",
			"Id": "Param11",
			"Segments": [
				0,
				-1.443,
				1,
				0.111,
				-0.72,
				0.222,
				5.06,
				0.333,
				5.06,
				1,
				0.433,
				5.06,
				0.533,
				0.276,
				0.633,
				0.276,
				1,
				0.833,
				0.276,
				1.033,
				2.531,
				1.233,
				2.531,
				1,
				1.422,
				2.531,
				1.611,
				-3.561,
				1.8,
				-3.561,
				1,
				1.956,
				-3.561,
				2.111,
				-1.443,
				2.267,
				-1.443
			]
		},
		{
			"Target": "Parameter",
			"Id": "Param12",
			"Segments": [
				0,
				-3.121,
				1,
				0.133,
				-3.121,
				0.267,
				7.654,
				0.4,
				7.654,
				1,
				0.5,
				7.654,
				0.6,
				-4.299,
				0.7,
				-4.299,
				1,
				0.9,
				-4.299,
				1.1,
				4.22,
				1.3,
				4.22,
				1,
				1.489,
				4.22,
				1.678,
				-4,
				1.867,
				-4,
				1,
				2,
				-4,
				2.133,
				-3.121,
				2.267,
				-3.121
			]
		},
		{
			"Target": "Parameter",
			"Id": "Param13",
			"Segments": [
				0,
				-9.832,
				1,
				0.156,
				-9.064,
				0.311,
				-0.803,
				0.467,
				-0.803,
				1,
				0.567,
				-0.803,
				0.667,
				-9.046,
				0.767,
				-9.046,
				1,
				0.967,
				-9.046,
				1.167,
				-3.149,
				1.367,
				-3.149,
				1,
				1.556,
				-3.149,
				1.744,
				-11.836,
				1.933,
				-11.836,
				1,
				2.044,
				-11.836,
				2.156,
				-9.832,
				2.267,
				-9.832
			]
		},
		{
			"Target": "Parameter",
			"Id": "Param14",
			"Segments": [
				0,
				17.992,
				1,
				0.178,
				20.554,
				0.356,
				23.864,
				0.533,
				23.864,
				1,
				0.633,
				23.864,
				0.733,
				18.62,
				0.833,
				18.62,
				1,
				1.033,
				18.62,
				1.233,
				23.103,
				1.433,
				23.103,
				1,
				1.622,
				23.103,
				1.811,
				16.08,
				2,
				16.08,
				1,
				2.089,
				16.08,
				2.178,
				17.992,
				2.267,
				17.992
			]
		},
		{
			"Target": "Parameter",
			"Id": "Param6",
			"Segments": [
				0,
				7.81,
				1,
				0.078,
				6.363,
				0.156,
				-3,
				0.233,
				-3,
				1,
				0.344,
				-3,
				0.456,
				11.875,
				0.567,
				11.875,
				1,
				0.778,
				11.875,
				0.989,
				1.335,
				1.2,
				1.335,
				1,
				1.378,
				1.335,
				1.556,
				11.555,
				1.733,
				11.555,
				1,
				1.911,
				11.555,
				2.089,
				7.81,
				2.267,
				7.81
			]
		},
		{
			"Target": "Parameter",
			"Id": "Param7",
			"Segments": [
				0,
				-1.584,
				1,
				0.111,
				-5.698,
				0.222,
				-9,
				0.333,
				-9,
				1,
				0.467,
				-9,
				0.6,
				4.873,
				0.733,
				4.873,
				1,
				0.922,
				4.873,
				1.111,
				-6.404,
				1.3,
				-6.404,
				1,
				1.478,
				-6.404,
				1.656,
				2.807,
				1.833,
				2.807,
				1,
				1.978,
				2.807,
				2.122,
				-1.584,
				2.267,
				-1.584
			]
		},
		{
			"Target": "Parameter",
			"Id": "Param15",
			"Segments": [
				0,
				0.597,
				1,
				0.122,
				2.206,
				0.244,
				3.575,
				0.367,
				3.575,
				1,
				0.5,
				3.575,
				0.633,
				-0.991,
				0.767,
				-0.991,
				1,
				0.922,
				-0.991,
				1.078,
				1.067,
				1.233,
				1.067,
				1,
				1.411,
				1.067,
				1.589,
				-2.648,
				1.767,
				-2.648,
				1,
				1.933,
				-2.648,
				2.1,
				0.597,
				2.267,
				0.597
			]
		},
		{
			"Target": "Parameter",
			"Id": "Param16",
			"Segments": [
				0,
				-4.877,
				1,
				0.144,
				-3.106,
				0.289,
				-1.757,
				0.433,
				-1.757,
				1,
				0.567,
				-1.757,
				0.7,
				-6.123,
				0.833,
				-6.123,
				1,
				0.989,
				-6.123,
				1.144,
				-3.786,
				1.3,
				-3.786,
				1,
				1.478,
				-3.786,
				1.656,
				-8,
				1.833,
				-8,
				1,
				1.978,
				-8,
				2.122,
				-4.877,
				2.267,
				-4.877
			]
		},
		{
			"Target": "Parameter",
			"Id": "Param17",
			"Segments": [
				0,
				-0.898,
				1,
				0.111,
				0.616,
				0.222,
				4.575,
				0.333,
				4.575,
				1,
				0.467,
				4.575,
				0.6,
				-1.347,
				0.733,
				-1.347,
				1,
				0.889,
				-1.347,
				1.044,
				0.534,
				1.2,
				0.533,
				1,
				1.378,
				0.534,
				1.556,
				-3.161,
				1.733,
				-3.161,
				1,
				1.911,
				-3.161,
				2.089,
				-0.898,
				2.267,
				-0.898
			]
		},
		{
			"Target": "Parameter",
			"Id": "Param18",
			"Segments": [
				0,
				-6.337,
				1,
				0.133,
				-4.514,
				0.267,
				3.473,
				0.4,
				3.473,
				1,
				0.533,
				3.473,
				0.667,
				-5.234,
				0.8,
				-5.234,
				1,
				0.956,
				-5.234,
				1.111,
				-2.312,
				1.267,
				-2.312,
				1,
				1.444,
				-2.312,
				1.622,
				-9.52,
				1.8,
				-9.52,
				1,
				1.956,
				-9.52,
				2.111,
				-6.337,
				2.267,
				-6.337
			]
		},
		{
			"Target": "Parameter",
			"Id": "Param19",
			"Segments": [
				0,
				-1.778,
				1,
				0.133,
				-0.095,
				0.267,
				2.472,
				0.4,
				2.472,
				1,
				0.533,
				2.472,
				0.667,
				-2.693,
				0.8,
				-2.693,
				1,
				0.956,
				-2.693,
				1.111,
				-0.229,
				1.267,
				-0.229,
				1,
				1.444,
				-0.229,
				1.622,
				-6.988,
				1.8,
				-6.987,
				1,
				1.956,
				-6.988,
				2.111,
				-1.778,
				2.267,
				-1.778
			]
		},
		{
			"Target": "Parameter",
			"Id": "Param20",
			"Segments": [
				0,
				-7.029,
				1,
				0.156,
				-5.183,
				0.311,
				-0.527,
				0.467,
				-0.527,
				1,
				0.6,
				-0.527,
				0.733,
				-4.395,
				0.867,
				-4.395,
				1,
				1.022,
				-4.395,
				1.178,
				-2.668,
				1.333,
				-2.668,
				1,
				1.511,
				-2.668,
				1.689,
				-11.462,
				1.867,
				-11.462,
				1,
				2,
				-11.462,
				2.133,
				-7.029,
				2.267,
				-7.029
			]
		},
		{
			"Target": "Parameter",
			"Id": "Param21",
			"Segments": [
				0,
				-2.647,
				1,
				0.133,
				-1.018,
				0.267,
				4.665,
				0.4,
				4.665,
				1,
				0.533,
				4.665,
				0.667,
				-6.085,
				0.8,
				-6.085,
				1,
				0.956,
				-6.085,
				1.111,
				-1.798,
				1.267,
				-1.798,
				1,
				1.444,
				-1.798,
				1.622,
				-10.248,
				1.8,
				-10.248,
				1,
				1.956,
				-10.248,
				2.111,
				-2.647,
				2.267,
				-2.647
			]
		},
		{
			"Target": "Parameter",
			"Id": "Param22",
			"Segments": [
				0,
				-7.397,
				1,
				0.156,
				-5.675,
				0.311,
				-0.721,
				0.467,
				-0.721,
				1,
				0.6,
				-0.721,
				0.733,
				-10.085,
				0.867,
				-10.085,
				1,
				1.022,
				-10.085,
				1.178,
				-5.941,
				1.333,
				-5.941,
				1,
				1.544,
				-5.941,
				1.756,
				-16.533,
				1.967,
				-16.533,
				1,
				2.067,
				-16.533,
				2.167,
				-7.397,
				2.267,
				-7.397
			]
		},
		{
			"Target": "Parameter",
			"Id": "Param23",
			"Segments": [
				0,
				-4.647,
				1,
				0.122,
				-3.209,
				0.244,
				0.902,
				0.367,
				0.902,
				1,
				0.5,
				0.902,
				0.633,
				-9.085,
				0.767,
				-9.085,
				1,
				0.922,
				-9.085,
				1.078,
				-4.647,
				1.233,
				-4.647,
				1,
				1.411,
				-4.647,
				1.589,
				-13.143,
				1.767,
				-13.143,
				1,
				1.933,
				-13.143,
				2.1,
				-4.647,
				2.267,
				-4.647
			]
		},
		{
			"Target": "Parameter",
			"Id": "Param24",
			"Segments": [
				0,
				-13.284,
				1,
				0.144,
				-11.374,
				0.289,
				-3.931,
				0.433,
				-3.931,
				1,
				0.567,
				-3.931,
				0.7,
				-13.085,
				0.833,
				-13.085,
				1,
				0.989,
				-13.085,
				1.144,
				-8.716,
				1.3,
				-8.716,
				1,
				1.511,
				-8.716,
				1.722,
				-21.939,
				1.933,
				-21.939,
				1,
				2.044,
				-21.939,
				2.156,
				-13.284,
				2.267,
				-13.284
			]
		},
		{
			"Target": "Parameter",
			"Id": "Param25",
			"Segments": [
				0,
				-20.52,
				1,
				0.067,
				-18.02,
				0.133,
				-7.434,
				0.2,
				-7.434,
				1,
				0.311,
				-7.434,
				0.422,
				-16,
				0.533,
				-16,
				1,
				0.744,
				-16,
				0.956,
				14.8,
				1.167,
				14.8,
				1,
				1.344,
				14.8,
				1.522,
				-28.464,
				1.7,
				-28.464,
				1,
				1.889,
				-28.464,
				2.078,
				-20.52,
				2.267,
				-20.52
			]
		},
		{
			"Target": "Parameter",
			"Id": "Param31",
			"Segments": [
				0,
				-17.787,
				1,
				0.089,
				-17.787,
				0.178,
				0.944,
				0.267,
				0.944,
				1,
				0.378,
				0.944,
				0.489,
				-8.778,
				0.6,
				-8.778,
				1,
				0.811,
				-8.778,
				1.022,
				19.297,
				1.233,
				19.297,
				1,
				1.411,
				19.297,
				1.589,
				-24.884,
				1.767,
				-24.884,
				1,
				1.933,
				-24.884,
				2.1,
				-17.787,
				2.267,
				-17.787
			]
		},
		{
			"Target": "Parameter",
			"Id": "Param26",
			"Segments": [
				0,
				15.684,
				1,
				0.089,
				15.684,
				0.178,
				21,
				0.267,
				21,
				1,
				0.378,
				21,
				0.489,
				5.659,
				0.6,
				5.659,
				1,
				0.811,
				5.659,
				1.022,
				21,
				1.233,
				21,
				1,
				1.411,
				21,
				1.589,
				-1.888,
				1.767,
				-1.888,
				1,
				1.933,
				-1.888,
				2.1,
				15.684,
				2.267,
				15.684
			]
		},
		{
			"Target": "Parameter",
			"Id": "Param32",
			"Segments": [
				0,
				11.179,
				1,
				0.111,
				16.111,
				0.222,
				18.054,
				0.333,
				18.054,
				1,
				0.444,
				18.054,
				0.556,
				7.4,
				0.667,
				7.4,
				1,
				0.878,
				7.4,
				1.089,
				25.107,
				1.3,
				25.107,
				1,
				1.478,
				25.107,
				1.656,
				-3.817,
				1.833,
				-3.817,
				1,
				1.978,
				-3.817,
				2.122,
				11.179,
				2.267,
				11.179
			]
		},
		{
			"Target": "Parameter",
			"Id": "Param27",
			"Segments": [
				0,
				-7.945,
				1,
				0.067,
				-7.945,
				0.133,
				3.599,
				0.2,
				3.599,
				1,
				0.311,
				3.599,
				0.422,
				-16,
				0.533,
				-16,
				1,
				0.744,
				-16,
				0.956,
				22.107,
				1.167,
				22.107,
				1,
				1.344,
				22.107,
				1.522,
				-19.155,
				1.7,
				-19.155,
				1,
				1.889,
				-19.155,
				2.078,
				-7.945,
				2.267,
				-7.945
			]
		},
		{
			"Target": "Parameter",
			"Id": "Param29",
			"Segments": [
				0,
				1.942,
				1,
				0.089,
				1.942,
				0.178,
				8,
				0.267,
				8,
				1,
				0.378,
				8,
				0.489,
				-3.845,
				0.6,
				-3.845,
				1,
				0.811,
				-3.845,
				1.022,
				25.107,
				1.233,
				25.107,
				1,
				1.411,
				25.107,
				1.589,
				-11.317,
				1.767,
				-11.317,
				1,
				1.933,
				-11.317,
				2.1,
				1.942,
				2.267,
				1.942
			]
		},
		{
			"Target": "Parameter",
			"Id": "Param28",
			"Segments": [
				0,
				10.922,
				1,
				0.089,
				14.825,
				0.178,
				15.163,
				0.267,
				15.163,
				1,
				0.378,
				15.163,
				0.489,
				1.886,
				0.6,
				1.886,
				1,
				0.811,
				1.886,
				1.022,
				24.107,
				1.233,
				24.107,
				1,
				1.411,
				24.107,
				1.589,
				-7.3,
				1.767,
				-7.3,
				1,
				1.933,
				-7.3,
				2.1,
				10.922,
				2.267,
				10.922
			]
		},
		{
			"Target": "Parameter",
			"Id": "Param30",
			"Segments": [
				0,
				-1.141,
				1,
				0.111,
				6.497,
				0.222,
				11.8,
				0.333,
				11.8,
				1,
				0.444,
				11.8,
				0.556,
				-1.141,
				0.667,
				-1.141,
				1,
				0.878,
				-1.141,
				1.089,
				27.107,
				1.3,
				27.107,
				1,
				1.478,
				27.107,
				1.656,
				-17.597,
				1.833,
				-17.597,
				1,
				1.978,
				-17.597,
				2.122,
				-1.141,
				2.267,
				-1.141
			]
		},
		{
			"Target": "Parameter",
			"Id": "Param42",
			"Segments": [
				0,
				-10.929,
				1,
				0.078,
				-10.929,
				0.156,
				6.746,
				0.233,
				6.746,
				1,
				0.344,
				6.746,
				0.456,
				-20.757,
				0.567,
				-20.757,
				1,
				0.778,
				-20.757,
				0.989,
				-1.557,
				1.2,
				-1.557,
				1,
				1.378,
				-1.557,
				1.556,
				-17.081,
				1.733,
				-17.081,
				1,
				1.911,
				-17.081,
				2.089,
				-10.929,
				2.267,
				-10.929
			]
		},
		{
			"Target": "Parameter",
			"Id": "Param43",
			"Segments": [
				0,
				0,
				1,
				0.756,
				0,
				1.511,
				0,
				2.267,
				0
			]
		},
		{
			"Target": "Parameter",
			"Id": "Param44",
			"Segments": [
				0,
				-10.929,
				1,
				0.089,
				-15.089,
				0.178,
				-18,
				0.267,
				-18,
				1,
				0.378,
				-18,
				0.489,
				7.17,
				0.6,
				7.17,
				1,
				0.811,
				7.17,
				1.022,
				-15.65,
				1.233,
				-15.65,
				1,
				1.411,
				-15.65,
				1.589,
				-2.788,
				1.767,
				-2.788,
				1,
				1.933,
				-2.788,
				2.1,
				-10.929,
				2.267,
				-10.929
			]
		},
		{
			"Target": "Parameter",
			"Id": "Param45",
			"Segments": [
				0,
				0,
				1,
				0.756,
				0,
				1.511,
				0,
				2.267,
				0
			]
		},
		{
			"Target": "Parameter",
			"Id": "Param167",
			"Segments": [
				0,
				0,
				0,
				2.267,
				0
			]
		},
		{
			"Target": "Parameter",
			"Id": "Param194",
			"Segments": [
				0,
				0,
				0,
				2.267,
				0
			]
		},
		{
			"Target": "Parameter",
			"Id": "Param190",
			"Segments": [
				0,
				0,
				0,
				2.267,
				0
			]
		},
		{
			"Target": "Parameter",
			"Id": "Param185",
			"Segments": [
				0,
				0,
				0,
				2.267,
				0
			]
		},
		{
			"Target": "Parameter",
			"Id": "Param186",
			"Segments": [
				0,
				0,
				0,
				2.267,
				0
			]
		},
		{
			"Target": "Parameter",
			"Id": "Param187",
			"Segments": [
				0,
				0,
				0,
				2.267,
				0
			]
		},
		{
			"Target": "Parameter",
			"Id": "fajiafaguang",
			"Segments": [
				0,
				0,
				1,
				0.144,
				0,
				0.289,
				0,
				0.433,
				0,
				1,
				1.044,
				0,
				1.656,
				0,
				2.267,
				0
			]
		},
		{
			"Target": "Parameter",
			"Id": "Param70",
			"Segments": [
				0,
				0,
				1,
				0.144,
				0,
				0.289,
				0,
				0.433,
				0,
				1,
				1.044,
				0,
				1.656,
				0,
				2.267,
				0
			]
		},
		{
			"Target": "Parameter",
			"Id": "Param9",
			"Segments": [
				0,
				0,
				1,
				0.144,
				0,
				0.289,
				0,
				0.433,
				0,
				1,
				1.044,
				0,
				1.656,
				0,
				2.267,
				0
			]
		},
		{
			"Target": "Parameter",
			"Id": "Param72",
			"Segments": [
				0,
				0,
				1,
				0.144,
				0,
				0.289,
				0,
				0.433,
				0,
				1,
				1.044,
				0,
				1.656,
				0,
				2.267,
				0
			]
		},
		{
			"Target": "Parameter",
			"Id": "Param73",
			"Segments": [
				0,
				1.948,
				1,
				0.067,
				1.948,
				0.133,
				-7,
				0.2,
				-7,
				1,
				0.278,
				-7,
				0.356,
				1.799,
				0.433,
				1.799,
				1,
				0.567,
				1.799,
				0.7,
				-0.121,
				0.833,
				-0.121,
				1,
				1.011,
				-0.121,
				1.189,
				0.548,
				1.367,
				0.548,
				1,
				1.544,
				0.548,
				1.722,
				-0.121,
				1.9,
				-0.121,
				1,
				2.022,
				-0.121,
				2.144,
				1.948,
				2.267,
				1.948
			]
		},
		{
			"Target": "Parameter",
			"Id": "Param77",
			"Segments": [
				0,
				0,
				1,
				0.067,
				0,
				0.133,
				0,
				0.2,
				0,
				1,
				0.278,
				0,
				0.356,
				-7.612,
				0.433,
				-8.005,
				1,
				0.744,
				-9.578,
				1.056,
				-9.943,
				1.367,
				-9.943,
				1,
				1.667,
				-9.943,
				1.967,
				0,
				2.267,
				0
			]
		},
		{
			"Target": "Parameter",
			"Id": "Param119",
			"Segments": [
				0,
				0,
				1,
				0.144,
				0,
				0.289,
				0,
				0.433,
				0,
				1,
				1.044,
				0,
				1.656,
				0,
				2.267,
				0
			]
		},
		{
			"Target": "Parameter",
			"Id": "Param120",
			"Segments": [
				0,
				0,
				1,
				0.144,
				0,
				0.289,
				0,
				0.433,
				0,
				1,
				1.044,
				0,
				1.656,
				0,
				2.267,
				0
			]
		},
		{
			"Target": "Parameter",
			"Id": "Param56",
			"Segments": [
				0,
				0,
				1,
				0.144,
				0,
				0.289,
				0,
				0.433,
				0,
				1,
				1.044,
				0,
				1.656,
				0,
				2.267,
				0
			]
		},
		{
			"Target": "Parameter",
			"Id": "Param74",
			"Segments": [
				0,
				0,
				1,
				0.144,
				0,
				0.289,
				0,
				0.433,
				0,
				1,
				1.044,
				0,
				1.656,
				0,
				2.267,
				0
			]
		},
		{
			"Target": "Parameter",
			"Id": "Param75",
			"Segments": [
				0,
				2.709,
				1,
				0.067,
				2.073,
				0.133,
				-6.377,
				0.2,
				-6.377,
				1,
				0.278,
				-6.377,
				0.356,
				2.553,
				0.433,
				2.553,
				1,
				0.567,
				2.553,
				0.7,
				0.548,
				0.833,
				0.548,
				1,
				1.011,
				0.548,
				1.189,
				1.217,
				1.367,
				1.217,
				1,
				1.544,
				1.217,
				1.722,
				0.548,
				1.9,
				0.548,
				1,
				2.022,
				0.548,
				2.144,
				2.709,
				2.267,
				2.709
			]
		},
		{
			"Target": "Parameter",
			"Id": "Param76",
			"Segments": [
				0,
				0,
				1,
				0.067,
				0,
				0.133,
				-3,
				0.2,
				-3,
				1,
				0.278,
				-3,
				0.356,
				9.146,
				0.433,
				9.54,
				1,
				0.744,
				11.118,
				1.056,
				11.478,
				1.367,
				11.478,
				1,
				1.667,
				11.478,
				1.967,
				0,
				2.267,
				0
			]
		},
		{
			"Target": "Parameter",
			"Id": "Param118",
			"Segments": [
				0,
				0,
				1,
				0.144,
				0,
				0.289,
				0,
				0.433,
				0,
				1,
				1.044,
				0,
				1.656,
				0,
				2.267,
				0
			]
		},
		{
			"Target": "Parameter",
			"Id": "Param33",
			"Segments": [
				0,
				0,
				1,
				0.144,
				0,
				0.289,
				0,
				0.433,
				0,
				1,
				1.044,
				0,
				1.656,
				0,
				2.267,
				0
			]
		},
		{
			"Target": "Parameter",
			"Id": "Param34",
			"Segments": [
				0,
				0,
				1,
				0.144,
				0,
				0.289,
				0,
				0.433,
				0,
				1,
				1.044,
				0,
				1.656,
				0,
				2.267,
				0
			]
		},
		{
			"Target": "Parameter",
			"Id": "Param35",
			"Segments": [
				0,
				0,
				1,
				0.144,
				0,
				0.289,
				0,
				0.433,
				0,
				1,
				1.044,
				0,
				1.656,
				0,
				2.267,
				0
			]
		},
		{
			"Target": "Parameter",
			"Id": "Param36",
			"Segments": [
				0,
				0,
				1,
				0.144,
				0,
				0.289,
				0,
				0.433,
				0,
				1,
				1.044,
				0,
				1.656,
				0,
				2.267,
				0
			]
		},
		{
			"Target": "Parameter",
			"Id": "Param89",
			"Segments": [
				0,
				0,
				1,
				0.144,
				0,
				0.289,
				0,
				0.433,
				0,
				1,
				1.044,
				0,
				1.656,
				0,
				2.267,
				0
			]
		},
		{
			"Target": "Parameter",
			"Id": "Param90",
			"Segments": [
				0,
				0,
				1,
				0.144,
				0,
				0.289,
				0,
				0.433,
				0,
				1,
				1.044,
				0,
				1.656,
				0,
				2.267,
				0
			]
		},
		{
			"Target": "Parameter",
			"Id": "Param91",
			"Segments": [
				0,
				-30,
				1,
				0.144,
				-30,
				0.289,
				-30,
				0.433,
				-30,
				1,
				1.044,
				-30,
				1.656,
				-30,
				2.267,
				-30
			]
		},
		{
			"Target": "Parameter",
			"Id": "Param92",
			"Segments": [
				0,
				0,
				1,
				0.144,
				0,
				0.289,
				0,
				0.433,
				0,
				1,
				1.044,
				0,
				1.656,
				0,
				2.267,
				0
			]
		},
		{
			"Target": "Parameter",
			"Id": "Param93",
			"Segments": [
				0,
				0,
				1,
				0.144,
				0,
				0.289,
				0,
				0.433,
				0,
				1,
				1.044,
				0,
				1.656,
				0,
				2.267,
				0
			]
		},
		{
			"Target": "Parameter",
			"Id": "Param94",
			"Segments": [
				0,
				0,
				1,
				0.144,
				0,
				0.289,
				0,
				0.433,
				0,
				1,
				1.044,
				0,
				1.656,
				0,
				2.267,
				0
			]
		},
		{
			"Target": "Parameter",
			"Id": "Param95",
			"Segments": [
				0,
				0,
				1,
				0.144,
				0,
				0.289,
				0,
				0.433,
				0,
				1,
				1.044,
				0,
				1.656,
				0,
				2.267,
				0
			]
		},
		{
			"Target": "Parameter",
			"Id": "Param96",
			"Segments": [
				0,
				0,
				1,
				0.144,
				0,
				0.289,
				0,
				0.433,
				0,
				1,
				1.044,
				0,
				1.656,
				0,
				2.267,
				0
			]
		},
		{
			"Target": "Parameter",
			"Id": "Param98",
			"Segments": [
				0,
				0,
				1,
				0.144,
				0,
				0.289,
				0,
				0.433,
				0,
				1,
				1.044,
				0,
				1.656,
				0,
				2.267,
				0
			]
		},
		{
			"Target": "Parameter",
			"Id": "Param99",
			"Segments": [
				0,
				0,
				1,
				0.144,
				0,
				0.289,
				0,
				0.433,
				0,
				1,
				1.044,
				0,
				1.656,
				0,
				2.267,
				0
			]
		},
		{
			"Target": "Parameter",
			"Id": "Param100",
			"Segments": [
				0,
				0,
				1,
				0.144,
				0,
				0.289,
				0,
				0.433,
				0,
				1,
				1.044,
				0,
				1.656,
				0,
				2.267,
				0
			]
		},
		{
			"Target": "Parameter",
			"Id": "Param101",
			"Segments": [
				0,
				0,
				1,
				0.144,
				0,
				0.289,
				0,
				0.433,
				0,
				1,
				1.044,
				0,
				1.656,
				0,
				2.267,
				0
			]
		},
		{
			"Target": "Parameter",
			"Id": "Param102",
			"Segments": [
				0,
				0,
				1,
				0.144,
				0,
				0.289,
				0,
				0.433,
				0,
				1,
				1.044,
				0,
				1.656,
				0,
				2.267,
				0
			]
		},
		{
			"Target": "Parameter",
			"Id": "Param103",
			"Segments": [
				0,
				0,
				1,
				0.144,
				0,
				0.289,
				0,
				0.433,
				0,
				1,
				1.044,
				0,
				1.656,
				0,
				2.267,
				0
			]
		},
		{
			"Target": "Parameter",
			"Id": "Param97",
			"Segments": [
				0,
				-30,
				1,
				0.144,
				-30,
				0.289,
				-30,
				0.433,
				-30,
				1,
				1.044,
				-30,
				1.656,
				-30,
				2.267,
				-30
			]
		},
		{
			"Target": "Parameter",
			"Id": "Param112",
			"Segments": [
				0,
				0,
				1,
				0.144,
				0,
				0.289,
				0,
				0.433,
				0,
				1,
				1.044,
				0,
				1.656,
				0,
				2.267,
				0
			]
		},
		{
			"Target": "Parameter",
			"Id": "Param113",
			"Segments": [
				0,
				0,
				1,
				0.144,
				0,
				0.289,
				0,
				0.433,
				0,
				1,
				1.044,
				0,
				1.656,
				0,
				2.267,
				0
			]
		},
		{
			"Target": "Parameter",
			"Id": "Param114",
			"Segments": [
				0,
				0,
				1,
				0.144,
				0,
				0.289,
				0,
				0.433,
				0,
				1,
				1.044,
				0,
				1.656,
				0,
				2.267,
				0
			]
		},
		{
			"Target": "Parameter",
			"Id": "Param115",
			"Segments": [
				0,
				0,
				1,
				0.144,
				0,
				0.289,
				0,
				0.433,
				0,
				1,
				1.044,
				0,
				1.656,
				0,
				2.267,
				0
			]
		},
		{
			"Target": "Parameter",
			"Id": "Param116",
			"Segments": [
				0,
				0,
				1,
				0.144,
				0,
				0.289,
				0,
				0.433,
				0,
				1,
				1.044,
				0,
				1.656,
				0,
				2.267,
				0
			]
		},
		{
			"Target": "Parameter",
			"Id": "Param117",
			"Segments": [
				0,
				0,
				1,
				0.144,
				0,
				0.289,
				0,
				0.433,
				0,
				1,
				1.044,
				0,
				1.656,
				0,
				2.267,
				0
			]
		},
		{
			"Target": "Parameter",
			"Id": "Param105",
			"Segments": [
				0,
				-30,
				1,
				0.144,
				-30,
				0.289,
				-30,
				0.433,
				-30,
				1,
				1.044,
				-30,
				1.656,
				-30,
				2.267,
				-30
			]
		},
		{
			"Target": "Parameter",
			"Id": "Param106",
			"Segments": [
				0,
				0,
				1,
				0.144,
				0,
				0.289,
				0,
				0.433,
				0,
				1,
				1.044,
				0,
				1.656,
				0,
				2.267,
				0
			]
		},
		{
			"Target": "Parameter",
			"Id": "Param107",
			"Segments": [
				0,
				0,
				1,
				0.144,
				0,
				0.289,
				0,
				0.433,
				0,
				1,
				1.044,
				0,
				1.656,
				0,
				2.267,
				0
			]
		},
		{
			"Target": "Parameter",
			"Id": "Param108",
			"Segments": [
				0,
				0,
				1,
				0.144,
				0,
				0.289,
				0,
				0.433,
				0,
				1,
				1.044,
				0,
				1.656,
				0,
				2.267,
				0
			]
		},
		{
			"Target": "Parameter",
			"Id": "Param109",
			"Segments": [
				0,
				0,
				1,
				0.144,
				0,
				0.289,
				0,
				0.433,
				0,
				1,
				1.044,
				0,
				1.656,
				0,
				2.267,
				0
			]
		},
		{
			"Target": "Parameter",
			"Id": "Param110",
			"Segments": [
				0,
				0,
				1,
				0.144,
				0,
				0.289,
				0,
				0.433,
				0,
				1,
				1.044,
				0,
				1.656,
				0,
				2.267,
				0
			]
		},
		{
			"Target": "Parameter",
			"Id": "Param111",
			"Segments": [
				0,
				0,
				1,
				0.144,
				0,
				0.289,
				0,
				0.433,
				0,
				1,
				1.044,
				0,
				1.656,
				0,
				2.267,
				0
			]
		},
		{
			"Target": "Parameter",
			"Id": "Param104",
			"Segments": [
				0,
				-30,
				1,
				0.144,
				-30,
				0.289,
				-30,
				0.433,
				-30,
				1,
				1.044,
				-30,
				1.656,
				-30,
				2.267,
				-30
			]
		},
		{
			"Target": "Parameter",
			"Id": "daimao",
			"Segments": [
				0,
				0,
				0,
				2.267,
				0
			]
		},
		{
			"Target": "Parameter",
			"Id": "Param168",
			"Segments": [
				0,
				0,
				0,
				2.267,
				0
			]
		},
		{
			"Target": "Parameter",
			"Id": "Param169",
			"Segments": [
				0,
				0,
				0,
				2.267,
				0
			]
		},
		{
			"Target": "Parameter",
			"Id": "Param173",
			"Segments": [
				0,
				0,
				0,
				2.267,
				0
			]
		},
		{
			"Target": "Parameter",
			"Id": "Param174",
			"Segments": [
				0,
				0,
				0,
				2.267,
				0
			]
		},
		{
			"Target": "Parameter",
			"Id": "Param175",
			"Segments": [
				0,
				0,
				0,
				2.267,
				0
			]
		},
		{
			"Target": "Parameter",
			"Id": "Param176",
			"Segments": [
				0,
				0,
				0,
				2.267,
				0
			]
		},
		{
			"Target": "Parameter",
			"Id": "Param177",
			"Segments": [
				0,
				0,
				0,
				2.267,
				0
			]
		},
		{
			"Target": "Parameter",
			"Id": "Param140",
			"Segments": [
				0,
				0,
				1,
				0.144,
				0,
				0.289,
				0,
				0.433,
				0,
				1,
				1.044,
				0,
				1.656,
				0,
				2.267,
				0
			]
		},
		{
			"Target": "Parameter",
			"Id": "ParamAngleX",
			"Segments": [
				0,
				0.497,
				1,
				0.2,
				3.211,
				0.4,
				20.996,
				0.6,
				21.251,
				1,
				0.911,
				21.649,
				1.222,
				21.621,
				1.533,
				21.621,
				1,
				1.778,
				21.621,
				2.022,
				0.497,
				2.267,
				0.497
			]
		},
		{
			"Target": "Parameter",
			"Id": "ParamAngleY",
			"Segments": [
				0,
				-1.019,
				1,
				0.089,
				-1.019,
				0.178,
				-12,
				0.267,
				-12,
				1,
				0.344,
				-12,
				0.422,
				16.983,
				0.5,
				16.983,
				1,
				0.811,
				16.983,
				1.122,
				17.183,
				1.433,
				15.845,
				1,
				1.711,
				14.65,
				1.989,
				-1.019,
				2.267,
				-1.019
			]
		},
		{
			"Target": "Parameter",
			"Id": "ParamAngleZ",
			"Segments": [
				0,
				0.398,
				1,
				0.178,
				1.45,
				0.356,
				17.2,
				0.533,
				17.2,
				1,
				0.844,
				17.2,
				1.156,
				17.302,
				1.467,
				14,
				1,
				1.733,
				11.169,
				2,
				0.398,
				2.267,
				0.398
			]
		},
		{
			"Target": "Parameter",
			"Id": "Param82",
			"Segments": [
				0,
				0,
				1,
				0.144,
				0,
				0.289,
				0,
				0.433,
				0,
				1,
				1.044,
				0,
				1.656,
				0,
				2.267,
				0
			]
		},
		{
			"Target": "Parameter",
			"Id": "Param83",
			"Segments": [
				0,
				0,
				1,
				0.144,
				0,
				0.289,
				0,
				0.433,
				0,
				1,
				1.044,
				0,
				1.656,
				0,
				2.267,
				0
			]
		},
		{
			"Target": "Parameter",
			"Id": "ParamBrowLX",
			"Segments": [
				0,
				0,
				1,
				0.144,
				0,
				0.289,
				0,
				0.433,
				0,
				1,
				1.044,
				0,
				1.656,
				0,
				2.267,
				0
			]
		},
		{
			"Target": "Parameter",
			"Id": "ParamBrowRX",
			"Segments": [
				0,
				0,
				1,
				0.144,
				0,
				0.289,
				0,
				0.433,
				0,
				1,
				1.044,
				0,
				1.656,
				0,
				2.267,
				0
			]
		},
		{
			"Target": "Parameter",
			"Id": "ParamBrowLAngle",
			"Segments": [
				0,
				0,
				1,
				0.144,
				0,
				0.289,
				0,
				0.433,
				0,
				1,
				1.044,
				0,
				1.656,
				0,
				2.267,
				0
			]
		},
		{
			"Target": "Parameter",
			"Id": "ParamBrowRAngle",
			"Segments": [
				0,
				0,
				1,
				0.144,
				0,
				0.289,
				0,
				0.433,
				0,
				1,
				1.044,
				0,
				1.656,
				0,
				2.267,
				0
			]
		},
		{
			"Target": "Parameter",
			"Id": "ParamCheek",
			"Segments": [
				0,
				0,
				1,
				0.144,
				0,
				0.289,
				0,
				0.433,
				0,
				1,
				1.044,
				0,
				1.656,
				0,
				2.267,
				0
			]
		},
		{
			"Target": "Parameter",
			"Id": "ParamBodyAngleX",
			"Segments": [
				0,
				0.099,
				1,
				0.167,
				0.548,
				0.333,
				4.012,
				0.5,
				4.059,
				1,
				0.811,
				4.146,
				1.122,
				4.145,
				1.433,
				4.145,
				1,
				1.711,
				4.145,
				1.989,
				0.099,
				2.267,
				0.099
			]
		},
		{
			"Target": "Parameter",
			"Id": "ParamBodyAngleY",
			"Segments": [
				0,
				3,
				1,
				0.067,
				3,
				0.133,
				-2,
				0.2,
				-2,
				1,
				0.278,
				-2,
				0.356,
				8.508,
				0.433,
				8.508,
				1,
				0.744,
				8.508,
				1.056,
				8.612,
				1.367,
				7.773,
				1,
				1.667,
				6.963,
				1.967,
				3,
				2.267,
				3
			]
		},
		{
			"Target": "Parameter",
			"Id": "ParamBodyAngleZ",
			"Segments": [
				0,
				0.344,
				1,
				0.156,
				0.344,
				0.311,
				-6.642,
				0.467,
				-7.997,
				1,
				0.778,
				-10.708,
				1.089,
				-11,
				1.4,
				-11,
				1,
				1.689,
				-11,
				1.978,
				0.344,
				2.267,
				0.344
			]
		},
		{
			"Target": "Parameter",
			"Id": "ParamHairFront",
			"Segments": [
				0,
				0,
				1,
				0.144,
				0,
				0.289,
				0,
				0.433,
				0,
				1,
				1.044,
				0,
				1.656,
				0,
				2.267,
				0
			]
		},
		{
			"Target": "Parameter",
			"Id": "ParamHairSide",
			"Segments": [
				0,
				0,
				1,
				0.144,
				0,
				0.289,
				0,
				0.433,
				0,
				1,
				1.044,
				0,
				1.656,
				0,
				2.267,
				0
			]
		},
		{
			"Target": "Parameter",
			"Id": "ParamHairBack",
			"Segments": [
				0,
				0,
				1,
				0.144,
				0,
				0.289,
				0,
				0.433,
				0,
				1,
				1.044,
				0,
				1.656,
				0,
				2.267,
				0
			]
		},
		{
			"Target": "Parameter",
			"Id": "Param37",
			"Segments": [
				0,
				0,
				1,
				0.144,
				0,
				0.289,
				0,
				0.433,
				0,
				1,
				1.044,
				0,
				1.656,
				0,
				2.267,
				0
			]
		},
		{
			"Target": "Parameter",
			"Id": "Param122",
			"Segments": [
				0,
				0,
				1,
				0.144,
				0,
				0.289,
				0,
				0.433,
				0,
				1,
				1.044,
				0,
				1.656,
				0,
				2.267,
				0
			]
		},
		{
			"Target": "Parameter",
			"Id": "Param198pp",
			"Segments": [
				0,
				-30,
				0,
				2.267,
				-30
			]
		},
		{
			"Target": "Parameter",
			"Id": "Param199pp",
			"Segments": [
				0,
				-30,
				0,
				2.267,
				-30
			]
		},
		{
			"Target": "Parameter",
			"Id": "Param200pp",
			"Segments": [
				0,
				0,
				0,
				2.267,
				0
			]
		},
		{
			"Target": "Parameter",
			"Id": "Param201pp",
			"Segments": [
				0,
				0,
				0,
				2.267,
				0
			]
		},
		{
			"Target": "Parameter",
			"Id": "Param202pp",
			"Segments": [
				0,
				0,
				0,
				2.267,
				0
			]
		},
		{
			"Target": "Parameter",
			"Id": "Param203pp",
			"Segments": [
				0,
				0,
				0,
				2.267,
				0
			]
		},
		{
			"Target": "Parameter",
			"Id": "Param204pp",
			"Segments": [
				0,
				0,
				0,
				2.267,
				0
			]
		},
		{
			"Target": "Parameter",
			"Id": "Param205pp",
			"Segments": [
				0,
				0,
				0,
				2.267,
				0
			]
		},
		{
			"Target": "Parameter",
			"Id": "Param206pp",
			"Segments": [
				0,
				0,
				0,
				2.267,
				0
			]
		},
		{
			"Target": "Parameter",
			"Id": "Param207pp",
			"Segments": [
				0,
				0,
				0,
				2.267,
				0
			]
		},
		{
			"Target": "Parameter",
			"Id": "Param208pp",
			"Segments": [
				0,
				0,
				0,
				2.267,
				0
			]
		},
		{
			"Target": "Parameter",
			"Id": "Param209pp",
			"Segments": [
				0,
				0,
				0,
				2.267,
				0
			]
		},
		{
			"Target": "Parameter",
			"Id": "Param210pp",
			"Segments": [
				0,
				0,
				0,
				2.267,
				0
			]
		},
		{
			"Target": "Parameter",
			"Id": "Param211pp",
			"Segments": [
				0,
				0,
				0,
				2.267,
				0
			]
		},
		{
			"Target": "Parameter",
			"Id": "Param212pp",
			"Segments": [
				0,
				0,
				0,
				2.267,
				0
			]
		},
		{
			"Target": "Parameter",
			"Id": "Param213pp",
			"Segments": [
				0,
				0,
				0,
				2.267,
				0
			]
		},
		{
			"Target": "Parameter",
			"Id": "Param214pp",
			"Segments": [
				0,
				0,
				0,
				2.267,
				0
			]
		},
		{
			"Target": "Parameter",
			"Id": "Param215pp",
			"Segments": [
				0,
				0,
				0,
				2.267,
				0
			]
		},
		{
			"Target": "Parameter",
			"Id": "Param216pp",
			"Segments": [
				0,
				0,
				0,
				2.267,
				0
			]
		},
		{
			"Target": "Parameter",
			"Id": "Param217pp",
			"Segments": [
				0,
				0,
				0,
				2.267,
				0
			]
		},
		{
			"Target": "PartOpacity",
			"Id": "Part52",
			"Segments": [
				0,
				1,
				0,
				2.27,
				1
			]
		},
		{
			"Target": "PartOpacity",
			"Id": "Part40",
			"Segments": [
				0,
				1,
				0,
				2.27,
				1
			]
		},
		{
			"Target": "PartOpacity",
			"Id": "Part44",
			"Segments": [
				0,
				1,
				0,
				2.27,
				1
			]
		},
		{
			"Target": "PartOpacity",
			"Id": "Part45",
			"Segments": [
				0,
				1,
				0,
				2.27,
				1
			]
		},
		{
			"Target": "PartOpacity",
			"Id": "Part53",
			"Segments": [
				0,
				1,
				0,
				2.27,
				1
			]
		},
		{
			"Target": "PartOpacity",
			"Id": "Part41",
			"Segments": [
				0,
				1,
				0,
				2.27,
				1
			]
		},
		{
			"Target": "PartOpacity",
			"Id": "Part43",
			"Segments": [
				0,
				1,
				0,
				2.27,
				1
			]
		},
		{
			"Target": "PartOpacity",
			"Id": "Part39",
			"Segments": [
				0,
				1,
				2,
				0.37,
				1,
				2,
				2.27,
				1
			]
		},
		{
			"Target": "PartOpacity",
			"Id": "Part37",
			"Segments": [
				0,
				1,
				2,
				0.37,
				1,
				2,
				2.27,
				1
			]
		},
		{
			"Target": "PartOpacity",
			"Id": "Part36",
			"Segments": [
				0,
				1,
				2,
				0.37,
				1,
				2,
				2.27,
				1
			]
		},
		{
			"Target": "PartOpacity",
			"Id": "Part5",
			"Segments": [
				0,
				1,
				2,
				0.37,
				1,
				2,
				2.27,
				1
			]
		},
		{
			"Target": "PartOpacity",
			"Id": "Part2",
			"Segments": [
				0,
				1,
				2,
				0.37,
				1,
				2,
				2.27,
				1
			]
		},
		{
			"Target": "PartOpacity",
			"Id": "Part3",
			"Segments": [
				0,
				1,
				2,
				0.37,
				1,
				2,
				2.27,
				1
			]
		},
		{
			"Target": "PartOpacity",
			"Id": "Part6",
			"Segments": [
				0,
				1,
				2,
				0.37,
				1,
				2,
				2.27,
				1
			]
		},
		{
			"Target": "PartOpacity",
			"Id": "Part4",
			"Segments": [
				0,
				1,
				2,
				0.37,
				1,
				2,
				2.27,
				1
			]
		},
		{
			"Target": "PartOpacity",
			"Id": "Part",
			"Segments": [
				0,
				1,
				2,
				0.37,
				1,
				2,
				2.27,
				1
			]
		},
		{
			"Target": "PartOpacity",
			"Id": "Part31",
			"Segments": [
				0,
				1,
				2,
				0.37,
				1,
				2,
				2.27,
				1
			]
		},
		{
			"Target": "PartOpacity",
			"Id": "Part29",
			"Segments": [
				0,
				1,
				2,
				0.37,
				1,
				2,
				2.27,
				1
			]
		},
		{
			"Target": "PartOpacity",
			"Id": "Part13",
			"Segments": [
				0,
				1,
				2,
				0.37,
				1,
				2,
				2.27,
				1
			]
		},
		{
			"Target": "PartOpacity",
			"Id": "Part14",
			"Segments": [
				0,
				1,
				2,
				0.37,
				1,
				2,
				2.27,
				1
			]
		},
		{
			"Target": "PartOpacity",
			"Id": "Part15",
			"Segments": [
				0,
				1,
				2,
				0.37,
				1,
				2,
				2.27,
				1
			]
		},
		{
			"Target": "PartOpacity",
			"Id": "Part11",
			"Segments": [
				0,
				1,
				2,
				0.37,
				1,
				2,
				2.27,
				1
			]
		},
		{
			"Target": "PartOpacity",
			"Id": "Part12",
			"Segments": [
				0,
				1,
				2,
				0.37,
				1,
				2,
				2.27,
				1
			]
		},
		{
			"Target": "PartOpacity",
			"Id": "Part16",
			"Segments": [
				0,
				1,
				2,
				0.37,
				1,
				2,
				2.27,
				1
			]
		},
		{
			"Target": "PartOpacity",
			"Id": "Part30",
			"Segments": [
				0,
				1,
				2,
				0.37,
				1,
				2,
				2.27,
				1
			]
		},
		{
			"Target": "PartOpacity",
			"Id": "Part17",
			"Segments": [
				0,
				1,
				2,
				0.37,
				1,
				2,
				2.27,
				1
			]
		},
		{
			"Target": "PartOpacity",
			"Id": "Part18",
			"Segments": [
				0,
				1,
				2,
				0.37,
				1,
				2,
				2.27,
				1
			]
		},
		{
			"Target": "PartOpacity",
			"Id": "Part28",
			"Segments": [
				0,
				1,
				2,
				0.37,
				1,
				2,
				2.27,
				1
			]
		},
		{
			"Target": "PartOpacity",
			"Id": "Part19",
			"Segments": [
				0,
				1,
				2,
				0.37,
				1,
				2,
				2.27,
				1
			]
		},
		{
			"Target": "PartOpacity",
			"Id": "Part20",
			"Segments": [
				0,
				1,
				2,
				0.37,
				1,
				2,
				2.27,
				1
			]
		},
		{
			"Target": "PartOpacity",
			"Id": "Part33",
			"Segments": [
				0,
				1,
				2,
				0.37,
				1,
				2,
				2.27,
				1
			]
		},
		{
			"Target": "PartOpacity",
			"Id": "Part32",
			"Segments": [
				0,
				1,
				2,
				0.37,
				1,
				2,
				2.27,
				1
			]
		},
		{
			"Target": "PartOpacity",
			"Id": "Part38",
			"Segments": [
				0,
				1,
				2,
				0.37,
				1,
				2,
				2.27,
				1
			]
		},
		{
			"Target": "PartOpacity",
			"Id": "Part7",
			"Segments": [
				0,
				1,
				2,
				0.37,
				1,
				2,
				2.27,
				1
			]
		},
		{
			"Target": "PartOpacity",
			"Id": "Part35",
			"Segments": [
				0,
				1,
				2,
				0.37,
				1,
				2,
				2.27,
				1
			]
		},
		{
			"Target": "PartOpacity",
			"Id": "Part10",
			"Segments": [
				0,
				1,
				2,
				0.37,
				1,
				2,
				2.27,
				1
			]
		},
		{
			"Target": "PartOpacity",
			"Id": "Part27",
			"Segments": [
				0,
				1,
				2,
				0.37,
				1,
				2,
				2.27,
				1
			]
		},
		{
			"Target": "PartOpacity",
			"Id": "Part34",
			"Segments": [
				0,
				1,
				2,
				0.37,
				1,
				2,
				2.27,
				1
			]
		},
		{
			"Target": "PartOpacity",
			"Id": "Part8",
			"Segments": [
				0,
				1,
				2,
				0.37,
				1,
				2,
				2.27,
				1
			]
		},
		{
			"Target": "PartOpacity",
			"Id": "Part9",
			"Segments": [
				0,
				1,
				2,
				0.37,
				1,
				2,
				2.27,
				1
			]
		},
		{
			"Target": "PartOpacity",
			"Id": "ArtMesh122_Skinning",
			"Segments": [
				0,
				1,
				2,
				0.37,
				1,
				2,
				2.27,
				1
			]
		},
		{
			"Target": "PartOpacity",
			"Id": "Part21",
			"Segments": [
				0,
				1,
				2,
				0.37,
				1,
				2,
				2.27,
				1
			]
		},
		{
			"Target": "PartOpacity",
			"Id": "Part22",
			"Segments": [
				0,
				1,
				2,
				0.37,
				1,
				2,
				2.27,
				1
			]
		},
		{
			"Target": "PartOpacity",
			"Id": "Part23",
			"Segments": [
				0,
				1,
				2,
				0.37,
				1,
				2,
				2.27,
				1
			]
		},
		{
			"Target": "PartOpacity",
			"Id": "Part24",
			"Segments": [
				0,
				1,
				2,
				0.37,
				1,
				2,
				2.27,
				1
			]
		},
		{
			"Target": "PartOpacity",
			"Id": "Part25",
			"Segments": [
				0,
				1,
				2,
				0.37,
				1,
				2,
				2.27,
				1
			]
		},
		{
			"Target": "PartOpacity",
			"Id": "Part26",
			"Segments": [
				0,
				1,
				2,
				0.37,
				1,
				2,
				2.27,
				1
			]
		},
		{
			"Target": "PartOpacity",
			"Id": "ArtMesh133_Skinning",
			"Segments": [
				0,
				1,
				2,
				0.37,
				1,
				2,
				2.27,
				1
			]
		},
		{
			"Target": "PartOpacity",
			"Id": "ArtMesh122_Skinning2",
			"Segments": [
				0,
				1,
				2,
				0.37,
				1,
				2,
				2.27,
				1
			]
		}
	]
}