{
	"Version": 3,
	"Meta": {
		"Duration": 5.17,
		"Fps": 30.0,
		"Loop": true,
		"AreBeziersRestricted": false,
		"CurveCount": 298,
		"TotalSegmentCount": 1025,
		"TotalPointCount": 2733,
		"UserDataCount": 0,
		"TotalUserDataSize": 0
	},
	"Curves": [
		{
			"Target": "Model",
			"Id": "Opacity",
			"Segments": [
				0,
				1,
				1,
				0.12,
				1,
				0.24,
				1,
				0.37,
				1,
				1,
				1,
				1,
				1.63,
				1,
				2.27,
				1,
				0,
				5.17,
				1
			]
		},
		{
			"Target": "Parameter",
			"Id": "Param2",
			"Segments": [
				0,
				2,
				1,
				0.289,
				2,
				0.578,
				10,
				0.867,
				10,
				1,
				1.156,
				10,
				1.444,
				2,
				1.733,
				2,
				1,
				2.033,
				2,
				2.333,
				10,
				2.633,
				10,
				1,
				2.911,
				10,
				3.189,
				2,
				3.467,
				2,
				1,
				3.789,
				2,
				4.111,
				10,
				4.433,
				10,
				1,
				4.678,
				10,
				4.922,
				2.681,
				5.167,
				2.044
			]
		},
		{
			"Target": "Parameter",
			"Id": "Param180",
			"Segments": [
				0,
				0,
				1,
				0.578,
				0,
				1.156,
				0,
				1.733,
				0,
				1,
				2.311,
				0,
				2.889,
				0,
				3.467,
				0,
				1,
				4.033,
				0,
				4.6,
				0,
				5.167,
				0
			]
		},
		{
			"Target": "Parameter",
			"Id": "Param38",
			"Segments": [
				0,
				-14.433,
				1,
				0.067,
				-12.959,
				0.133,
				-12,
				0.2,
				-12,
				1,
				0.489,
				-12,
				0.778,
				-30,
				1.067,
				-30,
				1,
				1.356,
				-30,
				1.644,
				-12,
				1.933,
				-12,
				1,
				2.233,
				-12,
				2.533,
				-30,
				2.833,
				-30,
				1,
				3.111,
				-30,
				3.389,
				-12,
				3.667,
				-12,
				1,
				3.989,
				-12,
				4.311,
				-30,
				4.633,
				-30,
				1,
				4.811,
				-30,
				4.989,
				-21.289,
				5.167,
				-15.987
			]
		},
		{
			"Target": "Parameter",
			"Id": "Param129",
			"Segments": [
				0,
				0,
				0,
				5.167,
				0
			]
		},
		{
			"Target": "Parameter",
			"Id": "Param5",
			"Segments": [
				0,
				-27,
				1,
				0.578,
				-27,
				1.156,
				-27,
				1.733,
				-27,
				1,
				2.311,
				-27,
				2.889,
				-27,
				3.467,
				-27,
				1,
				4.033,
				-27,
				4.6,
				-27,
				5.167,
				-27
			]
		},
		{
			"Target": "Parameter",
			"Id": "Param",
			"Segments": [
				0,
				30,
				1,
				0.578,
				30,
				1.156,
				30,
				1.733,
				30,
				1,
				2.311,
				30,
				2.889,
				30,
				3.467,
				30,
				1,
				4.033,
				30,
				4.6,
				30,
				5.167,
				30
			]
		},
		{
			"Target": "Parameter",
			"Id": "Param131",
			"Segments": [
				0,
				0,
				0,
				5.167,
				0
			]
		},
		{
			"Target": "Parameter",
			"Id": "Param50",
			"Segments": [
				0,
				4.981,
				1,
				0.133,
				9.728,
				0.267,
				14,
				0.4,
				14,
				1,
				0.678,
				14,
				0.956,
				-7.627,
				1.233,
				-7.627,
				1,
				1.533,
				-7.627,
				1.833,
				14,
				2.133,
				14,
				1,
				2.411,
				14,
				2.689,
				-7.627,
				2.967,
				-7.627,
				1,
				3.267,
				-7.627,
				3.567,
				14,
				3.867,
				14,
				1,
				4.144,
				14,
				4.422,
				-7.627,
				4.7,
				-7.627,
				1,
				4.856,
				-7.627,
				5.011,
				-4.007,
				5.167,
				-0.521
			]
		},
		{
			"Target": "Parameter",
			"Id": "Param39",
			"Segments": [
				0,
				22.318,
				1,
				0.111,
				20.446,
				0.222,
				18.886,
				0.333,
				18.886,
				1,
				0.633,
				18.886,
				0.933,
				28.637,
				1.233,
				28.637,
				1,
				1.511,
				28.637,
				1.789,
				18.886,
				2.067,
				18.886,
				1,
				2.367,
				18.886,
				2.667,
				28.637,
				2.967,
				28.637,
				1,
				3.244,
				28.637,
				3.522,
				18.886,
				3.8,
				18.886,
				1,
				4.1,
				18.886,
				4.4,
				28.637,
				4.7,
				28.637,
				1,
				4.856,
				28.637,
				5.011,
				25.579,
				5.167,
				22.888
			]
		},
		{
			"Target": "Parameter",
			"Id": "Param41",
			"Segments": [
				0,
				10,
				1,
				0.578,
				10,
				1.156,
				10,
				1.733,
				10,
				1,
				2.311,
				10,
				2.889,
				10,
				3.467,
				10,
				1,
				4.033,
				10,
				4.6,
				10,
				5.167,
				10
			]
		},
		{
			"Target": "Parameter",
			"Id": "Param130",
			"Segments": [
				0,
				0,
				0,
				5.167,
				0
			]
		},
		{
			"Target": "Parameter",
			"Id": "Param40",
			"Segments": [
				0,
				-0.31,
				1,
				0.189,
				-0.604,
				0.378,
				-1,
				0.567,
				-1,
				1,
				0.844,
				-1,
				1.122,
				0,
				1.4,
				0,
				1,
				1.7,
				0,
				2,
				-1,
				2.3,
				-1,
				1,
				2.578,
				-1,
				2.856,
				0,
				3.133,
				0,
				1,
				3.433,
				0,
				3.733,
				-1,
				4.033,
				-1,
				1,
				4.311,
				-1,
				4.589,
				0,
				4.867,
				0,
				1,
				4.967,
				0,
				5.067,
				-0.111,
				5.167,
				-0.259
			]
		},
		{
			"Target": "Parameter",
			"Id": "Param49",
			"Segments": [
				0,
				-7.844,
				0,
				5.167,
				-7.844
			]
		},
		{
			"Target": "Parameter",
			"Id": "Param84",
			"Segments": [
				0,
				-2.23,
				0,
				5.167,
				-2.23
			]
		},
		{
			"Target": "Parameter",
			"Id": "Param139",
			"Segments": [
				0,
				0,
				0,
				5.167,
				0
			]
		},
		{
			"Target": "Parameter",
			"Id": "Param171",
			"Segments": [
				0,
				0,
				0,
				5.167,
				0
			]
		},
		{
			"Target": "Parameter",
			"Id": "Param170",
			"Segments": [
				0,
				0,
				0,
				5.167,
				0
			]
		},
		{
			"Target": "Parameter",
			"Id": "Param191",
			"Segments": [
				0,
				0,
				0,
				5.167,
				0
			]
		},
		{
			"Target": "Parameter",
			"Id": "ParamEyeLOpen",
			"Segments": [
				0,
				1,
				1,
				0.278,
				1,
				0.556,
				0.9,
				0.833,
				0.9,
				1,
				1.133,
				0.9,
				1.433,
				1,
				1.733,
				1,
				1,
				1.8,
				1,
				1.867,
				1,
				1.933,
				1,
				1,
				1.967,
				1,
				2,
				0,
				2.033,
				0,
				1,
				2.089,
				0,
				2.144,
				0.844,
				2.2,
				0.9,
				1,
				2.3,
				1,
				2.4,
				1,
				2.5,
				1,
				1,
				2.822,
				1,
				3.144,
				1,
				3.467,
				1,
				1,
				3.567,
				1,
				3.667,
				0,
				3.767,
				0,
				1,
				4.189,
				0,
				4.611,
				0,
				5.033,
				0,
				1,
				5.078,
				0,
				5.122,
				0.64,
				5.167,
				0.896
			]
		},
		{
			"Target": "Parameter",
			"Id": "ParamEyeLSmile",
			"Segments": [
				0,
				-0.7,
				1,
				0.578,
				-0.7,
				1.156,
				-0.7,
				1.733,
				-0.7,
				1,
				2.311,
				-0.7,
				2.889,
				-0.7,
				3.467,
				-0.7,
				1,
				4.033,
				-0.7,
				4.6,
				-0.7,
				5.167,
				-0.7
			]
		},
		{
			"Target": "Parameter",
			"Id": "ParamEyeROpen",
			"Segments": [
				0,
				1,
				1,
				0.278,
				1,
				0.556,
				0.9,
				0.833,
				0.9,
				1,
				1.133,
				0.9,
				1.433,
				1,
				1.733,
				1,
				1,
				1.8,
				1,
				1.867,
				1,
				1.933,
				1,
				1,
				1.967,
				1,
				2,
				0,
				2.033,
				0,
				1,
				2.089,
				0,
				2.144,
				0.844,
				2.2,
				0.9,
				1,
				2.3,
				1,
				2.4,
				1,
				2.5,
				1,
				1,
				2.822,
				1,
				3.144,
				1,
				3.467,
				1,
				1,
				3.567,
				1,
				3.667,
				0,
				3.767,
				0,
				1,
				4.189,
				0,
				4.611,
				0,
				5.033,
				0,
				1,
				5.078,
				0,
				5.122,
				0.64,
				5.167,
				0.896
			]
		},
		{
			"Target": "Parameter",
			"Id": "ParamEyeRSmile",
			"Segments": [
				0,
				-0.7,
				1,
				0.578,
				-0.7,
				1.156,
				-0.7,
				1.733,
				-0.7,
				1,
				2.311,
				-0.7,
				2.889,
				-0.7,
				3.467,
				-0.7,
				1,
				4.033,
				-0.7,
				4.6,
				-0.7,
				5.167,
				-0.7
			]
		},
		{
			"Target": "Parameter",
			"Id": "ParamEyeBallX",
			"Segments": [
				0,
				-0.4,
				1,
				0.156,
				-0.4,
				0.311,
				-0.4,
				0.467,
				-0.4,
				1,
				0.489,
				-0.4,
				0.511,
				-0.7,
				0.533,
				-0.7,
				1,
				0.744,
				-0.7,
				0.956,
				-0.7,
				1.167,
				-0.7,
				1,
				1.189,
				-0.7,
				1.211,
				0.5,
				1.233,
				0.5,
				1,
				1.467,
				0.5,
				1.7,
				0.5,
				1.933,
				0.5,
				1,
				2.022,
				0.5,
				2.111,
				0.449,
				2.2,
				0.4,
				1,
				3.189,
				-0.14,
				4.178,
				-0.394,
				5.167,
				-0.4
			]
		},
		{
			"Target": "Parameter",
			"Id": "ParamEyeBallY",
			"Segments": [
				0,
				-0.4,
				1,
				0.156,
				-0.4,
				0.311,
				-0.4,
				0.467,
				-0.4,
				1,
				0.489,
				-0.4,
				0.511,
				-0.7,
				0.533,
				-0.7,
				1,
				0.744,
				-0.7,
				0.956,
				-0.7,
				1.167,
				-0.7,
				1,
				1.189,
				-0.7,
				1.211,
				-0.4,
				1.233,
				-0.4,
				1,
				1.467,
				-0.4,
				1.7,
				-0.4,
				1.933,
				-0.4,
				1,
				2.022,
				-0.4,
				2.111,
				-0.7,
				2.2,
				-0.7,
				1,
				3.189,
				-0.7,
				4.178,
				-0.407,
				5.167,
				-0.4
			]
		},
		{
			"Target": "Parameter",
			"Id": "ParamBrowLY",
			"Segments": [
				0,
				0,
				0,
				5.167,
				0
			]
		},
		{
			"Target": "Parameter",
			"Id": "ParamBrowRY",
			"Segments": [
				0,
				0,
				0,
				5.167,
				0
			]
		},
		{
			"Target": "Parameter",
			"Id": "ParamBrowLForm",
			"Segments": [
				0,
				-0.3,
				1,
				0.578,
				-0.3,
				1.156,
				-0.3,
				1.733,
				-0.3,
				1,
				2.311,
				-0.3,
				2.889,
				-0.3,
				3.467,
				-0.3,
				1,
				4.033,
				-0.3,
				4.6,
				-0.3,
				5.167,
				-0.3
			]
		},
		{
			"Target": "Parameter",
			"Id": "ParamBrowRForm",
			"Segments": [
				0,
				-0.3,
				1,
				0.578,
				-0.3,
				1.156,
				-0.3,
				1.733,
				-0.3,
				1,
				2.311,
				-0.3,
				2.889,
				-0.3,
				3.467,
				-0.3,
				1,
				4.033,
				-0.3,
				4.6,
				-0.3,
				5.167,
				-0.3
			]
		},
		{
			"Target": "Parameter",
			"Id": "Param85",
			"Segments": [
				0,
				-11,
				1,
				0.578,
				-11,
				1.156,
				-11,
				1.733,
				-11,
				1,
				2.311,
				-11,
				2.889,
				-11,
				3.467,
				-11,
				1,
				4.033,
				-11,
				4.6,
				-11,
				5.167,
				-11
			]
		},
		{
			"Target": "Parameter",
			"Id": "Param86",
			"Segments": [
				0,
				-12,
				1,
				0.578,
				-12,
				1.156,
				-12,
				1.733,
				-12,
				1,
				2.311,
				-12,
				2.889,
				-12,
				3.467,
				-12,
				1,
				4.033,
				-12,
				4.6,
				-12,
				5.167,
				-12
			]
		},
		{
			"Target": "Parameter",
			"Id": "ParamMouthForm",
			"Segments": [
				0,
				0.5,
				1,
				0.578,
				0.5,
				1.156,
				0.5,
				1.733,
				0.5,
				1,
				1.8,
				0.5,
				1.867,
				0,
				1.933,
				0,
				1,
				1.967,
				0,
				2,
				1,
				2.033,
				1,
				1,
				2.511,
				1,
				2.989,
				1,
				3.467,
				1,
				1,
				4.033,
				1,
				4.6,
				0.519,
				5.167,
				0.501
			]
		},
		{
			"Target": "Parameter",
			"Id": "ParamMouthOpenY",
			"Segments": [
				0,
				0,
				1,
				1.156,
				0,
				2.311,
				0,
				3.467,
				0,
				0,
				5.167,
				0
			]
		},
		{
			"Target": "Parameter",
			"Id": "Param57",
			"Segments": [
				0,
				1,
				1,
				0.578,
				1,
				1.156,
				1,
				1.733,
				1,
				1,
				1.8,
				1,
				1.867,
				1,
				1.933,
				1,
				1,
				1.967,
				1,
				2,
				0,
				2.033,
				0,
				1,
				2.511,
				0,
				2.989,
				0.041,
				3.467,
				0.2,
				1,
				3.567,
				0.233,
				3.667,
				1,
				3.767,
				1,
				1,
				4.233,
				1,
				4.7,
				1,
				5.167,
				1
			]
		},
		{
			"Target": "Parameter",
			"Id": "Param71",
			"Segments": [
				0,
				0,
				1,
				1.156,
				0,
				2.311,
				0,
				3.467,
				0,
				0,
				5.167,
				0
			]
		},
		{
			"Target": "Parameter",
			"Id": "Param78",
			"Segments": [
				0,
				0,
				1,
				1.156,
				0,
				2.311,
				0,
				3.467,
				0,
				0,
				5.167,
				0
			]
		},
		{
			"Target": "Parameter",
			"Id": "Param58",
			"Segments": [
				0,
				0,
				0,
				5.167,
				0
			]
		},
		{
			"Target": "Parameter",
			"Id": "Param67",
			"Segments": [
				0,
				0,
				0,
				5.167,
				0
			]
		},
		{
			"Target": "Parameter",
			"Id": "Param68",
			"Segments": [
				0,
				0,
				0,
				5.167,
				0
			]
		},
		{
			"Target": "Parameter",
			"Id": "Param69",
			"Segments": [
				0,
				1,
				0,
				5.167,
				1
			]
		},
		{
			"Target": "Parameter",
			"Id": "Param193",
			"Segments": [
				0,
				0,
				0,
				5.167,
				0
			]
		},
		{
			"Target": "Parameter",
			"Id": "Param197",
			"Segments": [
				0,
				0,
				0,
				5.167,
				0
			]
		},
		{
			"Target": "Parameter",
			"Id": "Param195",
			"Segments": [
				0,
				0,
				0,
				5.167,
				0
			]
		},
		{
			"Target": "Parameter",
			"Id": "Param181",
			"Segments": [
				0,
				0,
				0,
				5.167,
				0
			]
		},
		{
			"Target": "Parameter",
			"Id": "Param184",
			"Segments": [
				0,
				0,
				0,
				5.167,
				0
			]
		},
		{
			"Target": "Parameter",
			"Id": "Param182",
			"Segments": [
				0,
				0,
				0,
				5.167,
				0
			]
		},
		{
			"Target": "Parameter",
			"Id": "Param183",
			"Segments": [
				0,
				0,
				0,
				5.167,
				0
			]
		},
		{
			"Target": "Parameter",
			"Id": "Param188",
			"Segments": [
				0,
				0,
				0,
				5.167,
				0
			]
		},
		{
			"Target": "Parameter",
			"Id": "Param149",
			"Segments": [
				0,
				0,
				0,
				5.167,
				0
			]
		},
		{
			"Target": "Parameter",
			"Id": "Param172",
			"Segments": [
				0,
				1,
				0,
				5.167,
				1
			]
		},
		{
			"Target": "Parameter",
			"Id": "Param163",
			"Segments": [
				0,
				-30,
				0,
				5.167,
				-30
			]
		},
		{
			"Target": "Parameter",
			"Id": "Param164",
			"Segments": [
				0,
				-30,
				0,
				5.167,
				-30
			]
		},
		{
			"Target": "Parameter",
			"Id": "Param165",
			"Segments": [
				0,
				-30,
				0,
				5.167,
				-30
			]
		},
		{
			"Target": "Parameter",
			"Id": "Param150",
			"Segments": [
				0,
				0,
				0,
				5.167,
				0
			]
		},
		{
			"Target": "Parameter",
			"Id": "Param151",
			"Segments": [
				0,
				0,
				0,
				5.167,
				0
			]
		},
		{
			"Target": "Parameter",
			"Id": "Param159",
			"Segments": [
				0,
				1,
				0,
				5.167,
				1
			]
		},
		{
			"Target": "Parameter",
			"Id": "Param160",
			"Segments": [
				0,
				1,
				0,
				5.167,
				1
			]
		},
		{
			"Target": "Parameter",
			"Id": "Param147",
			"Segments": [
				0,
				-30,
				0,
				5.167,
				-30
			]
		},
		{
			"Target": "Parameter",
			"Id": "Param148",
			"Segments": [
				0,
				-30,
				0,
				5.167,
				-30
			]
		},
		{
			"Target": "Parameter",
			"Id": "Param146",
			"Segments": [
				0,
				0,
				0,
				5.167,
				0
			]
		},
		{
			"Target": "Parameter",
			"Id": "Param144",
			"Segments": [
				0,
				0,
				0,
				5.167,
				0
			]
		},
		{
			"Target": "Parameter",
			"Id": "Param161",
			"Segments": [
				0,
				-30,
				0,
				5.167,
				-30
			]
		},
		{
			"Target": "Parameter",
			"Id": "Param162",
			"Segments": [
				0,
				0,
				0,
				5.167,
				0
			]
		},
		{
			"Target": "Parameter",
			"Id": "Param143",
			"Segments": [
				0,
				0,
				0,
				5.167,
				0
			]
		},
		{
			"Target": "Parameter",
			"Id": "Param145",
			"Segments": [
				0,
				0,
				0,
				5.167,
				0
			]
		},
		{
			"Target": "Parameter",
			"Id": "Param152",
			"Segments": [
				0,
				-30,
				0,
				5.167,
				-30
			]
		},
		{
			"Target": "Parameter",
			"Id": "Param157",
			"Segments": [
				0,
				0,
				0,
				5.167,
				0
			]
		},
		{
			"Target": "Parameter",
			"Id": "Param158",
			"Segments": [
				0,
				-30,
				0,
				5.167,
				-30
			]
		},
		{
			"Target": "Parameter",
			"Id": "Param154",
			"Segments": [
				0,
				0,
				0,
				5.167,
				0
			]
		},
		{
			"Target": "Parameter",
			"Id": "Param153",
			"Segments": [
				0,
				-30,
				0,
				5.167,
				-30
			]
		},
		{
			"Target": "Parameter",
			"Id": "Param155",
			"Segments": [
				0,
				0,
				0,
				5.167,
				0
			]
		},
		{
			"Target": "Parameter",
			"Id": "Param156",
			"Segments": [
				0,
				-30,
				0,
				5.167,
				-30
			]
		},
		{
			"Target": "Parameter",
			"Id": "Param65",
			"Segments": [
				0,
				0,
				0,
				5.167,
				0
			]
		},
		{
			"Target": "Parameter",
			"Id": "Param141",
			"Segments": [
				0,
				0,
				0,
				5.167,
				0
			]
		},
		{
			"Target": "Parameter",
			"Id": "Param66",
			"Segments": [
				0,
				0,
				0,
				5.167,
				0
			]
		},
		{
			"Target": "Parameter",
			"Id": "Param142",
			"Segments": [
				0,
				0,
				0,
				5.167,
				0
			]
		},
		{
			"Target": "Parameter",
			"Id": "Param166",
			"Segments": [
				0,
				-22,
				0,
				5.167,
				-22
			]
		},
		{
			"Target": "Parameter",
			"Id": "Param61",
			"Segments": [
				0,
				0,
				0,
				5.167,
				0
			]
		},
		{
			"Target": "Parameter",
			"Id": "Param62",
			"Segments": [
				0,
				0,
				0,
				5.167,
				0
			]
		},
		{
			"Target": "Parameter",
			"Id": "Param81",
			"Segments": [
				0,
				0,
				0,
				5.167,
				0
			]
		},
		{
			"Target": "Parameter",
			"Id": "Param59",
			"Segments": [
				0,
				0,
				0,
				5.167,
				0
			]
		},
		{
			"Target": "Parameter",
			"Id": "Param60",
			"Segments": [
				0,
				0,
				0,
				5.167,
				0
			]
		},
		{
			"Target": "Parameter",
			"Id": "Param4",
			"Segments": [
				0,
				0,
				0,
				5.167,
				0
			]
		},
		{
			"Target": "Parameter",
			"Id": "Param51",
			"Segments": [
				0,
				0,
				0,
				5.167,
				0
			]
		},
		{
			"Target": "Parameter",
			"Id": "Param52",
			"Segments": [
				0,
				-8.675,
				1,
				0.1,
				-8.675,
				0.2,
				-8.531,
				0.3,
				-8.531,
				1,
				0.522,
				-8.531,
				0.744,
				-8.919,
				0.967,
				-8.919,
				1,
				1.233,
				-8.919,
				1.5,
				-8.597,
				1.767,
				-8.597,
				1,
				1.822,
				-8.597,
				1.878,
				-8.687,
				1.933,
				-8.687,
				1,
				1.967,
				-8.687,
				2,
				5.896,
				2.033,
				5.896,
				1,
				2.089,
				5.896,
				2.144,
				-23.651,
				2.2,
				-23.651,
				1,
				2.311,
				-23.651,
				2.422,
				-0.964,
				2.533,
				-0.964,
				1,
				2.644,
				-0.964,
				2.756,
				-12.367,
				2.867,
				-12.367,
				1,
				2.989,
				-12.367,
				3.111,
				-7.032,
				3.233,
				-7.032,
				1,
				3.311,
				-7.032,
				3.389,
				-9.2,
				3.467,
				-9.2,
				1,
				3.533,
				-9.2,
				3.6,
				-1.268,
				3.667,
				-1.268,
				1,
				3.756,
				-1.268,
				3.844,
				-16.063,
				3.933,
				-16.063,
				1,
				4.044,
				-16.063,
				4.156,
				-5.311,
				4.267,
				-5.311,
				1,
				4.389,
				-5.311,
				4.511,
				-10.344,
				4.633,
				-10.344,
				1,
				4.744,
				-10.344,
				4.856,
				-7.964,
				4.967,
				-7.964,
				1,
				5.033,
				-7.964,
				5.1,
				-20.993,
				5.167,
				-20.993
			]
		},
		{
			"Target": "Parameter",
			"Id": "Param53",
			"Segments": [
				0,
				0,
				0,
				5.167,
				0
			]
		},
		{
			"Target": "Parameter",
			"Id": "Param54",
			"Segments": [
				0,
				-8.675,
				1,
				0.1,
				-8.675,
				0.2,
				-8.531,
				0.3,
				-8.531,
				1,
				0.522,
				-8.531,
				0.744,
				-8.919,
				0.967,
				-8.919,
				1,
				1.233,
				-8.919,
				1.5,
				-8.597,
				1.767,
				-8.597,
				1,
				1.822,
				-8.597,
				1.878,
				-8.687,
				1.933,
				-8.687,
				1,
				1.967,
				-8.687,
				2,
				5.896,
				2.033,
				5.896,
				1,
				2.089,
				5.896,
				2.144,
				-23.651,
				2.2,
				-23.651,
				1,
				2.311,
				-23.651,
				2.422,
				-0.964,
				2.533,
				-0.964,
				1,
				2.644,
				-0.964,
				2.756,
				-12.367,
				2.867,
				-12.367,
				1,
				2.989,
				-12.367,
				3.111,
				-7.032,
				3.233,
				-7.032,
				1,
				3.311,
				-7.032,
				3.389,
				-9.2,
				3.467,
				-9.2,
				1,
				3.533,
				-9.2,
				3.6,
				-1.268,
				3.667,
				-1.268,
				1,
				3.756,
				-1.268,
				3.844,
				-16.063,
				3.933,
				-16.063,
				1,
				4.044,
				-16.063,
				4.156,
				-5.311,
				4.267,
				-5.311,
				1,
				4.389,
				-5.311,
				4.511,
				-10.344,
				4.633,
				-10.344,
				1,
				4.744,
				-10.344,
				4.856,
				-7.964,
				4.967,
				-7.964,
				1,
				5.033,
				-7.964,
				5.1,
				-20.993,
				5.167,
				-20.993
			]
		},
		{
			"Target": "Parameter",
			"Id": "Param55",
			"Segments": [
				0,
				0,
				0,
				5.167,
				0
			]
		},
		{
			"Target": "Parameter",
			"Id": "Param3",
			"Segments": [
				0,
				0,
				0,
				5.167,
				0
			]
		},
		{
			"Target": "Parameter",
			"Id": "Param79",
			"Segments": [
				0,
				0,
				0,
				5.167,
				0
			]
		},
		{
			"Target": "Parameter",
			"Id": "Param80",
			"Segments": [
				0,
				0,
				0,
				5.167,
				0
			]
		},
		{
			"Target": "Parameter",
			"Id": "Param87",
			"Segments": [
				0,
				0,
				0,
				5.167,
				0
			]
		},
		{
			"Target": "Parameter",
			"Id": "Param88",
			"Segments": [
				0,
				0,
				0,
				5.167,
				0
			]
		},
		{
			"Target": "Parameter",
			"Id": "Param132",
			"Segments": [
				0,
				0,
				0,
				5.167,
				0
			]
		},
		{
			"Target": "Parameter",
			"Id": "Param133",
			"Segments": [
				0,
				0,
				0,
				5.167,
				0
			]
		},
		{
			"Target": "Parameter",
			"Id": "Param178",
			"Segments": [
				0,
				0,
				0,
				5.167,
				0
			]
		},
		{
			"Target": "Parameter",
			"Id": "Param48",
			"Segments": [
				0,
				1,
				1,
				0.578,
				1,
				1.156,
				1,
				1.733,
				1,
				1,
				2.311,
				1,
				2.889,
				1,
				3.467,
				1,
				1,
				4.033,
				1,
				4.6,
				1,
				5.167,
				1
			]
		},
		{
			"Target": "Parameter",
			"Id": "Param63",
			"Segments": [
				0,
				0,
				0,
				5.167,
				0
			]
		},
		{
			"Target": "Parameter",
			"Id": "Param64",
			"Segments": [
				0,
				0,
				0,
				5.167,
				0
			]
		},
		{
			"Target": "Parameter",
			"Id": "Param127",
			"Segments": [
				0,
				0,
				0,
				5.167,
				0
			]
		},
		{
			"Target": "Parameter",
			"Id": "Param138",
			"Segments": [
				0,
				0,
				0,
				5.167,
				0
			]
		},
		{
			"Target": "Parameter",
			"Id": "Param125",
			"Segments": [
				0,
				0,
				0,
				5.167,
				0
			]
		},
		{
			"Target": "Parameter",
			"Id": "Param128",
			"Segments": [
				0,
				0,
				0,
				5.167,
				0
			]
		},
		{
			"Target": "Parameter",
			"Id": "Param126",
			"Segments": [
				0,
				0,
				0,
				5.167,
				0
			]
		},
		{
			"Target": "Parameter",
			"Id": "Param124",
			"Segments": [
				0,
				0,
				0,
				5.167,
				0
			]
		},
		{
			"Target": "Parameter",
			"Id": "Param179",
			"Segments": [
				0,
				0,
				1,
				0.578,
				0,
				1.156,
				0,
				1.733,
				0,
				1,
				2.311,
				0,
				2.889,
				0,
				3.467,
				0,
				1,
				4.033,
				0,
				4.6,
				0,
				5.167,
				0
			]
		},
		{
			"Target": "Parameter",
			"Id": "Param192",
			"Segments": [
				0,
				0,
				0,
				5.167,
				0
			]
		},
		{
			"Target": "Parameter",
			"Id": "Param189",
			"Segments": [
				0,
				0,
				0,
				5.167,
				0
			]
		},
		{
			"Target": "Parameter",
			"Id": "Param137",
			"Segments": [
				0,
				0,
				0,
				5.167,
				0
			]
		},
		{
			"Target": "Parameter",
			"Id": "Param46",
			"Segments": [
				0,
				0,
				0,
				5.167,
				0
			]
		},
		{
			"Target": "Parameter",
			"Id": "Param47",
			"Segments": [
				0,
				0,
				0,
				5.167,
				0
			]
		},
		{
			"Target": "Parameter",
			"Id": "Param196",
			"Segments": [
				0,
				0,
				1,
				0.578,
				0,
				1.156,
				0,
				1.733,
				0,
				1,
				2.311,
				0,
				2.889,
				0,
				3.467,
				0,
				1,
				4.033,
				0,
				4.6,
				0,
				5.167,
				0
			]
		},
		{
			"Target": "Parameter",
			"Id": "Param123",
			"Segments": [
				0,
				0,
				0,
				5.167,
				0
			]
		},
		{
			"Target": "Parameter",
			"Id": "Param134",
			"Segments": [
				0,
				0,
				0,
				5.167,
				0
			]
		},
		{
			"Target": "Parameter",
			"Id": "Param135",
			"Segments": [
				0,
				0,
				0,
				5.167,
				0
			]
		},
		{
			"Target": "Parameter",
			"Id": "Param136",
			"Segments": [
				0,
				0,
				0,
				5.167,
				0
			]
		},
		{
			"Target": "Parameter",
			"Id": "Param_Angle_Rotation5",
			"Segments": [
				0,
				0.07,
				1,
				0.167,
				-0.197,
				0.333,
				-0.496,
				0.5,
				-0.496,
				1,
				0.511,
				-0.496,
				0.522,
				-0.496,
				0.533,
				-0.496,
				1,
				0.656,
				-0.496,
				0.778,
				-0.284,
				0.9,
				-0.284,
				1,
				1.022,
				-0.284,
				1.144,
				-1.093,
				1.267,
				-1.093,
				1,
				1.378,
				-1.093,
				1.489,
				-0.487,
				1.6,
				-0.487,
				1,
				1.811,
				-0.487,
				2.022,
				-1.063,
				2.233,
				-1.063,
				1,
				2.478,
				-1.063,
				2.722,
				0.624,
				2.967,
				0.624,
				1,
				3.078,
				0.624,
				3.189,
				0.333,
				3.3,
				0.333,
				1,
				3.311,
				0.333,
				3.322,
				0.333,
				3.333,
				0.333,
				1,
				3.556,
				0.333,
				3.778,
				-0.086,
				4,
				-0.086,
				1,
				4.222,
				-0.086,
				4.444,
				0.975,
				4.667,
				0.975,
				1,
				4.811,
				0.975,
				4.956,
				-0.178,
				5.1,
				-0.178,
				1,
				5.122,
				-0.178,
				5.144,
				-0.165,
				5.167,
				-0.153
			]
		},
		{
			"Target": "Parameter",
			"Id": "Param_Angle_Rotation6",
			"Segments": [
				0,
				0.212,
				1,
				0.267,
				0.212,
				0.533,
				-0.138,
				0.8,
				-0.138,
				1,
				0.811,
				-0.138,
				0.822,
				-0.138,
				0.833,
				-0.138,
				1,
				0.944,
				-0.138,
				1.056,
				0.42,
				1.167,
				0.42,
				1,
				1.278,
				0.42,
				1.389,
				-0.324,
				1.5,
				-0.324,
				1,
				1.622,
				-0.324,
				1.744,
				0.225,
				1.867,
				0.225,
				1,
				2.133,
				0.225,
				2.4,
				-0.443,
				2.667,
				-0.443,
				1,
				2.822,
				-0.443,
				2.978,
				0.332,
				3.133,
				0.332,
				1,
				3.256,
				0.332,
				3.378,
				-0.038,
				3.5,
				-0.038,
				1,
				3.611,
				-0.038,
				3.722,
				0.094,
				3.833,
				0.094,
				1,
				4,
				0.094,
				4.167,
				-0.245,
				4.333,
				-0.245,
				1,
				4.367,
				-0.245,
				4.4,
				-0.233,
				4.433,
				-0.233,
				1,
				4.456,
				-0.233,
				4.478,
				-0.235,
				4.5,
				-0.235,
				1,
				4.656,
				-0.235,
				4.811,
				0.56,
				4.967,
				0.56,
				1,
				5.033,
				0.56,
				5.1,
				0.506,
				5.167,
				0.318
			]
		},
		{
			"Target": "Parameter",
			"Id": "Param_Angle_Rotation7",
			"Segments": [
				0,
				0.116,
				1,
				0.267,
				0.116,
				0.533,
				-0.075,
				0.8,
				-0.075,
				1,
				0.811,
				-0.075,
				0.822,
				-0.075,
				0.833,
				-0.075,
				1,
				0.944,
				-0.075,
				1.056,
				0.229,
				1.167,
				0.229,
				1,
				1.278,
				0.229,
				1.389,
				-0.176,
				1.5,
				-0.176,
				1,
				1.622,
				-0.176,
				1.744,
				0.123,
				1.867,
				0.123,
				1,
				2.133,
				0.123,
				2.4,
				-0.242,
				2.667,
				-0.242,
				1,
				2.822,
				-0.242,
				2.978,
				0.181,
				3.133,
				0.181,
				1,
				3.256,
				0.181,
				3.378,
				-0.021,
				3.5,
				-0.021,
				1,
				3.611,
				-0.021,
				3.722,
				0.051,
				3.833,
				0.051,
				1,
				4,
				0.051,
				4.167,
				-0.133,
				4.333,
				-0.133,
				1,
				4.367,
				-0.133,
				4.4,
				-0.127,
				4.433,
				-0.127,
				1,
				4.456,
				-0.127,
				4.478,
				-0.128,
				4.5,
				-0.128,
				1,
				4.656,
				-0.128,
				4.811,
				0.305,
				4.967,
				0.305,
				1,
				5.033,
				0.305,
				5.1,
				0.276,
				5.167,
				0.174
			]
		},
		{
			"Target": "Parameter",
			"Id": "Param_Angle_Rotation8",
			"Segments": [
				0,
				-0.009,
				1,
				0.111,
				0.017,
				0.222,
				0.045,
				0.333,
				0.045,
				1,
				0.533,
				0.045,
				0.733,
				0.004,
				0.933,
				0.004,
				1,
				1.033,
				0.004,
				1.133,
				0.061,
				1.233,
				0.061,
				1,
				1.356,
				0.061,
				1.478,
				-0.158,
				1.6,
				-0.158,
				1,
				1.744,
				-0.158,
				1.889,
				0.102,
				2.033,
				0.102,
				1,
				2.344,
				0.102,
				2.656,
				-0.195,
				2.967,
				-0.195,
				1,
				3.078,
				-0.195,
				3.189,
				0.081,
				3.3,
				0.081,
				1,
				3.4,
				0.081,
				3.5,
				-0.032,
				3.6,
				-0.032,
				1,
				3.733,
				-0.032,
				3.867,
				0.103,
				4,
				0.103,
				1,
				4.211,
				0.103,
				4.422,
				-0.06,
				4.633,
				-0.06,
				1,
				4.767,
				-0.06,
				4.9,
				0.105,
				5.033,
				0.105,
				1,
				5.078,
				0.105,
				5.122,
				0.078,
				5.167,
				0.045
			]
		},
		{
			"Target": "Parameter",
			"Id": "Param8",
			"Segments": [
				0,
				-0.006,
				1,
				0.111,
				0.011,
				0.222,
				0.03,
				0.333,
				0.03,
				1,
				0.533,
				0.03,
				0.733,
				0.002,
				0.933,
				0.002,
				1,
				1.033,
				0.002,
				1.133,
				0.041,
				1.233,
				0.041,
				1,
				1.356,
				0.041,
				1.478,
				-0.106,
				1.6,
				-0.106,
				1,
				1.744,
				-0.106,
				1.889,
				0.068,
				2.033,
				0.068,
				1,
				2.344,
				0.068,
				2.656,
				-0.13,
				2.967,
				-0.13,
				1,
				3.078,
				-0.13,
				3.189,
				0.054,
				3.3,
				0.054,
				1,
				3.4,
				0.054,
				3.5,
				-0.021,
				3.6,
				-0.021,
				1,
				3.733,
				-0.021,
				3.867,
				0.069,
				4,
				0.069,
				1,
				4.211,
				0.069,
				4.422,
				-0.04,
				4.633,
				-0.04,
				1,
				4.767,
				-0.04,
				4.9,
				0.07,
				5.033,
				0.07,
				1,
				5.078,
				0.07,
				5.122,
				0.052,
				5.167,
				0.03
			]
		},
		{
			"Target": "Parameter",
			"Id": "Param10",
			"Segments": [
				0,
				-0.32,
				1,
				0.167,
				-0.068,
				0.333,
				0.229,
				0.5,
				0.229,
				1,
				0.756,
				0.229,
				1.011,
				-1.729,
				1.267,
				-1.729,
				1,
				1.6,
				-1.729,
				1.933,
				-0.329,
				2.267,
				-0.329,
				1,
				2.411,
				-0.329,
				2.556,
				-1.091,
				2.7,
				-1.091,
				1,
				2.722,
				-1.091,
				2.744,
				-1.046,
				2.767,
				-1.046,
				1,
				2.822,
				-1.046,
				2.878,
				-1.368,
				2.933,
				-1.368,
				1,
				3.067,
				-1.368,
				3.2,
				0.411,
				3.333,
				0.411,
				1,
				3.389,
				0.411,
				3.444,
				0.378,
				3.5,
				0.378,
				1,
				3.689,
				0.378,
				3.878,
				0.946,
				4.067,
				0.946,
				1,
				4.222,
				0.946,
				4.378,
				0.526,
				4.533,
				0.526,
				1,
				4.567,
				0.526,
				4.6,
				0.563,
				4.633,
				0.563,
				1,
				4.778,
				0.563,
				4.922,
				-0.54,
				5.067,
				-0.54,
				1,
				5.1,
				-0.54,
				5.133,
				-0.511,
				5.167,
				-0.463
			]
		},
		{
			"Target": "Parameter",
			"Id": "Param11",
			"Segments": [
				0,
				-0.207,
				1,
				0.011,
				-0.209,
				0.022,
				-0.209,
				0.033,
				-0.209,
				1,
				0.4,
				-0.209,
				0.767,
				0.562,
				1.133,
				0.562,
				1,
				1.256,
				0.562,
				1.378,
				-0.523,
				1.5,
				-0.523,
				1,
				1.644,
				-0.523,
				1.789,
				-0.024,
				1.933,
				-0.024,
				1,
				1.967,
				-0.024,
				2,
				-0.031,
				2.033,
				-0.031,
				1,
				2.244,
				-0.031,
				2.456,
				0.407,
				2.667,
				0.407,
				1,
				2.722,
				0.407,
				2.778,
				0.066,
				2.833,
				0.066,
				1,
				2.844,
				0.066,
				2.856,
				0.07,
				2.867,
				0.07,
				1,
				2.956,
				0.07,
				3.044,
				-0.911,
				3.133,
				-0.911,
				1,
				3.256,
				-0.911,
				3.378,
				0.229,
				3.5,
				0.229,
				1,
				3.622,
				0.229,
				3.744,
				-0.149,
				3.867,
				-0.149,
				1,
				4.022,
				-0.149,
				4.178,
				0.212,
				4.333,
				0.212,
				1,
				4.444,
				0.212,
				4.556,
				-0.085,
				4.667,
				-0.085,
				1,
				4.767,
				-0.085,
				4.867,
				0.393,
				4.967,
				0.393,
				1,
				5.033,
				0.393,
				5.1,
				0.162,
				5.167,
				-0.049
			]
		},
		{
			"Target": "Parameter",
			"Id": "Param12",
			"Segments": [
				0,
				0.006,
				1,
				0.111,
				-0.02,
				0.222,
				-0.045,
				0.333,
				-0.045,
				1,
				0.633,
				-0.045,
				0.933,
				0.158,
				1.233,
				0.158,
				1,
				1.356,
				0.158,
				1.478,
				-0.113,
				1.6,
				-0.113,
				1,
				1.711,
				-0.113,
				1.822,
				0.033,
				1.933,
				0.033,
				1,
				2.056,
				0.033,
				2.178,
				-0.064,
				2.3,
				-0.064,
				1,
				2.511,
				-0.064,
				2.722,
				0.146,
				2.933,
				0.146,
				1,
				3.044,
				0.146,
				3.156,
				-0.187,
				3.267,
				-0.187,
				1,
				3.378,
				-0.187,
				3.489,
				0.12,
				3.6,
				0.12,
				1,
				3.733,
				0.12,
				3.867,
				-0.142,
				4,
				-0.142,
				1,
				4.167,
				-0.142,
				4.333,
				0.035,
				4.5,
				0.035,
				1,
				4.578,
				0.035,
				4.656,
				0.006,
				4.733,
				0.006,
				1,
				4.844,
				0.006,
				4.956,
				0.13,
				5.067,
				0.13,
				1,
				5.1,
				0.13,
				5.133,
				0.115,
				5.167,
				0.091
			]
		},
		{
			"Target": "Parameter",
			"Id": "Param13",
			"Segments": [
				0,
				0.006,
				1,
				0.111,
				-0.02,
				0.222,
				-0.045,
				0.333,
				-0.045,
				1,
				0.633,
				-0.045,
				0.933,
				0.158,
				1.233,
				0.158,
				1,
				1.356,
				0.158,
				1.478,
				-0.113,
				1.6,
				-0.113,
				1,
				1.711,
				-0.113,
				1.822,
				0.033,
				1.933,
				0.033,
				1,
				2.056,
				0.033,
				2.178,
				-0.064,
				2.3,
				-0.064,
				1,
				2.511,
				-0.064,
				2.722,
				0.146,
				2.933,
				0.146,
				1,
				3.044,
				0.146,
				3.156,
				-0.187,
				3.267,
				-0.187,
				1,
				3.378,
				-0.187,
				3.489,
				0.12,
				3.6,
				0.12,
				1,
				3.733,
				0.12,
				3.867,
				-0.142,
				4,
				-0.142,
				1,
				4.167,
				-0.142,
				4.333,
				0.035,
				4.5,
				0.035,
				1,
				4.578,
				0.035,
				4.656,
				0.006,
				4.733,
				0.006,
				1,
				4.844,
				0.006,
				4.956,
				0.13,
				5.067,
				0.13,
				1,
				5.1,
				0.13,
				5.133,
				0.115,
				5.167,
				0.091
			]
		},
		{
			"Target": "Parameter",
			"Id": "Param14",
			"Segments": [
				0,
				-0.004,
				1,
				0.111,
				0.013,
				0.222,
				0.03,
				0.333,
				0.03,
				1,
				0.633,
				0.03,
				0.933,
				-0.106,
				1.233,
				-0.106,
				1,
				1.356,
				-0.106,
				1.478,
				0.076,
				1.6,
				0.076,
				1,
				1.711,
				0.076,
				1.822,
				-0.022,
				1.933,
				-0.022,
				1,
				2.056,
				-0.022,
				2.178,
				0.043,
				2.3,
				0.043,
				1,
				2.511,
				0.043,
				2.722,
				-0.098,
				2.933,
				-0.098,
				1,
				3.044,
				-0.098,
				3.156,
				0.126,
				3.267,
				0.126,
				1,
				3.378,
				0.126,
				3.489,
				-0.08,
				3.6,
				-0.08,
				1,
				3.733,
				-0.08,
				3.867,
				0.095,
				4,
				0.095,
				1,
				4.167,
				0.095,
				4.333,
				-0.023,
				4.5,
				-0.023,
				1,
				4.578,
				-0.023,
				4.656,
				-0.004,
				4.733,
				-0.004,
				1,
				4.844,
				-0.004,
				4.956,
				-0.087,
				5.067,
				-0.087,
				1,
				5.1,
				-0.087,
				5.133,
				-0.077,
				5.167,
				-0.061
			]
		},
		{
			"Target": "Parameter",
			"Id": "Param6",
			"Segments": [
				0,
				-0.193,
				1,
				0.133,
				0.214,
				0.267,
				0.581,
				0.4,
				0.581,
				1,
				0.544,
				0.581,
				0.689,
				0,
				0.833,
				0,
				1,
				0.889,
				0,
				0.944,
				0.643,
				1,
				0.643,
				1,
				1.111,
				0.643,
				1.222,
				-2.287,
				1.333,
				-2.287,
				1,
				1.622,
				-2.287,
				1.911,
				0.554,
				2.2,
				0.554,
				1,
				2.433,
				0.554,
				2.667,
				-3.449,
				2.9,
				-3.449,
				1,
				3.011,
				-3.449,
				3.122,
				1.268,
				3.233,
				1.268,
				1,
				3.333,
				1.268,
				3.433,
				-0.079,
				3.533,
				-0.079,
				1,
				3.667,
				-0.079,
				3.8,
				1.26,
				3.933,
				1.26,
				1,
				4.133,
				1.26,
				4.333,
				-0.691,
				4.533,
				-0.691,
				1,
				4.622,
				-0.691,
				4.711,
				0.945,
				4.8,
				0.945,
				1,
				4.9,
				0.945,
				5,
				-1.357,
				5.1,
				-1.357,
				1,
				5.122,
				-1.357,
				5.144,
				-1.293,
				5.167,
				-1.185
			]
		},
		{
			"Target": "Parameter",
			"Id": "Param7",
			"Segments": [
				0,
				0.129,
				1,
				0.044,
				0.155,
				0.089,
				0.175,
				0.133,
				0.175,
				1,
				0.289,
				0.175,
				0.444,
				-0.249,
				0.6,
				-0.249,
				1,
				0.667,
				-0.249,
				0.733,
				-0.124,
				0.8,
				-0.124,
				1,
				0.856,
				-0.124,
				0.911,
				-0.552,
				0.967,
				-0.552,
				1,
				1.056,
				-0.552,
				1.144,
				0.907,
				1.233,
				0.907,
				1,
				1.322,
				0.907,
				1.411,
				-1.042,
				1.5,
				-1.042,
				1,
				1.6,
				-1.042,
				1.7,
				0.982,
				1.8,
				0.982,
				1,
				1.911,
				0.982,
				2.022,
				-0.558,
				2.133,
				-0.558,
				1,
				2.256,
				-0.558,
				2.378,
				0.049,
				2.5,
				0.049,
				1,
				2.522,
				0.049,
				2.544,
				0.021,
				2.567,
				0.021,
				1,
				2.611,
				0.021,
				2.656,
				0.824,
				2.7,
				0.824,
				1,
				2.733,
				0.824,
				2.767,
				0.414,
				2.8,
				0.414,
				1,
				2.822,
				0.414,
				2.844,
				0.436,
				2.867,
				0.436,
				1,
				2.933,
				0.436,
				3,
				-1.153,
				3.067,
				-1.153,
				1,
				3.167,
				-1.153,
				3.267,
				1.874,
				3.367,
				1.874,
				1,
				3.478,
				1.874,
				3.589,
				-1.254,
				3.7,
				-1.254,
				1,
				3.811,
				-1.254,
				3.922,
				0.458,
				4.033,
				0.458,
				1,
				4.144,
				0.458,
				4.256,
				-0.431,
				4.367,
				-0.431,
				1,
				4.422,
				-0.431,
				4.478,
				-0.06,
				4.533,
				-0.06,
				1,
				4.544,
				-0.06,
				4.556,
				-0.06,
				4.567,
				-0.06,
				1,
				4.622,
				-0.06,
				4.678,
				-0.489,
				4.733,
				-0.489,
				1,
				4.822,
				-0.489,
				4.911,
				1.194,
				5,
				1.194,
				1,
				5.056,
				1.194,
				5.111,
				0.445,
				5.167,
				-0.222
			]
		},
		{
			"Target": "Parameter",
			"Id": "Param15",
			"Segments": [
				0,
				-0.288,
				1,
				0.156,
				0.005,
				0.311,
				0.309,
				0.467,
				0.309,
				1,
				0.578,
				0.309,
				0.689,
				0.048,
				0.8,
				0.048,
				1,
				0.878,
				0.048,
				0.956,
				0.961,
				1.033,
				0.961,
				1,
				1.144,
				0.961,
				1.256,
				-1.75,
				1.367,
				-1.75,
				1,
				1.656,
				-1.75,
				1.944,
				0.268,
				2.233,
				0.268,
				1,
				2.456,
				0.268,
				2.678,
				-2.589,
				2.9,
				-2.589,
				1,
				3.022,
				-2.589,
				3.144,
				0.523,
				3.267,
				0.523,
				1,
				3.367,
				0.523,
				3.467,
				0.079,
				3.567,
				0.079,
				1,
				3.711,
				0.079,
				3.856,
				0.741,
				4,
				0.741,
				1,
				4.189,
				0.741,
				4.378,
				-0.43,
				4.567,
				-0.43,
				1,
				4.656,
				-0.43,
				4.744,
				1.056,
				4.833,
				1.056,
				1,
				4.933,
				1.056,
				5.033,
				-1.036,
				5.133,
				-1.036,
				1,
				5.144,
				-1.036,
				5.156,
				-1.027,
				5.167,
				-1.01
			]
		},
		{
			"Target": "Parameter",
			"Id": "Param16",
			"Segments": [
				0,
				-0.248,
				1,
				0.022,
				-0.254,
				0.044,
				-0.258,
				0.067,
				-0.258,
				1,
				0.311,
				-0.258,
				0.556,
				0.124,
				0.8,
				0.124,
				1,
				0.867,
				0.124,
				0.933,
				-0.553,
				1,
				-0.553,
				1,
				1.089,
				-0.553,
				1.178,
				1.294,
				1.267,
				1.294,
				1,
				1.367,
				1.294,
				1.467,
				-0.665,
				1.567,
				-0.665,
				1,
				1.689,
				-0.665,
				1.811,
				-0.073,
				1.933,
				-0.073,
				1,
				1.989,
				-0.073,
				2.044,
				-0.115,
				2.1,
				-0.115,
				1,
				2.3,
				-0.115,
				2.5,
				0.929,
				2.7,
				0.929,
				1,
				2.722,
				0.929,
				2.744,
				0.915,
				2.767,
				0.915,
				1,
				2.789,
				0.915,
				2.811,
				0.983,
				2.833,
				0.983,
				1,
				2.933,
				0.983,
				3.033,
				-1.435,
				3.133,
				-1.435,
				1,
				3.244,
				-1.435,
				3.356,
				0.266,
				3.467,
				0.266,
				1,
				3.589,
				0.266,
				3.711,
				-0.286,
				3.833,
				-0.286,
				1,
				4.056,
				-0.286,
				4.278,
				0.437,
				4.5,
				0.437,
				1,
				4.589,
				0.437,
				4.678,
				-0.807,
				4.767,
				-0.807,
				1,
				4.867,
				-0.807,
				4.967,
				1.028,
				5.067,
				1.028,
				1,
				5.1,
				1.028,
				5.133,
				0.841,
				5.167,
				0.591
			]
		},
		{
			"Target": "Parameter",
			"Id": "Param17",
			"Segments": [
				0,
				0.243,
				1,
				0.156,
				-0.394,
				0.311,
				-1.055,
				0.467,
				-1.055,
				1,
				0.644,
				-1.055,
				0.822,
				-0.177,
				1,
				-0.177,
				1,
				1.078,
				-0.177,
				1.156,
				-0.409,
				1.233,
				-0.409,
				1,
				1.333,
				-0.409,
				1.433,
				0.036,
				1.533,
				0.036,
				1,
				1.756,
				0.036,
				1.978,
				-1.556,
				2.2,
				-1.556,
				1,
				2.444,
				-1.556,
				2.689,
				2.287,
				2.933,
				2.287,
				1,
				3.044,
				2.287,
				3.156,
				0.069,
				3.267,
				0.069,
				1,
				3.344,
				0.069,
				3.422,
				0.228,
				3.5,
				0.228,
				1,
				3.667,
				0.228,
				3.833,
				-0.983,
				4,
				-0.983,
				1,
				4.233,
				-0.983,
				4.467,
				1.267,
				4.7,
				1.267,
				1,
				4.856,
				1.267,
				5.011,
				0.568,
				5.167,
				-0.154
			]
		},
		{
			"Target": "Parameter",
			"Id": "Param18",
			"Segments": [
				0,
				-0.13,
				1,
				0.156,
				0.186,
				0.311,
				0.502,
				0.467,
				0.502,
				1,
				0.778,
				0.502,
				1.089,
				-0.721,
				1.4,
				-0.721,
				1,
				1.667,
				-0.721,
				1.933,
				0.483,
				2.2,
				0.483,
				1,
				2.367,
				0.483,
				2.533,
				-1.435,
				2.7,
				-1.435,
				1,
				2.722,
				-1.435,
				2.744,
				-0.95,
				2.767,
				-0.95,
				1,
				2.822,
				-0.95,
				2.878,
				-1.548,
				2.933,
				-1.548,
				1,
				3,
				-1.548,
				3.067,
				0.431,
				3.133,
				0.431,
				1,
				3.211,
				0.431,
				3.289,
				-0.361,
				3.367,
				-0.361,
				1,
				3.533,
				-0.361,
				3.7,
				0.793,
				3.867,
				0.793,
				1,
				4.111,
				0.793,
				4.356,
				-0.33,
				4.6,
				-0.33,
				1,
				4.689,
				-0.33,
				4.778,
				-0.02,
				4.867,
				-0.02,
				1,
				4.967,
				-0.02,
				5.067,
				-0.344,
				5.167,
				-0.344
			]
		},
		{
			"Target": "Parameter",
			"Id": "Param19",
			"Segments": [
				0,
				-0.193,
				1,
				0.144,
				0.001,
				0.289,
				0.187,
				0.433,
				0.187,
				1,
				0.556,
				0.187,
				0.678,
				-0.025,
				0.8,
				-0.025,
				1,
				0.867,
				-0.025,
				0.933,
				0.734,
				1,
				0.734,
				1,
				1.111,
				0.734,
				1.222,
				-1.545,
				1.333,
				-1.545,
				1,
				1.456,
				-1.545,
				1.578,
				-0.066,
				1.7,
				-0.066,
				1,
				1.733,
				-0.066,
				1.767,
				-0.077,
				1.8,
				-0.077,
				1,
				1.933,
				-0.077,
				2.067,
				0.171,
				2.2,
				0.171,
				1,
				2.433,
				0.171,
				2.667,
				-2.02,
				2.9,
				-2.02,
				1,
				3.011,
				-2.02,
				3.122,
				0.524,
				3.233,
				0.524,
				1,
				3.322,
				0.524,
				3.411,
				0.004,
				3.5,
				0.004,
				1,
				3.656,
				0.004,
				3.811,
				0.575,
				3.967,
				0.575,
				1,
				4.156,
				0.575,
				4.344,
				-0.329,
				4.533,
				-0.329,
				1,
				4.622,
				-0.329,
				4.711,
				0.944,
				4.8,
				0.944,
				1,
				4.9,
				0.944,
				5,
				-0.967,
				5.1,
				-0.967,
				1,
				5.122,
				-0.967,
				5.144,
				-0.933,
				5.167,
				-0.875
			]
		},
		{
			"Target": "Parameter",
			"Id": "Param20",
			"Segments": [
				0,
				-0.067,
				1,
				0.022,
				-0.075,
				0.044,
				-0.08,
				0.067,
				-0.08,
				1,
				0.133,
				-0.08,
				0.2,
				-0.052,
				0.267,
				-0.052,
				1,
				0.333,
				-0.052,
				0.4,
				-0.072,
				0.467,
				-0.072,
				1,
				0.578,
				-0.072,
				0.689,
				0.007,
				0.8,
				0.007,
				1,
				0.856,
				0.007,
				0.911,
				-0.663,
				0.967,
				-0.663,
				1,
				1.056,
				-0.663,
				1.144,
				1.144,
				1.233,
				1.144,
				1,
				1.322,
				1.144,
				1.411,
				-0.941,
				1.5,
				-0.941,
				1,
				1.589,
				-0.941,
				1.678,
				0.434,
				1.767,
				0.434,
				1,
				1.867,
				0.434,
				1.967,
				-0.242,
				2.067,
				-0.242,
				1,
				2.278,
				-0.242,
				2.489,
				0.821,
				2.7,
				0.821,
				1,
				2.722,
				0.821,
				2.744,
				0.681,
				2.767,
				0.681,
				1,
				2.789,
				0.681,
				2.811,
				0.7,
				2.833,
				0.7,
				1,
				2.922,
				0.7,
				3.011,
				-1.189,
				3.1,
				-1.189,
				1,
				3.189,
				-1.189,
				3.278,
				0.793,
				3.367,
				0.793,
				1,
				3.478,
				0.793,
				3.589,
				-0.383,
				3.7,
				-0.383,
				1,
				3.822,
				-0.383,
				3.944,
				0.026,
				4.067,
				0.026,
				1,
				4.122,
				0.026,
				4.178,
				-0.005,
				4.233,
				-0.005,
				1,
				4.322,
				-0.005,
				4.411,
				0.273,
				4.5,
				0.273,
				1,
				4.578,
				0.273,
				4.656,
				-0.777,
				4.733,
				-0.777,
				1,
				4.822,
				-0.777,
				4.911,
				1.155,
				5,
				1.155,
				1,
				5.056,
				1.155,
				5.111,
				0.353,
				5.167,
				-0.249
			]
		},
		{
			"Target": "Parameter",
			"Id": "Param21",
			"Segments": [
				0,
				-0.283,
				1,
				0.156,
				-0.888,
				0.311,
				-1.492,
				0.467,
				-1.492,
				1,
				0.6,
				-1.492,
				0.733,
				-0.969,
				0.867,
				-0.969,
				1,
				1.011,
				-0.969,
				1.156,
				-6.878,
				1.3,
				-6.878,
				1,
				1.456,
				-6.878,
				1.611,
				-2.544,
				1.767,
				-2.544,
				1,
				1.944,
				-2.544,
				2.122,
				-4.138,
				2.3,
				-4.138,
				1,
				2.633,
				-4.138,
				2.967,
				2.292,
				3.3,
				2.292,
				1,
				3.522,
				2.292,
				3.744,
				0.939,
				3.967,
				0.939,
				1,
				4.211,
				0.939,
				4.456,
				4.393,
				4.7,
				4.393,
				1,
				4.856,
				4.393,
				5.011,
				-2.278,
				5.167,
				-2.278
			]
		},
		{
			"Target": "Parameter",
			"Id": "Param22",
			"Segments": [
				0,
				1.205,
				1,
				0.233,
				0.603,
				0.467,
				-0.752,
				0.7,
				-0.752,
				1,
				0.867,
				-0.752,
				1.033,
				5.469,
				1.2,
				5.469,
				1,
				1.333,
				5.469,
				1.467,
				-4.068,
				1.6,
				-4.068,
				1,
				1.744,
				-4.068,
				1.889,
				1.504,
				2.033,
				1.504,
				1,
				2.289,
				1.504,
				2.544,
				-1.612,
				2.8,
				-1.612,
				1,
				2.878,
				-1.612,
				2.956,
				-0.76,
				3.033,
				-0.76,
				1,
				3.078,
				-0.76,
				3.122,
				-1.11,
				3.167,
				-1.11,
				1,
				3.3,
				-1.11,
				3.433,
				0.715,
				3.567,
				0.715,
				1,
				3.811,
				0.715,
				4.056,
				-1.328,
				4.3,
				-1.328,
				1,
				4.344,
				-1.328,
				4.389,
				-1.234,
				4.433,
				-1.234,
				1,
				4.489,
				-1.234,
				4.544,
				-1.577,
				4.6,
				-1.577,
				1,
				4.733,
				-1.577,
				4.867,
				5.975,
				5,
				5.975,
				1,
				5.056,
				5.975,
				5.111,
				4.753,
				5.167,
				3.248
			]
		},
		{
			"Target": "Parameter",
			"Id": "Param23",
			"Segments": [
				0,
				-0.896,
				1,
				0.144,
				-0.338,
				0.289,
				0.242,
				0.433,
				0.242,
				1,
				0.722,
				0.242,
				1.011,
				-8.381,
				1.3,
				-8.381,
				1,
				1.533,
				-8.381,
				1.767,
				-2.241,
				2,
				-2.241,
				1,
				2.233,
				-2.241,
				2.467,
				-3.73,
				2.7,
				-3.73,
				1,
				2.722,
				-3.73,
				2.744,
				-3.565,
				2.767,
				-3.565,
				1,
				2.811,
				-3.565,
				2.856,
				-3.77,
				2.9,
				-3.77,
				1,
				3.078,
				-3.77,
				3.256,
				3.061,
				3.433,
				3.061,
				1,
				3.544,
				3.061,
				3.656,
				2.336,
				3.767,
				2.336,
				1,
				3.911,
				2.336,
				4.056,
				2.973,
				4.2,
				2.973,
				1,
				4.289,
				2.973,
				4.378,
				2.609,
				4.467,
				2.609,
				1,
				4.533,
				2.609,
				4.6,
				3.153,
				4.667,
				3.153,
				1,
				4.822,
				3.153,
				4.978,
				-2.801,
				5.133,
				-2.801,
				1,
				5.144,
				-2.801,
				5.156,
				-2.787,
				5.167,
				-2.762
			]
		},
		{
			"Target": "Parameter",
			"Id": "Param24",
			"Segments": [
				0,
				-1.585,
				1,
				0.233,
				-0.821,
				0.467,
				1.166,
				0.7,
				1.166,
				1,
				0.744,
				1.166,
				0.789,
				1.104,
				0.833,
				1.104,
				1,
				0.944,
				1.104,
				1.056,
				6.199,
				1.167,
				6.199,
				1,
				1.311,
				6.199,
				1.456,
				-6.342,
				1.6,
				-6.342,
				1,
				1.789,
				-6.342,
				1.978,
				1.83,
				2.167,
				1.83,
				1,
				2.3,
				1.83,
				2.433,
				0.582,
				2.567,
				0.582,
				1,
				2.589,
				0.582,
				2.611,
				0.645,
				2.633,
				0.645,
				1,
				2.822,
				0.645,
				3.011,
				-6.413,
				3.2,
				-6.413,
				1,
				3.356,
				-6.413,
				3.511,
				2.224,
				3.667,
				2.224,
				1,
				3.811,
				2.224,
				3.956,
				0.067,
				4.1,
				0.067,
				1,
				4.2,
				0.067,
				4.3,
				0.652,
				4.4,
				0.652,
				1,
				4.489,
				0.652,
				4.578,
				-1.082,
				4.667,
				-1.082,
				1,
				4.778,
				-1.082,
				4.889,
				5.083,
				5,
				5.083,
				1,
				5.056,
				5.083,
				5.111,
				3.836,
				5.167,
				2.302
			]
		},
		{
			"Target": "Parameter",
			"Id": "Param25",
			"Segments": [
				0,
				0.181,
				1,
				0.111,
				-0.533,
				0.222,
				-1.144,
				0.333,
				-1.145,
				1,
				0.578,
				-1.145,
				0.822,
				4.064,
				1.067,
				4.064,
				1,
				1.167,
				4.064,
				1.267,
				-0.772,
				1.367,
				-0.772,
				1,
				1.456,
				-0.772,
				1.544,
				0.538,
				1.633,
				0.538,
				1,
				1.8,
				0.538,
				1.967,
				-1.22,
				2.133,
				-1.22,
				1,
				2.322,
				-1.22,
				2.511,
				2.401,
				2.7,
				2.401,
				1,
				2.778,
				2.401,
				2.856,
				-1.074,
				2.933,
				-1.074,
				1,
				3.022,
				-1.074,
				3.111,
				0.647,
				3.2,
				0.647,
				1,
				3.422,
				0.647,
				3.644,
				-1.234,
				3.867,
				-1.234,
				1,
				4.044,
				-1.234,
				4.222,
				0.097,
				4.4,
				0.097,
				1,
				4.444,
				0.097,
				4.489,
				-0.433,
				4.533,
				-0.433,
				1,
				4.633,
				-0.433,
				4.733,
				3.01,
				4.833,
				3.01,
				1,
				4.933,
				3.01,
				5.033,
				-1.072,
				5.133,
				-1.072,
				1,
				5.144,
				-1.072,
				5.156,
				-1.052,
				5.167,
				-1.022
			]
		},
		{
			"Target": "Parameter",
			"Id": "Param31",
			"Segments": [
				0,
				0.015,
				1,
				0.033,
				0.069,
				0.067,
				0.102,
				0.1,
				0.102,
				1,
				0.156,
				0.102,
				0.211,
				-0.009,
				0.267,
				-0.009,
				1,
				0.378,
				-0.009,
				0.489,
				0.358,
				0.6,
				0.358,
				1,
				0.733,
				0.358,
				0.867,
				-1.897,
				1,
				-1.897,
				1,
				1.089,
				-1.897,
				1.178,
				1.623,
				1.267,
				1.623,
				1,
				1.356,
				1.623,
				1.444,
				-1.892,
				1.533,
				-1.892,
				1,
				1.644,
				-1.892,
				1.756,
				0.996,
				1.867,
				0.996,
				1,
				1.978,
				0.996,
				2.089,
				-0.03,
				2.2,
				-0.03,
				1,
				2.289,
				-0.03,
				2.378,
				0.261,
				2.467,
				0.261,
				1,
				2.533,
				0.261,
				2.6,
				-1.616,
				2.667,
				-1.616,
				1,
				2.733,
				-1.616,
				2.8,
				1.707,
				2.867,
				1.707,
				1,
				2.944,
				1.707,
				3.022,
				-1.415,
				3.1,
				-1.415,
				1,
				3.2,
				-1.415,
				3.3,
				0.613,
				3.4,
				0.613,
				1,
				3.511,
				0.613,
				3.622,
				0.169,
				3.733,
				0.169,
				1,
				3.844,
				0.169,
				3.956,
				0.305,
				4.067,
				0.305,
				1,
				4.167,
				0.305,
				4.267,
				0.026,
				4.367,
				0.026,
				1,
				4.422,
				0.026,
				4.478,
				0.572,
				4.533,
				0.572,
				1,
				4.611,
				0.572,
				4.689,
				-1.758,
				4.767,
				-1.758,
				1,
				4.856,
				-1.758,
				4.944,
				1.611,
				5.033,
				1.611,
				1,
				5.078,
				1.611,
				5.122,
				0.757,
				5.167,
				0.025
			]
		},
		{
			"Target": "Parameter",
			"Id": "Param26",
			"Segments": [
				0,
				-0.143,
				1,
				0.111,
				0.57,
				0.222,
				1.181,
				0.333,
				1.181,
				1,
				0.489,
				1.181,
				0.644,
				0.251,
				0.8,
				0.251,
				1,
				0.878,
				0.251,
				0.956,
				2.432,
				1.033,
				2.432,
				1,
				1.144,
				2.432,
				1.256,
				-2.711,
				1.367,
				-2.711,
				1,
				1.622,
				-2.711,
				1.878,
				1.062,
				2.133,
				1.062,
				1,
				2.344,
				1.062,
				2.556,
				-4.551,
				2.767,
				-4.551,
				1,
				2.911,
				-4.551,
				3.056,
				0.226,
				3.2,
				0.226,
				1,
				3.289,
				0.226,
				3.378,
				-0.094,
				3.467,
				-0.094,
				1,
				3.611,
				-0.094,
				3.756,
				1.049,
				3.9,
				1.049,
				1,
				4.111,
				1.049,
				4.322,
				-1.328,
				4.533,
				-1.328,
				1,
				4.633,
				-1.328,
				4.733,
				2.192,
				4.833,
				2.192,
				1,
				4.933,
				2.192,
				5.033,
				-1.325,
				5.133,
				-1.325,
				1,
				5.144,
				-1.325,
				5.156,
				-1.304,
				5.167,
				-1.266
			]
		},
		{
			"Target": "Parameter",
			"Id": "Param32",
			"Segments": [
				0,
				-0.026,
				1,
				0.033,
				-0.079,
				0.067,
				-0.112,
				0.1,
				-0.112,
				1,
				0.156,
				-0.112,
				0.211,
				-0.011,
				0.267,
				-0.011,
				1,
				0.378,
				-0.011,
				0.489,
				-0.375,
				0.6,
				-0.375,
				1,
				0.667,
				-0.375,
				0.733,
				-0.117,
				0.8,
				-0.117,
				1,
				0.867,
				-0.117,
				0.933,
				-1.519,
				1,
				-1.519,
				1,
				1.089,
				-1.519,
				1.178,
				2.044,
				1.267,
				2.044,
				1,
				1.356,
				2.044,
				1.444,
				-1.375,
				1.533,
				-1.375,
				1,
				1.633,
				-1.375,
				1.733,
				0.663,
				1.833,
				0.663,
				1,
				1.956,
				0.663,
				2.078,
				-0.481,
				2.2,
				-0.481,
				1,
				2.367,
				-0.481,
				2.533,
				2.686,
				2.7,
				2.686,
				1,
				2.8,
				2.686,
				2.9,
				-0.962,
				3,
				-0.962,
				1,
				3.1,
				-0.962,
				3.2,
				1.493,
				3.3,
				1.493,
				1,
				3.422,
				1.493,
				3.544,
				-0.799,
				3.667,
				-0.799,
				1,
				3.778,
				-0.799,
				3.889,
				0.006,
				4,
				0.006,
				1,
				4.067,
				0.006,
				4.133,
				-0.088,
				4.2,
				-0.088,
				1,
				4.311,
				-0.088,
				4.422,
				0.444,
				4.533,
				0.444,
				1,
				4.611,
				0.444,
				4.689,
				-1.513,
				4.767,
				-1.513,
				1,
				4.856,
				-1.513,
				4.944,
				1.869,
				5.033,
				1.869,
				1,
				5.078,
				1.869,
				5.122,
				1.137,
				5.167,
				0.324
			]
		},
		{
			"Target": "Parameter",
			"Id": "Param27",
			"Segments": [
				0,
				-0.027,
				1,
				0.1,
				-0.363,
				0.2,
				-0.632,
				0.3,
				-0.632,
				1,
				0.556,
				-0.632,
				0.811,
				2.282,
				1.067,
				2.282,
				1,
				1.167,
				2.282,
				1.267,
				-0.575,
				1.367,
				-0.575,
				1,
				1.456,
				-0.575,
				1.544,
				0.32,
				1.633,
				0.32,
				1,
				1.789,
				0.32,
				1.944,
				-0.673,
				2.1,
				-0.673,
				1,
				2.3,
				-0.673,
				2.5,
				1.388,
				2.7,
				1.388,
				1,
				2.778,
				1.388,
				2.856,
				-0.667,
				2.933,
				-0.667,
				1,
				3.022,
				-0.667,
				3.111,
				0.385,
				3.2,
				0.385,
				1,
				3.422,
				0.385,
				3.644,
				-0.668,
				3.867,
				-0.668,
				1,
				4.044,
				-0.668,
				4.222,
				0.087,
				4.4,
				0.087,
				1,
				4.444,
				0.087,
				4.489,
				-0.236,
				4.533,
				-0.236,
				1,
				4.633,
				-0.236,
				4.733,
				1.699,
				4.833,
				1.699,
				1,
				4.933,
				1.699,
				5.033,
				-0.704,
				5.133,
				-0.704,
				1,
				5.144,
				-0.703,
				5.156,
				-0.687,
				5.167,
				-0.663
			]
		},
		{
			"Target": "Parameter",
			"Id": "Param29",
			"Segments": [
				0,
				0.453,
				1,
				0.011,
				0.456,
				0.022,
				0.457,
				0.033,
				0.457,
				1,
				0.156,
				0.457,
				0.278,
				-0.137,
				0.4,
				-0.137,
				1,
				0.467,
				-0.137,
				0.533,
				-0.097,
				0.6,
				-0.097,
				1,
				0.722,
				-0.097,
				0.844,
				-1.361,
				0.967,
				-1.361,
				1,
				1.067,
				-1.361,
				1.167,
				1.883,
				1.267,
				1.883,
				1,
				1.367,
				1.883,
				1.467,
				-0.985,
				1.567,
				-0.985,
				1,
				1.678,
				-0.985,
				1.789,
				0.587,
				1.9,
				0.587,
				1,
				2.033,
				0.587,
				2.167,
				-0.201,
				2.3,
				-0.201,
				1,
				2.356,
				-0.201,
				2.411,
				-0.183,
				2.467,
				-0.183,
				1,
				2.533,
				-0.183,
				2.6,
				-1.307,
				2.667,
				-1.307,
				1,
				2.733,
				-1.307,
				2.8,
				1.399,
				2.867,
				1.399,
				1,
				2.956,
				1.399,
				3.044,
				-0.848,
				3.133,
				-0.848,
				1,
				3.233,
				-0.848,
				3.333,
				0.396,
				3.433,
				0.396,
				1,
				3.733,
				0.396,
				4.033,
				-0.226,
				4.333,
				-0.226,
				1,
				4.4,
				-0.226,
				4.467,
				0.325,
				4.533,
				0.325,
				1,
				4.611,
				0.325,
				4.689,
				-1.199,
				4.767,
				-1.199,
				1,
				4.856,
				-1.199,
				4.944,
				1.592,
				5.033,
				1.592,
				1,
				5.078,
				1.592,
				5.122,
				1.09,
				5.167,
				0.587
			]
		},
		{
			"Target": "Parameter",
			"Id": "Param28",
			"Segments": [
				0,
				0.044,
				1,
				0.1,
				0.36,
				0.2,
				0.613,
				0.3,
				0.613,
				1,
				0.467,
				0.613,
				0.633,
				0.093,
				0.8,
				0.093,
				1,
				0.878,
				0.093,
				0.956,
				1.279,
				1.033,
				1.279,
				1,
				1.144,
				1.279,
				1.256,
				-1.499,
				1.367,
				-1.499,
				1,
				1.622,
				-1.499,
				1.878,
				0.534,
				2.133,
				0.534,
				1,
				2.344,
				0.534,
				2.556,
				-2.427,
				2.767,
				-2.427,
				1,
				2.911,
				-2.427,
				3.056,
				0.238,
				3.2,
				0.238,
				1,
				3.289,
				0.238,
				3.378,
				-0.062,
				3.467,
				-0.062,
				1,
				3.6,
				-0.062,
				3.733,
				0.545,
				3.867,
				0.545,
				1,
				4.089,
				0.545,
				4.311,
				-0.71,
				4.533,
				-0.71,
				1,
				4.633,
				-0.71,
				4.733,
				1.206,
				4.833,
				1.206,
				1,
				4.933,
				1.206,
				5.033,
				-0.767,
				5.133,
				-0.767,
				1,
				5.144,
				-0.767,
				5.156,
				-0.754,
				5.167,
				-0.731
			]
		},
		{
			"Target": "Parameter",
			"Id": "Param30",
			"Segments": [
				0,
				-0.377,
				1,
				0.011,
				-0.379,
				0.022,
				-0.381,
				0.033,
				-0.381,
				1,
				0.167,
				-0.381,
				0.3,
				0.109,
				0.433,
				0.109,
				1,
				0.489,
				0.109,
				0.544,
				0.081,
				0.6,
				0.081,
				1,
				0.667,
				0.081,
				0.733,
				0.151,
				0.8,
				0.151,
				1,
				0.867,
				0.151,
				0.933,
				-0.752,
				1,
				-0.752,
				1,
				1.089,
				-0.752,
				1.178,
				1.505,
				1.267,
				1.505,
				1,
				1.367,
				1.505,
				1.467,
				-1.017,
				1.567,
				-1.017,
				1,
				1.678,
				-1.017,
				1.789,
				0.09,
				1.9,
				0.09,
				1,
				1.989,
				0.09,
				2.078,
				-0.005,
				2.167,
				-0.005,
				1,
				2.344,
				-0.005,
				2.522,
				1.62,
				2.7,
				1.62,
				1,
				2.811,
				1.62,
				2.922,
				-1.403,
				3.033,
				-1.403,
				1,
				3.144,
				-1.403,
				3.256,
				0.517,
				3.367,
				0.517,
				1,
				3.478,
				0.517,
				3.589,
				-0.344,
				3.7,
				-0.344,
				1,
				3.9,
				-0.344,
				4.1,
				0.204,
				4.3,
				0.204,
				1,
				4.322,
				0.204,
				4.344,
				0.182,
				4.367,
				0.182,
				1,
				4.411,
				0.182,
				4.456,
				0.293,
				4.5,
				0.293,
				1,
				4.589,
				0.293,
				4.678,
				-1.084,
				4.767,
				-1.084,
				1,
				4.856,
				-1.084,
				4.944,
				1.279,
				5.033,
				1.279,
				1,
				5.078,
				1.279,
				5.122,
				0.901,
				5.167,
				0.447
			]
		},
		{
			"Target": "Parameter",
			"Id": "Param42",
			"Segments": [
				0,
				0.535,
				1,
				0.133,
				-0.322,
				0.267,
				-1.145,
				0.4,
				-1.145,
				1,
				0.622,
				-1.145,
				0.844,
				3.707,
				1.067,
				3.707,
				1,
				1.178,
				3.707,
				1.289,
				-0.258,
				1.4,
				-0.258,
				1,
				1.478,
				-0.258,
				1.556,
				0.426,
				1.633,
				0.426,
				1,
				1.822,
				0.426,
				2.011,
				-1.202,
				2.2,
				-1.202,
				1,
				2.367,
				-1.202,
				2.533,
				2.005,
				2.7,
				2.005,
				1,
				2.778,
				2.005,
				2.856,
				-0.723,
				2.933,
				-0.723,
				1,
				3.022,
				-0.723,
				3.111,
				0.506,
				3.2,
				0.506,
				1,
				3.444,
				0.506,
				3.689,
				-1.244,
				3.933,
				-1.244,
				1,
				4.089,
				-1.244,
				4.244,
				-0.037,
				4.4,
				-0.037,
				1,
				4.444,
				-0.037,
				4.489,
				-0.404,
				4.533,
				-0.404,
				1,
				4.644,
				-0.404,
				4.756,
				2.704,
				4.867,
				2.704,
				1,
				4.967,
				2.704,
				5.067,
				-0.64,
				5.167,
				-0.64
			]
		},
		{
			"Target": "Parameter",
			"Id": "Param43",
			"Segments": [
				0,
				0,
				0,
				5.167,
				0
			]
		},
		{
			"Target": "Parameter",
			"Id": "Param44",
			"Segments": [
				0,
				0.602,
				1,
				0.144,
				-0.294,
				0.289,
				-1.19,
				0.433,
				-1.19,
				1,
				0.567,
				-1.19,
				0.7,
				-0.397,
				0.833,
				-0.397,
				1,
				0.9,
				-0.397,
				0.967,
				-2.24,
				1.033,
				-2.24,
				1,
				1.156,
				-2.24,
				1.278,
				2.267,
				1.4,
				2.267,
				1,
				1.656,
				2.267,
				1.911,
				-1.092,
				2.167,
				-1.092,
				1,
				2.378,
				-1.092,
				2.589,
				4.211,
				2.8,
				4.211,
				1,
				2.989,
				4.211,
				3.178,
				0.058,
				3.367,
				0.058,
				1,
				3.378,
				0.058,
				3.389,
				0.06,
				3.4,
				0.06,
				1,
				3.578,
				0.06,
				3.756,
				-1.032,
				3.933,
				-1.032,
				1,
				4.144,
				-1.032,
				4.356,
				1.21,
				4.567,
				1.21,
				1,
				4.667,
				1.21,
				4.767,
				-1.847,
				4.867,
				-1.847,
				1,
				4.956,
				-1.847,
				5.044,
				0.959,
				5.133,
				0.959,
				1,
				5.144,
				0.959,
				5.156,
				0.945,
				5.167,
				0.919
			]
		},
		{
			"Target": "Parameter",
			"Id": "Param45",
			"Segments": [
				0,
				0,
				0,
				5.167,
				0
			]
		},
		{
			"Target": "Parameter",
			"Id": "Param167",
			"Segments": [
				0,
				-0.524,
				1,
				0.122,
				-0.329,
				0.244,
				-0.15,
				0.367,
				-0.15,
				1,
				0.678,
				-0.15,
				0.989,
				-6.798,
				1.3,
				-6.798,
				1,
				1.489,
				-6.798,
				1.678,
				-1.711,
				1.867,
				-1.711,
				1,
				2.133,
				-1.711,
				2.4,
				-2.779,
				2.667,
				-2.779,
				1,
				2.911,
				-2.779,
				3.156,
				2.555,
				3.4,
				2.555,
				1,
				3.533,
				2.555,
				3.667,
				1.581,
				3.8,
				1.581,
				1,
				3.967,
				1.581,
				4.133,
				2.113,
				4.3,
				2.113,
				1,
				4.333,
				2.113,
				4.367,
				2.105,
				4.4,
				2.105,
				1,
				4.489,
				2.105,
				4.578,
				2.851,
				4.667,
				2.851,
				1,
				4.822,
				2.851,
				4.978,
				-2.397,
				5.133,
				-2.397,
				1,
				5.144,
				-2.397,
				5.156,
				-2.387,
				5.167,
				-2.368
			]
		},
		{
			"Target": "Parameter",
			"Id": "Param194",
			"Segments": [
				0,
				0,
				0,
				5.167,
				0
			]
		},
		{
			"Target": "Parameter",
			"Id": "Param190",
			"Segments": [
				0,
				0,
				0,
				5.167,
				0
			]
		},
		{
			"Target": "Parameter",
			"Id": "Param185",
			"Segments": [
				0,
				0,
				0,
				5.167,
				0
			]
		},
		{
			"Target": "Parameter",
			"Id": "Param186",
			"Segments": [
				0,
				0,
				0,
				5.167,
				0
			]
		},
		{
			"Target": "Parameter",
			"Id": "Param187",
			"Segments": [
				0,
				0,
				0,
				5.167,
				0
			]
		},
		{
			"Target": "Parameter",
			"Id": "fajiafaguang",
			"Segments": [
				0,
				0,
				0,
				5.167,
				0
			]
		},
		{
			"Target": "Parameter",
			"Id": "Param70",
			"Segments": [
				0,
				0,
				0,
				5.167,
				0
			]
		},
		{
			"Target": "Parameter",
			"Id": "Param9",
			"Segments": [
				0,
				0,
				0,
				5.167,
				0
			]
		},
		{
			"Target": "Parameter",
			"Id": "Param72",
			"Segments": [
				0,
				0,
				0,
				5.167,
				0
			]
		},
		{
			"Target": "Parameter",
			"Id": "Param73",
			"Segments": [
				0,
				1.948,
				0,
				5.167,
				1.948
			]
		},
		{
			"Target": "Parameter",
			"Id": "Param77",
			"Segments": [
				0,
				0,
				0,
				5.167,
				0
			]
		},
		{
			"Target": "Parameter",
			"Id": "Param119",
			"Segments": [
				0,
				0,
				0,
				5.167,
				0
			]
		},
		{
			"Target": "Parameter",
			"Id": "Param120",
			"Segments": [
				0,
				0,
				0,
				5.167,
				0
			]
		},
		{
			"Target": "Parameter",
			"Id": "Param56",
			"Segments": [
				0,
				0,
				0,
				5.167,
				0
			]
		},
		{
			"Target": "Parameter",
			"Id": "Param74",
			"Segments": [
				0,
				0,
				0,
				5.167,
				0
			]
		},
		{
			"Target": "Parameter",
			"Id": "Param75",
			"Segments": [
				0,
				2.709,
				0,
				5.167,
				2.709
			]
		},
		{
			"Target": "Parameter",
			"Id": "Param76",
			"Segments": [
				0,
				0,
				0,
				5.167,
				0
			]
		},
		{
			"Target": "Parameter",
			"Id": "Param118",
			"Segments": [
				0,
				0,
				0,
				5.167,
				0
			]
		},
		{
			"Target": "Parameter",
			"Id": "Param33",
			"Segments": [
				0,
				0,
				0,
				5.167,
				0
			]
		},
		{
			"Target": "Parameter",
			"Id": "Param34",
			"Segments": [
				0,
				0,
				0,
				5.167,
				0
			]
		},
		{
			"Target": "Parameter",
			"Id": "Param35",
			"Segments": [
				0,
				0,
				0,
				5.167,
				0
			]
		},
		{
			"Target": "Parameter",
			"Id": "Param36",
			"Segments": [
				0,
				0,
				0,
				5.167,
				0
			]
		},
		{
			"Target": "Parameter",
			"Id": "Param89",
			"Segments": [
				0,
				0,
				0,
				5.167,
				0
			]
		},
		{
			"Target": "Parameter",
			"Id": "Param90",
			"Segments": [
				0,
				0,
				0,
				5.167,
				0
			]
		},
		{
			"Target": "Parameter",
			"Id": "Param91",
			"Segments": [
				0,
				-30,
				0,
				5.167,
				-30
			]
		},
		{
			"Target": "Parameter",
			"Id": "Param92",
			"Segments": [
				0,
				0,
				0,
				5.167,
				0
			]
		},
		{
			"Target": "Parameter",
			"Id": "Param93",
			"Segments": [
				0,
				0,
				0,
				5.167,
				0
			]
		},
		{
			"Target": "Parameter",
			"Id": "Param94",
			"Segments": [
				0,
				0,
				0,
				5.167,
				0
			]
		},
		{
			"Target": "Parameter",
			"Id": "Param95",
			"Segments": [
				0,
				0,
				0,
				5.167,
				0
			]
		},
		{
			"Target": "Parameter",
			"Id": "Param96",
			"Segments": [
				0,
				0,
				0,
				5.167,
				0
			]
		},
		{
			"Target": "Parameter",
			"Id": "Param98",
			"Segments": [
				0,
				0,
				0,
				5.167,
				0
			]
		},
		{
			"Target": "Parameter",
			"Id": "Param99",
			"Segments": [
				0,
				0,
				0,
				5.167,
				0
			]
		},
		{
			"Target": "Parameter",
			"Id": "Param100",
			"Segments": [
				0,
				0,
				0,
				5.167,
				0
			]
		},
		{
			"Target": "Parameter",
			"Id": "Param101",
			"Segments": [
				0,
				0,
				0,
				5.167,
				0
			]
		},
		{
			"Target": "Parameter",
			"Id": "Param102",
			"Segments": [
				0,
				0,
				0,
				5.167,
				0
			]
		},
		{
			"Target": "Parameter",
			"Id": "Param103",
			"Segments": [
				0,
				0,
				0,
				5.167,
				0
			]
		},
		{
			"Target": "Parameter",
			"Id": "Param97",
			"Segments": [
				0,
				-30,
				0,
				5.167,
				-30
			]
		},
		{
			"Target": "Parameter",
			"Id": "Param112",
			"Segments": [
				0,
				0,
				0,
				5.167,
				0
			]
		},
		{
			"Target": "Parameter",
			"Id": "Param113",
			"Segments": [
				0,
				0,
				0,
				5.167,
				0
			]
		},
		{
			"Target": "Parameter",
			"Id": "Param114",
			"Segments": [
				0,
				0,
				0,
				5.167,
				0
			]
		},
		{
			"Target": "Parameter",
			"Id": "Param115",
			"Segments": [
				0,
				0,
				0,
				5.167,
				0
			]
		},
		{
			"Target": "Parameter",
			"Id": "Param116",
			"Segments": [
				0,
				0,
				0,
				5.167,
				0
			]
		},
		{
			"Target": "Parameter",
			"Id": "Param117",
			"Segments": [
				0,
				0,
				0,
				5.167,
				0
			]
		},
		{
			"Target": "Parameter",
			"Id": "Param105",
			"Segments": [
				0,
				-30,
				0,
				5.167,
				-30
			]
		},
		{
			"Target": "Parameter",
			"Id": "Param106",
			"Segments": [
				0,
				0,
				0,
				5.167,
				0
			]
		},
		{
			"Target": "Parameter",
			"Id": "Param107",
			"Segments": [
				0,
				0,
				0,
				5.167,
				0
			]
		},
		{
			"Target": "Parameter",
			"Id": "Param108",
			"Segments": [
				0,
				0,
				0,
				5.167,
				0
			]
		},
		{
			"Target": "Parameter",
			"Id": "Param109",
			"Segments": [
				0,
				0,
				0,
				5.167,
				0
			]
		},
		{
			"Target": "Parameter",
			"Id": "Param110",
			"Segments": [
				0,
				0,
				0,
				5.167,
				0
			]
		},
		{
			"Target": "Parameter",
			"Id": "Param111",
			"Segments": [
				0,
				0,
				0,
				5.167,
				0
			]
		},
		{
			"Target": "Parameter",
			"Id": "Param104",
			"Segments": [
				0,
				-30,
				0,
				5.167,
				-30
			]
		},
		{
			"Target": "Parameter",
			"Id": "daimao",
			"Segments": [
				0,
				0,
				0,
				5.167,
				0
			]
		},
		{
			"Target": "Parameter",
			"Id": "Param168",
			"Segments": [
				0,
				0,
				0,
				5.167,
				0
			]
		},
		{
			"Target": "Parameter",
			"Id": "Param169",
			"Segments": [
				0,
				0,
				0,
				5.167,
				0
			]
		},
		{
			"Target": "Parameter",
			"Id": "Param173",
			"Segments": [
				0,
				0,
				1,
				1.722,
				0,
				3.444,
				0,
				5.167,
				0
			]
		},
		{
			"Target": "Parameter",
			"Id": "Param174",
			"Segments": [
				0,
				-9.516,
				1,
				0.022,
				-9.445,
				0.044,
				-9.407,
				0.067,
				-9.407,
				1,
				0.344,
				-9.407,
				0.622,
				-12.607,
				0.9,
				-12.607,
				1,
				1.189,
				-12.607,
				1.478,
				-9.562,
				1.767,
				-9.562,
				1,
				2.033,
				-9.562,
				2.3,
				-12.572,
				2.567,
				-12.572,
				1,
				2.867,
				-12.572,
				3.167,
				-7.982,
				3.467,
				-7.982,
				1,
				3.767,
				-7.982,
				4.067,
				-11.001,
				4.367,
				-11.001,
				1,
				4.633,
				-11.001,
				4.9,
				-9.832,
				5.167,
				-9.652
			]
		},
		{
			"Target": "Parameter",
			"Id": "Param175",
			"Segments": [
				0,
				1.223,
				1,
				0.189,
				0.281,
				0.378,
				-0.991,
				0.567,
				-0.991,
				1,
				0.722,
				-0.991,
				0.878,
				3.353,
				1.033,
				3.353,
				1,
				1.133,
				3.353,
				1.233,
				-0.279,
				1.333,
				-0.279,
				1,
				1.411,
				-0.279,
				1.489,
				1.481,
				1.567,
				1.481,
				1,
				1.711,
				1.481,
				1.856,
				-1.003,
				2,
				-1.003,
				1,
				2.222,
				-1.003,
				2.444,
				2.033,
				2.667,
				2.033,
				1,
				2.744,
				2.033,
				2.822,
				-1.264,
				2.9,
				-1.264,
				1,
				2.978,
				-1.264,
				3.056,
				1.045,
				3.133,
				1.045,
				1,
				3.422,
				1.045,
				3.711,
				-1.07,
				4,
				-1.07,
				1,
				4.122,
				-1.07,
				4.244,
				-0.249,
				4.367,
				-0.249,
				1,
				4.422,
				-0.249,
				4.478,
				-0.725,
				4.533,
				-0.725,
				1,
				4.633,
				-0.725,
				4.733,
				2.669,
				4.833,
				2.669,
				1,
				4.922,
				2.669,
				5.011,
				-0.756,
				5.1,
				-0.756,
				1,
				5.122,
				-0.756,
				5.144,
				-0.602,
				5.167,
				-0.417
			]
		},
		{
			"Target": "Parameter",
			"Id": "Param176",
			"Segments": [
				0,
				-1.19,
				1,
				0.189,
				-0.239,
				0.378,
				1.045,
				0.567,
				1.045,
				1,
				0.644,
				1.045,
				0.722,
				0.542,
				0.8,
				0.542,
				1,
				0.878,
				0.542,
				0.956,
				2.493,
				1.033,
				2.493,
				1,
				1.133,
				2.493,
				1.233,
				-2.118,
				1.333,
				-2.118,
				1,
				1.422,
				-2.118,
				1.511,
				-0.043,
				1.6,
				-0.043,
				1,
				1.656,
				-0.043,
				1.711,
				-0.329,
				1.767,
				-0.329,
				1,
				1.922,
				-0.329,
				2.078,
				1.034,
				2.233,
				1.034,
				1,
				2.4,
				1.034,
				2.567,
				-3.889,
				2.733,
				-3.889,
				1,
				2.856,
				-3.889,
				2.978,
				-0.745,
				3.1,
				-0.745,
				1,
				3.167,
				-0.745,
				3.233,
				-1.261,
				3.3,
				-1.261,
				1,
				3.467,
				-1.261,
				3.633,
				0.983,
				3.8,
				0.983,
				1,
				4.044,
				0.983,
				4.289,
				-0.981,
				4.533,
				-0.981,
				1,
				4.622,
				-0.981,
				4.711,
				1.847,
				4.8,
				1.847,
				1,
				4.889,
				1.847,
				4.978,
				-1.345,
				5.067,
				-1.345,
				1,
				5.1,
				-1.345,
				5.133,
				-1.162,
				5.167,
				-0.88
			]
		},
		{
			"Target": "Parameter",
			"Id": "Param177",
			"Segments": [
				0,
				0,
				0,
				5.167,
				0
			]
		},
		{
			"Target": "Parameter",
			"Id": "Param140",
			"Segments": [
				0,
				0,
				0,
				5.167,
				0
			]
		},
		{
			"Target": "Parameter",
			"Id": "ParamAngleX",
			"Segments": [
				0,
				0,
				1,
				0.556,
				0,
				1.111,
				0,
				1.667,
				0,
				1,
				2.244,
				0,
				2.822,
				0,
				3.4,
				0,
				1,
				3.978,
				0,
				4.556,
				0,
				5.133,
				0,
				1,
				5.144,
				0,
				5.156,
				0,
				5.167,
				0
			]
		},
		{
			"Target": "Parameter",
			"Id": "ParamAngleY",
			"Segments": [
				0,
				-19.537,
				1,
				0.056,
				-19.272,
				0.111,
				-19.109,
				0.167,
				-19.109,
				1,
				0.444,
				-19.109,
				0.722,
				-23.86,
				1,
				-23.86,
				1,
				1.3,
				-23.86,
				1.6,
				-19.109,
				1.9,
				-19.109,
				1,
				2.178,
				-19.109,
				2.456,
				-23.86,
				2.733,
				-23.86,
				1,
				2.833,
				-23.86,
				2.933,
				-16.477,
				3.033,
				-16,
				1,
				3.233,
				-15.046,
				3.433,
				-15,
				3.633,
				-15,
				1,
				3.911,
				-15,
				4.189,
				-23.86,
				4.467,
				-23.86,
				1,
				4.7,
				-23.86,
				4.933,
				-20.986,
				5.167,
				-19.708
			]
		},
		{
			"Target": "Parameter",
			"Id": "ParamAngleZ",
			"Segments": [
				0,
				-1.492,
				1,
				0.278,
				-1.561,
				0.556,
				-1.524,
				0.833,
				-1.554,
				1,
				0.967,
				-1.569,
				1.1,
				-4.896,
				1.233,
				-4.896,
				1,
				1.333,
				-4.896,
				1.433,
				-2.226,
				1.533,
				-2.098,
				1,
				1.933,
				-1.588,
				2.333,
				-1.477,
				2.733,
				-1.477,
				1,
				2.789,
				-1.477,
				2.844,
				-3.886,
				2.9,
				-3.886,
				1,
				2.989,
				-3.886,
				3.078,
				0.551,
				3.167,
				0.699,
				1,
				3.578,
				1.385,
				3.989,
				1.554,
				4.4,
				1.554,
				1,
				4.622,
				1.554,
				4.844,
				-2.176,
				5.067,
				-2.176,
				1,
				5.1,
				-2.176,
				5.133,
				-1.791,
				5.167,
				-1.599
			]
		},
		{
			"Target": "Parameter",
			"Id": "Param82",
			"Segments": [
				0,
				0,
				0,
				5.167,
				0
			]
		},
		{
			"Target": "Parameter",
			"Id": "Param83",
			"Segments": [
				0,
				0,
				0,
				5.167,
				0
			]
		},
		{
			"Target": "Parameter",
			"Id": "ParamBrowLX",
			"Segments": [
				0,
				0,
				0,
				5.167,
				0
			]
		},
		{
			"Target": "Parameter",
			"Id": "ParamBrowRX",
			"Segments": [
				0,
				0,
				0,
				5.167,
				0
			]
		},
		{
			"Target": "Parameter",
			"Id": "ParamBrowLAngle",
			"Segments": [
				0,
				0,
				0,
				5.167,
				0
			]
		},
		{
			"Target": "Parameter",
			"Id": "ParamBrowRAngle",
			"Segments": [
				0,
				0,
				0,
				5.167,
				0
			]
		},
		{
			"Target": "Parameter",
			"Id": "ParamCheek",
			"Segments": [
				0,
				0,
				0,
				5.167,
				0
			]
		},
		{
			"Target": "Parameter",
			"Id": "ParamBodyAngleX",
			"Segments": [
				0,
				0,
				1,
				0.544,
				0,
				1.089,
				0,
				1.633,
				0,
				1,
				2.211,
				0,
				2.789,
				0,
				3.367,
				0,
				1,
				3.944,
				0,
				4.522,
				0,
				5.1,
				0,
				1,
				5.122,
				0,
				5.144,
				0,
				5.167,
				0
			]
		},
		{
			"Target": "Parameter",
			"Id": "ParamBodyAngleY",
			"Segments": [
				0,
				-6,
				1,
				0.278,
				-6,
				0.556,
				-7.746,
				0.833,
				-7.746,
				1,
				1.133,
				-7.746,
				1.433,
				-6,
				1.733,
				-6,
				1,
				2.011,
				-6,
				2.289,
				-7.746,
				2.567,
				-7.746,
				1,
				2.611,
				-7.746,
				2.656,
				-6.853,
				2.7,
				-6.64,
				1,
				2.956,
				-5.414,
				3.211,
				-5,
				3.467,
				-5,
				1,
				3.744,
				-5,
				4.022,
				-6.746,
				4.3,
				-6.746,
				1,
				4.589,
				-6.746,
				4.878,
				-6.054,
				5.167,
				-6.003
			]
		},
		{
			"Target": "Parameter",
			"Id": "ParamBodyAngleZ",
			"Segments": [
				0,
				0.34,
				1,
				0.267,
				0.339,
				0.533,
				0.285,
				0.8,
				0.233,
				1,
				0.922,
				0.209,
				1.044,
				-4,
				1.167,
				-4,
				1,
				1.256,
				-4,
				1.344,
				-3.033,
				1.433,
				-3,
				1,
				1.822,
				-2.855,
				2.211,
				-2.801,
				2.6,
				-2.643,
				1,
				2.733,
				-2.588,
				2.867,
				0.604,
				3,
				0.829,
				1,
				3.456,
				1.597,
				3.911,
				1.762,
				4.367,
				1.762,
				1,
				4.556,
				1.762,
				4.744,
				-0.259,
				4.933,
				-0.259,
				1,
				5.011,
				-0.259,
				5.089,
				0.34,
				5.167,
				0.34
			]
		},
		{
			"Target": "Parameter",
			"Id": "ParamHairFront",
			"Segments": [
				0,
				0,
				0,
				5.167,
				0
			]
		},
		{
			"Target": "Parameter",
			"Id": "ParamHairSide",
			"Segments": [
				0,
				0,
				0,
				5.167,
				0
			]
		},
		{
			"Target": "Parameter",
			"Id": "ParamHairBack",
			"Segments": [
				0,
				0,
				0,
				5.167,
				0
			]
		},
		{
			"Target": "Parameter",
			"Id": "Param37",
			"Segments": [
				0,
				0,
				0,
				5.167,
				0
			]
		},
		{
			"Target": "Parameter",
			"Id": "Param122",
			"Segments": [
				0,
				0,
				0,
				5.167,
				0
			]
		},
		{
			"Target": "Parameter",
			"Id": "Param198pp",
			"Segments": [
				0,
				-30,
				0,
				5.167,
				-30
			]
		},
		{
			"Target": "Parameter",
			"Id": "Param199pp",
			"Segments": [
				0,
				-30,
				0,
				5.167,
				-30
			]
		},
		{
			"Target": "Parameter",
			"Id": "Param200pp",
			"Segments": [
				0,
				0,
				0,
				5.167,
				0
			]
		},
		{
			"Target": "Parameter",
			"Id": "Param201pp",
			"Segments": [
				0,
				0,
				0,
				5.167,
				0
			]
		},
		{
			"Target": "Parameter",
			"Id": "Param202pp",
			"Segments": [
				0,
				0,
				0,
				5.167,
				0
			]
		},
		{
			"Target": "Parameter",
			"Id": "Param203pp",
			"Segments": [
				0,
				0,
				0,
				5.167,
				0
			]
		},
		{
			"Target": "Parameter",
			"Id": "Param204pp",
			"Segments": [
				0,
				0,
				0,
				5.167,
				0
			]
		},
		{
			"Target": "Parameter",
			"Id": "Param205pp",
			"Segments": [
				0,
				0,
				0,
				5.167,
				0
			]
		},
		{
			"Target": "Parameter",
			"Id": "Param206pp",
			"Segments": [
				0,
				0,
				0,
				5.167,
				0
			]
		},
		{
			"Target": "Parameter",
			"Id": "Param207pp",
			"Segments": [
				0,
				0,
				0,
				5.167,
				0
			]
		},
		{
			"Target": "Parameter",
			"Id": "Param208pp",
			"Segments": [
				0,
				0,
				0,
				5.167,
				0
			]
		},
		{
			"Target": "Parameter",
			"Id": "Param209pp",
			"Segments": [
				0,
				0,
				0,
				5.167,
				0
			]
		},
		{
			"Target": "Parameter",
			"Id": "Param210pp",
			"Segments": [
				0,
				0,
				0,
				5.167,
				0
			]
		},
		{
			"Target": "Parameter",
			"Id": "Param211pp",
			"Segments": [
				0,
				0,
				0,
				5.167,
				0
			]
		},
		{
			"Target": "Parameter",
			"Id": "Param212pp",
			"Segments": [
				0,
				0,
				0,
				5.167,
				0
			]
		},
		{
			"Target": "Parameter",
			"Id": "Param213pp",
			"Segments": [
				0,
				0,
				0,
				5.167,
				0
			]
		},
		{
			"Target": "Parameter",
			"Id": "Param214pp",
			"Segments": [
				0,
				0,
				0,
				5.167,
				0
			]
		},
		{
			"Target": "Parameter",
			"Id": "Param215pp",
			"Segments": [
				0,
				0,
				0,
				5.167,
				0
			]
		},
		{
			"Target": "Parameter",
			"Id": "Param216pp",
			"Segments": [
				0,
				0,
				0,
				5.167,
				0
			]
		},
		{
			"Target": "Parameter",
			"Id": "Param217pp",
			"Segments": [
				0,
				0,
				0,
				5.167,
				0
			]
		},
		{
			"Target": "PartOpacity",
			"Id": "Part52",
			"Segments": [
				0,
				1,
				0,
				3,
				1,
				0,
				5.17,
				1
			]
		},
		{
			"Target": "PartOpacity",
			"Id": "Part40",
			"Segments": [
				0,
				1,
				0,
				3,
				1,
				0,
				5.17,
				1
			]
		},
		{
			"Target": "PartOpacity",
			"Id": "Part44",
			"Segments": [
				0,
				1,
				0,
				3,
				1,
				0,
				5.17,
				1
			]
		},
		{
			"Target": "PartOpacity",
			"Id": "Part45",
			"Segments": [
				0,
				1,
				0,
				3,
				1,
				0,
				5.17,
				1
			]
		},
		{
			"Target": "PartOpacity",
			"Id": "Part53",
			"Segments": [
				0,
				1,
				0,
				3,
				1,
				0,
				5.17,
				1
			]
		},
		{
			"Target": "PartOpacity",
			"Id": "Part41",
			"Segments": [
				0,
				1,
				0,
				3,
				1,
				0,
				5.17,
				1
			]
		},
		{
			"Target": "PartOpacity",
			"Id": "Part43",
			"Segments": [
				0,
				1,
				0,
				2.27,
				1,
				0,
				5.17,
				1
			]
		},
		{
			"Target": "PartOpacity",
			"Id": "Part39",
			"Segments": [
				0,
				1,
				2,
				0.37,
				1,
				2,
				2.27,
				1,
				0,
				5.17,
				1
			]
		},
		{
			"Target": "PartOpacity",
			"Id": "Part37",
			"Segments": [
				0,
				1,
				2,
				0.37,
				1,
				2,
				2.27,
				1,
				0,
				5.17,
				1
			]
		},
		{
			"Target": "PartOpacity",
			"Id": "Part36",
			"Segments": [
				0,
				1,
				2,
				0.37,
				1,
				2,
				2.27,
				1,
				0,
				5.17,
				1
			]
		},
		{
			"Target": "PartOpacity",
			"Id": "Part5",
			"Segments": [
				0,
				1,
				2,
				0.37,
				1,
				2,
				2.27,
				1,
				0,
				5.17,
				1
			]
		},
		{
			"Target": "PartOpacity",
			"Id": "Part2",
			"Segments": [
				0,
				1,
				2,
				0.37,
				1,
				2,
				2.27,
				1,
				0,
				5.17,
				1
			]
		},
		{
			"Target": "PartOpacity",
			"Id": "Part3",
			"Segments": [
				0,
				1,
				2,
				0.37,
				1,
				2,
				2.27,
				1,
				0,
				5.17,
				1
			]
		},
		{
			"Target": "PartOpacity",
			"Id": "Part6",
			"Segments": [
				0,
				1,
				2,
				0.37,
				1,
				2,
				2.27,
				1,
				0,
				5.17,
				1
			]
		},
		{
			"Target": "PartOpacity",
			"Id": "Part4",
			"Segments": [
				0,
				1,
				2,
				0.37,
				1,
				2,
				2.27,
				1,
				0,
				5.17,
				1
			]
		},
		{
			"Target": "PartOpacity",
			"Id": "Part",
			"Segments": [
				0,
				1,
				2,
				0.37,
				1,
				2,
				2.27,
				1,
				0,
				5.17,
				1
			]
		},
		{
			"Target": "PartOpacity",
			"Id": "Part31",
			"Segments": [
				0,
				1,
				2,
				0.37,
				1,
				2,
				2.27,
				1,
				0,
				5.17,
				1
			]
		},
		{
			"Target": "PartOpacity",
			"Id": "Part29",
			"Segments": [
				0,
				1,
				2,
				0.37,
				1,
				2,
				2.27,
				1,
				0,
				5.17,
				1
			]
		},
		{
			"Target": "PartOpacity",
			"Id": "Part13",
			"Segments": [
				0,
				1,
				2,
				0.37,
				1,
				2,
				2.27,
				1,
				0,
				5.17,
				1
			]
		},
		{
			"Target": "PartOpacity",
			"Id": "Part14",
			"Segments": [
				0,
				1,
				2,
				0.37,
				1,
				2,
				2.27,
				1,
				0,
				5.17,
				1
			]
		},
		{
			"Target": "PartOpacity",
			"Id": "Part15",
			"Segments": [
				0,
				1,
				2,
				0.37,
				1,
				2,
				2.27,
				1,
				0,
				5.17,
				1
			]
		},
		{
			"Target": "PartOpacity",
			"Id": "Part11",
			"Segments": [
				0,
				1,
				2,
				0.37,
				1,
				2,
				2.27,
				1,
				0,
				5.17,
				1
			]
		},
		{
			"Target": "PartOpacity",
			"Id": "Part12",
			"Segments": [
				0,
				1,
				2,
				0.37,
				1,
				2,
				2.27,
				1,
				0,
				5.17,
				1
			]
		},
		{
			"Target": "PartOpacity",
			"Id": "Part16",
			"Segments": [
				0,
				1,
				2,
				0.37,
				1,
				2,
				2.27,
				1,
				0,
				5.17,
				1
			]
		},
		{
			"Target": "PartOpacity",
			"Id": "Part30",
			"Segments": [
				0,
				1,
				2,
				0.37,
				1,
				2,
				2.27,
				1,
				0,
				5.17,
				1
			]
		},
		{
			"Target": "PartOpacity",
			"Id": "Part17",
			"Segments": [
				0,
				1,
				2,
				0.37,
				1,
				2,
				2.27,
				1,
				0,
				5.17,
				1
			]
		},
		{
			"Target": "PartOpacity",
			"Id": "Part18",
			"Segments": [
				0,
				1,
				2,
				0.37,
				1,
				2,
				2.27,
				1,
				0,
				5.17,
				1
			]
		},
		{
			"Target": "PartOpacity",
			"Id": "Part28",
			"Segments": [
				0,
				1,
				2,
				0.37,
				1,
				2,
				2.27,
				1,
				0,
				5.17,
				1
			]
		},
		{
			"Target": "PartOpacity",
			"Id": "Part19",
			"Segments": [
				0,
				1,
				2,
				0.37,
				1,
				2,
				2.27,
				1,
				0,
				5.17,
				1
			]
		},
		{
			"Target": "PartOpacity",
			"Id": "Part20",
			"Segments": [
				0,
				1,
				2,
				0.37,
				1,
				2,
				2.27,
				1,
				0,
				5.17,
				1
			]
		},
		{
			"Target": "PartOpacity",
			"Id": "Part33",
			"Segments": [
				0,
				1,
				2,
				0.37,
				1,
				2,
				2.27,
				1,
				0,
				5.17,
				1
			]
		},
		{
			"Target": "PartOpacity",
			"Id": "Part32",
			"Segments": [
				0,
				1,
				2,
				0.37,
				1,
				2,
				2.27,
				1,
				0,
				5.17,
				1
			]
		},
		{
			"Target": "PartOpacity",
			"Id": "Part38",
			"Segments": [
				0,
				1,
				2,
				0.37,
				1,
				2,
				2.27,
				1,
				0,
				5.17,
				1
			]
		},
		{
			"Target": "PartOpacity",
			"Id": "Part7",
			"Segments": [
				0,
				1,
				2,
				0.37,
				1,
				2,
				2.27,
				1,
				0,
				5.17,
				1
			]
		},
		{
			"Target": "PartOpacity",
			"Id": "Part35",
			"Segments": [
				0,
				1,
				2,
				0.37,
				1,
				2,
				2.27,
				1,
				0,
				5.17,
				1
			]
		},
		{
			"Target": "PartOpacity",
			"Id": "Part10",
			"Segments": [
				0,
				1,
				2,
				0.37,
				1,
				2,
				2.27,
				1,
				0,
				5.17,
				1
			]
		},
		{
			"Target": "PartOpacity",
			"Id": "Part27",
			"Segments": [
				0,
				1,
				2,
				0.37,
				1,
				2,
				2.27,
				1,
				0,
				5.17,
				1
			]
		},
		{
			"Target": "PartOpacity",
			"Id": "Part34",
			"Segments": [
				0,
				1,
				2,
				0.37,
				1,
				2,
				2.27,
				1,
				0,
				5.17,
				1
			]
		},
		{
			"Target": "PartOpacity",
			"Id": "Part8",
			"Segments": [
				0,
				1,
				2,
				0.37,
				1,
				2,
				2.27,
				1,
				0,
				5.17,
				1
			]
		},
		{
			"Target": "PartOpacity",
			"Id": "Part9",
			"Segments": [
				0,
				1,
				2,
				0.37,
				1,
				2,
				2.27,
				1,
				0,
				5.17,
				1
			]
		},
		{
			"Target": "PartOpacity",
			"Id": "ArtMesh122_Skinning",
			"Segments": [
				0,
				1,
				2,
				0.37,
				1,
				2,
				2.27,
				1,
				0,
				5.17,
				1
			]
		},
		{
			"Target": "PartOpacity",
			"Id": "Part21",
			"Segments": [
				0,
				1,
				2,
				0.37,
				1,
				2,
				2.27,
				1,
				0,
				5.17,
				1
			]
		},
		{
			"Target": "PartOpacity",
			"Id": "Part22",
			"Segments": [
				0,
				1,
				2,
				0.37,
				1,
				2,
				2.27,
				1,
				0,
				5.17,
				1
			]
		},
		{
			"Target": "PartOpacity",
			"Id": "Part23",
			"Segments": [
				0,
				1,
				2,
				0.37,
				1,
				2,
				2.27,
				1,
				0,
				5.17,
				1
			]
		},
		{
			"Target": "PartOpacity",
			"Id": "Part24",
			"Segments": [
				0,
				1,
				2,
				0.37,
				1,
				2,
				2.27,
				1,
				0,
				5.17,
				1
			]
		},
		{
			"Target": "PartOpacity",
			"Id": "Part25",
			"Segments": [
				0,
				1,
				2,
				0.37,
				1,
				2,
				2.27,
				1,
				0,
				5.17,
				1
			]
		},
		{
			"Target": "PartOpacity",
			"Id": "Part26",
			"Segments": [
				0,
				1,
				2,
				0.37,
				1,
				2,
				2.27,
				1,
				0,
				5.17,
				1
			]
		},
		{
			"Target": "PartOpacity",
			"Id": "ArtMesh133_Skinning",
			"Segments": [
				0,
				1,
				2,
				0.37,
				1,
				2,
				2.27,
				1,
				0,
				5.17,
				1
			]
		},
		{
			"Target": "PartOpacity",
			"Id": "ArtMesh122_Skinning2",
			"Segments": [
				0,
				1,
				2,
				0.37,
				1,
				2,
				2.27,
				1,
				0,
				5.17,
				1
			]
		}
	]
}