{
	"Version": 3,
	"Meta": {
		"Duration": 2.83,
		"Fps": 30.0,
		"Loop": true,
		"AreBeziersRestricted": false,
		"CurveCount": 298,
		"TotalSegmentCount": 529,
		"TotalPointCount": 1667,
		"UserDataCount": 0,
		"TotalUserDataSize": 0
	},
	"Curves": [
		{
			"Target": "Model",
			"Id": "Opacity",
			"Segments": [
				0,
				1,
				1,
				0.94,
				1,
				1.89,
				1,
				2.83,
				1
			]
		},
		{
			"Target": "Parameter",
			"Id": "Param2",
			"Segments": [
				0,
				-2.888,
				1,
				0.167,
				-1.109,
				0.333,
				17,
				0.5,
				17,
				1,
				1.178,
				17,
				1.856,
				17,
				2.533,
				17,
				1,
				2.633,
				17,
				2.733,
				-2.888,
				2.833,
				-2.888
			]
		},
		{
			"Target": "Parameter",
			"Id": "Param180",
			"Segments": [
				0,
				0,
				0,
				2.833,
				0
			]
		},
		{
			"Target": "Parameter",
			"Id": "Param38",
			"Segments": [
				0,
				0,
				1,
				0.944,
				0,
				1.889,
				0,
				2.833,
				0
			]
		},
		{
			"Target": "Parameter",
			"Id": "Param129",
			"Segments": [
				0,
				0,
				1,
				0.944,
				0,
				1.889,
				0,
				2.833,
				0
			]
		},
		{
			"Target": "Parameter",
			"Id": "Param5",
			"Segments": [
				0,
				0.067,
				1,
				0.189,
				0.067,
				0.378,
				3,
				0.567,
				3,
				0,
				2.6,
				3,
				0,
				2.833,
				0.067
			]
		},
		{
			"Target": "Parameter",
			"Id": "Param",
			"Segments": [
				0,
				-14.398,
				1,
				0.211,
				-14.398,
				0.422,
				16,
				0.633,
				16,
				1,
				1.311,
				16,
				1.989,
				16,
				2.667,
				16,
				1,
				2.722,
				16,
				2.778,
				-14.398,
				2.833,
				-14.398
			]
		},
		{
			"Target": "Parameter",
			"Id": "Param131",
			"Segments": [
				0,
				0,
				1,
				0.944,
				0,
				1.889,
				0,
				2.833,
				0
			]
		},
		{
			"Target": "Parameter",
			"Id": "Param50",
			"Segments": [
				0,
				-2.23,
				1,
				0.944,
				-2.23,
				1.889,
				-2.23,
				2.833,
				-2.23
			]
		},
		{
			"Target": "Parameter",
			"Id": "Param39",
			"Segments": [
				0,
				-2.607,
				1,
				0.178,
				2.393,
				0.356,
				17,
				0.533,
				17,
				1,
				1.211,
				17,
				1.889,
				17,
				2.567,
				17,
				1,
				2.656,
				17,
				2.744,
				-2.607,
				2.833,
				-2.607
			]
		},
		{
			"Target": "Parameter",
			"Id": "Param41",
			"Segments": [
				0,
				0,
				1,
				0.944,
				0,
				1.889,
				0,
				2.833,
				0
			]
		},
		{
			"Target": "Parameter",
			"Id": "Param130",
			"Segments": [
				0,
				0,
				1,
				0.944,
				0,
				1.889,
				0,
				2.833,
				0
			]
		},
		{
			"Target": "Parameter",
			"Id": "Param40",
			"Segments": [
				0,
				0.133,
				1,
				0.2,
				0.133,
				0.4,
				1,
				0.6,
				1,
				0,
				2.633,
				1,
				0,
				2.833,
				0.133
			]
		},
		{
			"Target": "Parameter",
			"Id": "Param49",
			"Segments": [
				0,
				-7.844,
				1,
				0.222,
				-22.358,
				0.444,
				-30,
				0.667,
				-30,
				1,
				1.344,
				-30,
				2.022,
				-30,
				2.7,
				-30,
				1,
				2.744,
				-30,
				2.789,
				-7.844,
				2.833,
				-7.844
			]
		},
		{
			"Target": "Parameter",
			"Id": "Param84",
			"Segments": [
				0,
				-2.23,
				1,
				0.944,
				-2.23,
				1.889,
				-2.23,
				2.833,
				-2.23
			]
		},
		{
			"Target": "Parameter",
			"Id": "Param139",
			"Segments": [
				0,
				0,
				1,
				0.944,
				0,
				1.889,
				0,
				2.833,
				0
			]
		},
		{
			"Target": "Parameter",
			"Id": "Param171",
			"Segments": [
				0,
				0,
				0,
				2.833,
				0
			]
		},
		{
			"Target": "Parameter",
			"Id": "Param170",
			"Segments": [
				0,
				0,
				0,
				2.833,
				0
			]
		},
		{
			"Target": "Parameter",
			"Id": "Param191",
			"Segments": [
				0,
				0,
				0,
				2.833,
				0
			]
		},
		{
			"Target": "Parameter",
			"Id": "ParamEyeLOpen",
			"Segments": [
				0,
				1,
				1,
				0.156,
				1,
				0.311,
				0.921,
				0.467,
				0.921,
				1,
				0.667,
				0.921,
				0.867,
				0.921,
				1.067,
				0.921,
				1,
				1.111,
				0.921,
				1.156,
				0,
				1.2,
				0,
				1,
				1.256,
				0,
				1.311,
				0.768,
				1.367,
				0.768,
				1,
				1.433,
				0.768,
				1.5,
				0,
				1.567,
				0,
				1,
				1.644,
				0,
				1.722,
				0.923,
				1.8,
				0.923,
				1,
				2.033,
				0.923,
				2.267,
				0.923,
				2.5,
				0.923,
				1,
				2.611,
				0.923,
				2.722,
				1,
				2.833,
				1
			]
		},
		{
			"Target": "Parameter",
			"Id": "ParamEyeLSmile",
			"Segments": [
				0,
				0,
				1,
				0.156,
				0,
				0.311,
				1,
				0.467,
				1,
				1,
				0.667,
				1,
				0.867,
				1,
				1.067,
				1,
				1,
				1.111,
				1,
				1.156,
				0,
				1.2,
				0,
				1,
				1.256,
				0,
				1.311,
				1,
				1.367,
				1,
				1,
				1.433,
				1,
				1.5,
				0,
				1.567,
				0,
				1,
				1.644,
				0,
				1.722,
				1,
				1.8,
				1,
				1,
				2.033,
				1,
				2.267,
				1,
				2.5,
				1,
				1,
				2.611,
				1,
				2.722,
				0,
				2.833,
				0
			]
		},
		{
			"Target": "Parameter",
			"Id": "ParamEyeROpen",
			"Segments": [
				0,
				1,
				1,
				0.156,
				1,
				0.311,
				0.921,
				0.467,
				0.921,
				1,
				0.667,
				0.921,
				0.867,
				0.921,
				1.067,
				0.921,
				1,
				1.111,
				0.921,
				1.156,
				0,
				1.2,
				0,
				1,
				1.256,
				0,
				1.311,
				0.768,
				1.367,
				0.768,
				1,
				1.433,
				0.768,
				1.5,
				0,
				1.567,
				0,
				1,
				1.644,
				0,
				1.722,
				0.923,
				1.8,
				0.923,
				1,
				2.033,
				0.923,
				2.267,
				0.923,
				2.5,
				0.923,
				1,
				2.611,
				0.923,
				2.722,
				1,
				2.833,
				1
			]
		},
		{
			"Target": "Parameter",
			"Id": "ParamEyeRSmile",
			"Segments": [
				0,
				0,
				1,
				0.156,
				0,
				0.311,
				1,
				0.467,
				1,
				1,
				0.667,
				1,
				0.867,
				1,
				1.067,
				1,
				1,
				1.111,
				1,
				1.156,
				0,
				1.2,
				0,
				1,
				1.256,
				0,
				1.311,
				1,
				1.367,
				1,
				1,
				1.433,
				1,
				1.5,
				0,
				1.567,
				0,
				1,
				1.644,
				0,
				1.722,
				1,
				1.8,
				1,
				1,
				2.033,
				1,
				2.267,
				1,
				2.5,
				1,
				1,
				2.611,
				1,
				2.722,
				0,
				2.833,
				0
			]
		},
		{
			"Target": "Parameter",
			"Id": "ParamEyeBallX",
			"Segments": [
				0,
				0,
				1,
				0.944,
				0,
				1.889,
				0,
				2.833,
				0
			]
		},
		{
			"Target": "Parameter",
			"Id": "ParamEyeBallY",
			"Segments": [
				0,
				0,
				1,
				0.944,
				0,
				1.889,
				0,
				2.833,
				0
			]
		},
		{
			"Target": "Parameter",
			"Id": "ParamBrowLY",
			"Segments": [
				0,
				0,
				1,
				0.156,
				0,
				0.311,
				-0.5,
				0.467,
				-0.5,
				1,
				1.144,
				-0.5,
				1.822,
				-0.5,
				2.5,
				-0.5,
				1,
				2.611,
				-0.5,
				2.722,
				0,
				2.833,
				0
			]
		},
		{
			"Target": "Parameter",
			"Id": "ParamBrowRY",
			"Segments": [
				0,
				0,
				1,
				0.156,
				0,
				0.311,
				-0.6,
				0.467,
				-0.6,
				1,
				1.144,
				-0.6,
				1.822,
				-0.6,
				2.5,
				-0.6,
				1,
				2.611,
				-0.6,
				2.722,
				0,
				2.833,
				0
			]
		},
		{
			"Target": "Parameter",
			"Id": "ParamBrowLForm",
			"Segments": [
				0,
				0,
				1,
				0.156,
				0,
				0.311,
				0.1,
				0.467,
				0.1,
				1,
				1.144,
				0.1,
				1.822,
				0.1,
				2.5,
				0.1,
				1,
				2.611,
				0.1,
				2.722,
				0,
				2.833,
				0
			]
		},
		{
			"Target": "Parameter",
			"Id": "ParamBrowRForm",
			"Segments": [
				0,
				0,
				1,
				0.156,
				0,
				0.311,
				0.1,
				0.467,
				0.1,
				1,
				1.144,
				0.1,
				1.822,
				0.1,
				2.5,
				0.1,
				1,
				2.611,
				0.1,
				2.722,
				0,
				2.833,
				0
			]
		},
		{
			"Target": "Parameter",
			"Id": "Param85",
			"Segments": [
				0,
				0,
				1,
				0.156,
				0,
				0.311,
				9,
				0.467,
				9,
				1,
				1.144,
				9,
				1.822,
				9,
				2.5,
				9,
				1,
				2.611,
				9,
				2.722,
				0,
				2.833,
				0
			]
		},
		{
			"Target": "Parameter",
			"Id": "Param86",
			"Segments": [
				0,
				0,
				1,
				0.156,
				0,
				0.311,
				11,
				0.467,
				11,
				1,
				1.144,
				11,
				1.822,
				11,
				2.5,
				11,
				1,
				2.611,
				11,
				2.722,
				0,
				2.833,
				0
			]
		},
		{
			"Target": "Parameter",
			"Id": "ParamMouthForm",
			"Segments": [
				0,
				0,
				1,
				0.156,
				0,
				0.311,
				-0.2,
				0.467,
				-0.2,
				1,
				1.144,
				-0.2,
				1.822,
				-0.2,
				2.5,
				-0.2,
				1,
				2.611,
				-0.2,
				2.722,
				0,
				2.833,
				0
			]
		},
		{
			"Target": "Parameter",
			"Id": "ParamMouthOpenY",
			"Segments": [
				0,
				0,
				1,
				0.156,
				0,
				0.311,
				0.446,
				0.467,
				0.5,
				1,
				0.833,
				0.628,
				1.2,
				0.641,
				1.567,
				0.641,
				1,
				1.878,
				0.641,
				2.189,
				0.623,
				2.5,
				0.5,
				1,
				2.611,
				0.456,
				2.722,
				0,
				2.833,
				0
			]
		},
		{
			"Target": "Parameter",
			"Id": "Param57",
			"Segments": [
				0,
				0,
				1,
				0.944,
				0,
				1.889,
				0,
				2.833,
				0
			]
		},
		{
			"Target": "Parameter",
			"Id": "Param71",
			"Segments": [
				0,
				0,
				1,
				0.944,
				0,
				1.889,
				0,
				2.833,
				0
			]
		},
		{
			"Target": "Parameter",
			"Id": "Param78",
			"Segments": [
				0,
				0,
				1,
				0.944,
				0,
				1.889,
				0,
				2.833,
				0
			]
		},
		{
			"Target": "Parameter",
			"Id": "Param58",
			"Segments": [
				0,
				0,
				1,
				0.944,
				0,
				1.889,
				0,
				2.833,
				0
			]
		},
		{
			"Target": "Parameter",
			"Id": "Param67",
			"Segments": [
				0,
				0,
				1,
				0.944,
				0,
				1.889,
				0,
				2.833,
				0
			]
		},
		{
			"Target": "Parameter",
			"Id": "Param68",
			"Segments": [
				0,
				0,
				1,
				0.944,
				0,
				1.889,
				0,
				2.833,
				0
			]
		},
		{
			"Target": "Parameter",
			"Id": "Param69",
			"Segments": [
				0,
				1,
				1,
				0.944,
				1,
				1.889,
				1,
				2.833,
				1
			]
		},
		{
			"Target": "Parameter",
			"Id": "Param193",
			"Segments": [
				0,
				0,
				0,
				2.833,
				0
			]
		},
		{
			"Target": "Parameter",
			"Id": "Param197",
			"Segments": [
				0,
				0,
				0,
				2.833,
				0
			]
		},
		{
			"Target": "Parameter",
			"Id": "Param195",
			"Segments": [
				0,
				0,
				0,
				2.833,
				0
			]
		},
		{
			"Target": "Parameter",
			"Id": "Param181",
			"Segments": [
				0,
				0,
				0,
				2.833,
				0
			]
		},
		{
			"Target": "Parameter",
			"Id": "Param184",
			"Segments": [
				0,
				0,
				0,
				2.833,
				0
			]
		},
		{
			"Target": "Parameter",
			"Id": "Param182",
			"Segments": [
				0,
				0,
				0,
				2.833,
				0
			]
		},
		{
			"Target": "Parameter",
			"Id": "Param183",
			"Segments": [
				0,
				0,
				0,
				2.833,
				0
			]
		},
		{
			"Target": "Parameter",
			"Id": "Param188",
			"Segments": [
				0,
				0,
				0,
				2.833,
				0
			]
		},
		{
			"Target": "Parameter",
			"Id": "Param149",
			"Segments": [
				0,
				0,
				1,
				0.944,
				0,
				1.889,
				0,
				2.833,
				0
			]
		},
		{
			"Target": "Parameter",
			"Id": "Param172",
			"Segments": [
				0,
				0,
				0,
				2.833,
				0
			]
		},
		{
			"Target": "Parameter",
			"Id": "Param163",
			"Segments": [
				0,
				-30,
				1,
				0.944,
				-30,
				1.889,
				-30,
				2.833,
				-30
			]
		},
		{
			"Target": "Parameter",
			"Id": "Param164",
			"Segments": [
				0,
				-30,
				1,
				0.944,
				-30,
				1.889,
				-30,
				2.833,
				-30
			]
		},
		{
			"Target": "Parameter",
			"Id": "Param165",
			"Segments": [
				0,
				-30,
				1,
				0.944,
				-30,
				1.889,
				-30,
				2.833,
				-30
			]
		},
		{
			"Target": "Parameter",
			"Id": "Param150",
			"Segments": [
				0,
				0,
				1,
				0.944,
				0,
				1.889,
				0,
				2.833,
				0
			]
		},
		{
			"Target": "Parameter",
			"Id": "Param151",
			"Segments": [
				0,
				0,
				1,
				0.944,
				0,
				1.889,
				0,
				2.833,
				0
			]
		},
		{
			"Target": "Parameter",
			"Id": "Param159",
			"Segments": [
				0,
				1,
				1,
				0.944,
				1,
				1.889,
				1,
				2.833,
				1
			]
		},
		{
			"Target": "Parameter",
			"Id": "Param160",
			"Segments": [
				0,
				1,
				1,
				0.944,
				1,
				1.889,
				1,
				2.833,
				1
			]
		},
		{
			"Target": "Parameter",
			"Id": "Param147",
			"Segments": [
				0,
				-30,
				0,
				2.833,
				-30
			]
		},
		{
			"Target": "Parameter",
			"Id": "Param148",
			"Segments": [
				0,
				-30,
				0,
				2.833,
				-30
			]
		},
		{
			"Target": "Parameter",
			"Id": "Param146",
			"Segments": [
				0,
				0,
				1,
				0.944,
				0,
				1.889,
				0,
				2.833,
				0
			]
		},
		{
			"Target": "Parameter",
			"Id": "Param144",
			"Segments": [
				0,
				0,
				1,
				0.156,
				0,
				0.311,
				1,
				0.467,
				1,
				1,
				1.1,
				1,
				1.733,
				1,
				2.367,
				1,
				1,
				2.5,
				1,
				2.633,
				0,
				2.767,
				0,
				1,
				2.789,
				0,
				2.811,
				0,
				2.833,
				0
			]
		},
		{
			"Target": "Parameter",
			"Id": "Param161",
			"Segments": [
				0,
				-30,
				1,
				0.156,
				-30,
				0.311,
				17,
				0.467,
				17,
				1,
				1.256,
				17,
				2.044,
				17,
				2.833,
				17
			]
		},
		{
			"Target": "Parameter",
			"Id": "Param162",
			"Segments": [
				0,
				0,
				1,
				0.156,
				0,
				0.311,
				-19,
				0.467,
				-19,
				1,
				1.222,
				-19,
				1.978,
				-19,
				2.733,
				-19,
				1,
				2.767,
				-19,
				2.8,
				0,
				2.833,
				0
			]
		},
		{
			"Target": "Parameter",
			"Id": "Param143",
			"Segments": [
				0,
				0,
				1,
				0.944,
				0,
				1.889,
				0,
				2.833,
				0
			]
		},
		{
			"Target": "Parameter",
			"Id": "Param145",
			"Segments": [
				0,
				0,
				1,
				0.944,
				0,
				1.889,
				0,
				2.833,
				0
			]
		},
		{
			"Target": "Parameter",
			"Id": "Param152",
			"Segments": [
				0,
				-30,
				1,
				0.944,
				-30,
				1.889,
				-30,
				2.833,
				-30
			]
		},
		{
			"Target": "Parameter",
			"Id": "Param157",
			"Segments": [
				0,
				0,
				1,
				0.944,
				0,
				1.889,
				0,
				2.833,
				0
			]
		},
		{
			"Target": "Parameter",
			"Id": "Param158",
			"Segments": [
				0,
				-30,
				1,
				0.944,
				-30,
				1.889,
				-30,
				2.833,
				-30
			]
		},
		{
			"Target": "Parameter",
			"Id": "Param154",
			"Segments": [
				0,
				0,
				1,
				0.944,
				0,
				1.889,
				0,
				2.833,
				0
			]
		},
		{
			"Target": "Parameter",
			"Id": "Param153",
			"Segments": [
				0,
				-30,
				1,
				0.944,
				-30,
				1.889,
				-30,
				2.833,
				-30
			]
		},
		{
			"Target": "Parameter",
			"Id": "Param155",
			"Segments": [
				0,
				0,
				1,
				0.944,
				0,
				1.889,
				0,
				2.833,
				0
			]
		},
		{
			"Target": "Parameter",
			"Id": "Param156",
			"Segments": [
				0,
				-30,
				1,
				0.944,
				-30,
				1.889,
				-30,
				2.833,
				-30
			]
		},
		{
			"Target": "Parameter",
			"Id": "Param65",
			"Segments": [
				0,
				0,
				1,
				0.944,
				0,
				1.889,
				0,
				2.833,
				0
			]
		},
		{
			"Target": "Parameter",
			"Id": "Param141",
			"Segments": [
				0,
				0,
				1,
				0.944,
				0,
				1.889,
				0,
				2.833,
				0
			]
		},
		{
			"Target": "Parameter",
			"Id": "Param66",
			"Segments": [
				0,
				0,
				1,
				0.944,
				0,
				1.889,
				0,
				2.833,
				0
			]
		},
		{
			"Target": "Parameter",
			"Id": "Param142",
			"Segments": [
				0,
				0,
				1,
				0.944,
				0,
				1.889,
				0,
				2.833,
				0
			]
		},
		{
			"Target": "Parameter",
			"Id": "Param166",
			"Segments": [
				0,
				-22,
				0,
				2.833,
				-22
			]
		},
		{
			"Target": "Parameter",
			"Id": "Param61",
			"Segments": [
				0,
				0,
				1,
				0.944,
				0,
				1.889,
				0,
				2.833,
				0
			]
		},
		{
			"Target": "Parameter",
			"Id": "Param62",
			"Segments": [
				0,
				0,
				1,
				0.944,
				0,
				1.889,
				0,
				2.833,
				0
			]
		},
		{
			"Target": "Parameter",
			"Id": "Param81",
			"Segments": [
				0,
				0,
				1,
				0.944,
				0,
				1.889,
				0,
				2.833,
				0
			]
		},
		{
			"Target": "Parameter",
			"Id": "Param59",
			"Segments": [
				0,
				0,
				1,
				0.944,
				0,
				1.889,
				0,
				2.833,
				0
			]
		},
		{
			"Target": "Parameter",
			"Id": "Param60",
			"Segments": [
				0,
				0,
				1,
				0.944,
				0,
				1.889,
				0,
				2.833,
				0
			]
		},
		{
			"Target": "Parameter",
			"Id": "Param4",
			"Segments": [
				0,
				0,
				1,
				0.944,
				0,
				1.889,
				0,
				2.833,
				0
			]
		},
		{
			"Target": "Parameter",
			"Id": "Param51",
			"Segments": [
				0,
				0,
				1,
				0.944,
				0,
				1.889,
				0,
				2.833,
				0
			]
		},
		{
			"Target": "Parameter",
			"Id": "Param52",
			"Segments": [
				0,
				0,
				1,
				0.944,
				0,
				1.889,
				0,
				2.833,
				0
			]
		},
		{
			"Target": "Parameter",
			"Id": "Param53",
			"Segments": [
				0,
				0,
				1,
				0.944,
				0,
				1.889,
				0,
				2.833,
				0
			]
		},
		{
			"Target": "Parameter",
			"Id": "Param54",
			"Segments": [
				0,
				0,
				1,
				0.944,
				0,
				1.889,
				0,
				2.833,
				0
			]
		},
		{
			"Target": "Parameter",
			"Id": "Param55",
			"Segments": [
				0,
				0,
				1,
				0.944,
				0,
				1.889,
				0,
				2.833,
				0
			]
		},
		{
			"Target": "Parameter",
			"Id": "Param3",
			"Segments": [
				0,
				0,
				1,
				0.944,
				0,
				1.889,
				0,
				2.833,
				0
			]
		},
		{
			"Target": "Parameter",
			"Id": "Param79",
			"Segments": [
				0,
				0,
				1,
				0.944,
				0,
				1.889,
				0,
				2.833,
				0
			]
		},
		{
			"Target": "Parameter",
			"Id": "Param80",
			"Segments": [
				0,
				0,
				1,
				0.944,
				0,
				1.889,
				0,
				2.833,
				0
			]
		},
		{
			"Target": "Parameter",
			"Id": "Param87",
			"Segments": [
				0,
				0,
				1,
				0.944,
				0,
				1.889,
				0,
				2.833,
				0
			]
		},
		{
			"Target": "Parameter",
			"Id": "Param88",
			"Segments": [
				0,
				0,
				1,
				0.944,
				0,
				1.889,
				0,
				2.833,
				0
			]
		},
		{
			"Target": "Parameter",
			"Id": "Param132",
			"Segments": [
				0,
				0,
				1,
				0.944,
				0,
				1.889,
				0,
				2.833,
				0
			]
		},
		{
			"Target": "Parameter",
			"Id": "Param133",
			"Segments": [
				0,
				0,
				1,
				0.944,
				0,
				1.889,
				0,
				2.833,
				0
			]
		},
		{
			"Target": "Parameter",
			"Id": "Param178",
			"Segments": [
				0,
				0,
				0,
				2.833,
				0
			]
		},
		{
			"Target": "Parameter",
			"Id": "Param48",
			"Segments": [
				0,
				0,
				1,
				0.944,
				0,
				1.889,
				0,
				2.833,
				0
			]
		},
		{
			"Target": "Parameter",
			"Id": "Param63",
			"Segments": [
				0,
				0,
				1,
				0.944,
				0,
				1.889,
				0,
				2.833,
				0
			]
		},
		{
			"Target": "Parameter",
			"Id": "Param64",
			"Segments": [
				0,
				0,
				1,
				0.944,
				0,
				1.889,
				0,
				2.833,
				0
			]
		},
		{
			"Target": "Parameter",
			"Id": "Param127",
			"Segments": [
				0,
				0,
				1,
				0.944,
				0,
				1.889,
				0,
				2.833,
				0
			]
		},
		{
			"Target": "Parameter",
			"Id": "Param138",
			"Segments": [
				0,
				0,
				1,
				0.944,
				0,
				1.889,
				0,
				2.833,
				0
			]
		},
		{
			"Target": "Parameter",
			"Id": "Param125",
			"Segments": [
				0,
				0,
				1,
				0.944,
				0,
				1.889,
				0,
				2.833,
				0
			]
		},
		{
			"Target": "Parameter",
			"Id": "Param128",
			"Segments": [
				0,
				0,
				1,
				0.944,
				0,
				1.889,
				0,
				2.833,
				0
			]
		},
		{
			"Target": "Parameter",
			"Id": "Param126",
			"Segments": [
				0,
				0,
				0,
				2.833,
				0
			]
		},
		{
			"Target": "Parameter",
			"Id": "Param124",
			"Segments": [
				0,
				0,
				1,
				0.944,
				0,
				1.889,
				0,
				2.833,
				0
			]
		},
		{
			"Target": "Parameter",
			"Id": "Param179",
			"Segments": [
				0,
				0,
				0,
				2.833,
				0
			]
		},
		{
			"Target": "Parameter",
			"Id": "Param192",
			"Segments": [
				0,
				0,
				0,
				2.833,
				0
			]
		},
		{
			"Target": "Parameter",
			"Id": "Param189",
			"Segments": [
				0,
				0,
				0,
				2.833,
				0
			]
		},
		{
			"Target": "Parameter",
			"Id": "Param137",
			"Segments": [
				0,
				0,
				1,
				0.944,
				0,
				1.889,
				0,
				2.833,
				0
			]
		},
		{
			"Target": "Parameter",
			"Id": "Param46",
			"Segments": [
				0,
				0,
				1,
				0.944,
				0,
				1.889,
				0,
				2.833,
				0
			]
		},
		{
			"Target": "Parameter",
			"Id": "Param47",
			"Segments": [
				0,
				0,
				1,
				0.944,
				0,
				1.889,
				0,
				2.833,
				0
			]
		},
		{
			"Target": "Parameter",
			"Id": "Param196",
			"Segments": [
				0,
				0,
				0,
				2.833,
				0
			]
		},
		{
			"Target": "Parameter",
			"Id": "Param123",
			"Segments": [
				0,
				0,
				1,
				0.944,
				0,
				1.889,
				0,
				2.833,
				0
			]
		},
		{
			"Target": "Parameter",
			"Id": "Param134",
			"Segments": [
				0,
				0,
				1,
				0.944,
				0,
				1.889,
				0,
				2.833,
				0
			]
		},
		{
			"Target": "Parameter",
			"Id": "Param135",
			"Segments": [
				0,
				0,
				1,
				0.944,
				0,
				1.889,
				0,
				2.833,
				0
			]
		},
		{
			"Target": "Parameter",
			"Id": "Param136",
			"Segments": [
				0,
				0,
				1,
				0.944,
				0,
				1.889,
				0,
				2.833,
				0
			]
		},
		{
			"Target": "Parameter",
			"Id": "Param_Angle_Rotation5",
			"Segments": [
				0,
				-3.15,
				1,
				0.044,
				-3.055,
				0.089,
				-1.339,
				0.133,
				-1.339,
				1,
				0.322,
				-1.339,
				0.511,
				-12.218,
				0.7,
				-12.218,
				1,
				0.944,
				-12.218,
				1.189,
				-7.422,
				1.433,
				-7.422,
				1,
				1.678,
				-7.422,
				1.922,
				-11.426,
				2.167,
				-11.426,
				1,
				2.278,
				-11.426,
				2.389,
				-11.526,
				2.5,
				-11,
				1,
				2.611,
				-10.474,
				2.722,
				-3.15,
				2.833,
				-3.15
			]
		},
		{
			"Target": "Parameter",
			"Id": "Param_Angle_Rotation6",
			"Segments": [
				0,
				0.259,
				1,
				0.056,
				0.312,
				0.111,
				0.906,
				0.167,
				0.906,
				1,
				0.356,
				0.906,
				0.544,
				-6.154,
				0.733,
				-6.154,
				1,
				0.978,
				-6.154,
				1.222,
				-3.211,
				1.467,
				-3.211,
				1,
				1.711,
				-3.211,
				1.956,
				-3.707,
				2.2,
				-5.296,
				1,
				2.311,
				-6.018,
				2.422,
				-6.885,
				2.533,
				-6.885,
				1,
				2.633,
				-6.885,
				2.733,
				0.259,
				2.833,
				0.259
			]
		},
		{
			"Target": "Parameter",
			"Id": "Param_Angle_Rotation7",
			"Segments": [
				0,
				1.362,
				1,
				0.067,
				1.519,
				0.133,
				3.73,
				0.2,
				3.73,
				1,
				0.4,
				3.73,
				0.6,
				-3.67,
				0.8,
				-3.67,
				1,
				1.044,
				-3.67,
				1.289,
				-0.208,
				1.533,
				-0.208,
				1,
				1.778,
				-0.208,
				2.022,
				-1.875,
				2.267,
				-2.752,
				1,
				2.367,
				-3.111,
				2.467,
				-3,
				2.567,
				-3,
				1,
				2.656,
				-3,
				2.744,
				1.362,
				2.833,
				1.362
			]
		},
		{
			"Target": "Parameter",
			"Id": "Param_Angle_Rotation8",
			"Segments": [
				0,
				5.224,
				1,
				0.089,
				5.593,
				0.178,
				6.81,
				0.267,
				6.81,
				1,
				0.467,
				6.81,
				0.667,
				2.168,
				0.867,
				2.168,
				1,
				1.111,
				2.168,
				1.356,
				4.628,
				1.6,
				4.628,
				1,
				1.844,
				4.628,
				2.089,
				3.112,
				2.333,
				0.369,
				1,
				2.422,
				-0.628,
				2.511,
				-1,
				2.6,
				-1,
				1,
				2.678,
				-1,
				2.756,
				5.224,
				2.833,
				5.224
			]
		},
		{
			"Target": "Parameter",
			"Id": "Param8",
			"Segments": [
				0,
				8.006,
				1,
				0.122,
				8.006,
				0.244,
				9.946,
				0.367,
				9.946,
				1,
				0.567,
				9.946,
				0.767,
				1.543,
				0.967,
				1.543,
				1,
				1.2,
				1.543,
				1.433,
				6.213,
				1.667,
				6.213,
				1,
				1.922,
				6.213,
				2.178,
				5.311,
				2.433,
				2.752,
				1,
				2.5,
				2.085,
				2.567,
				1,
				2.633,
				1,
				1,
				2.7,
				1,
				2.767,
				8.006,
				2.833,
				8.006
			]
		},
		{
			"Target": "Parameter",
			"Id": "Param10",
			"Segments": [
				0,
				1.701,
				1,
				0.078,
				2.052,
				0.156,
				4,
				0.233,
				4,
				1,
				0.411,
				4,
				0.589,
				-2.42,
				0.767,
				-2.42,
				1,
				1.033,
				-2.42,
				1.3,
				3.076,
				1.567,
				3.076,
				1,
				1.811,
				3.076,
				2.056,
				-1.351,
				2.3,
				-1.351,
				1,
				2.478,
				-1.351,
				2.656,
				1.701,
				2.833,
				1.701
			]
		},
		{
			"Target": "Parameter",
			"Id": "Param11",
			"Segments": [
				0,
				-1.443,
				1,
				0.1,
				-0.86,
				0.2,
				0.549,
				0.3,
				0.549,
				1,
				0.478,
				0.549,
				0.656,
				-5.966,
				0.833,
				-5.966,
				1,
				1.089,
				-5.966,
				1.344,
				-0.288,
				1.6,
				-0.288,
				1,
				1.856,
				-0.288,
				2.111,
				-5.72,
				2.367,
				-5.72,
				1,
				2.522,
				-5.72,
				2.678,
				-1.443,
				2.833,
				-1.443
			]
		},
		{
			"Target": "Parameter",
			"Id": "Param12",
			"Segments": [
				0,
				-3.121,
				1,
				0.111,
				-3.121,
				0.222,
				0.17,
				0.333,
				0.17,
				1,
				0.522,
				0.17,
				0.711,
				-6.89,
				0.9,
				-6.89,
				1,
				1.156,
				-6.89,
				1.411,
				-1.634,
				1.667,
				-1.634,
				1,
				1.922,
				-1.634,
				2.178,
				-6.339,
				2.433,
				-6.339,
				1,
				2.567,
				-6.339,
				2.7,
				-3.121,
				2.833,
				-3.121
			]
		},
		{
			"Target": "Parameter",
			"Id": "Param13",
			"Segments": [
				0,
				-9.832,
				1,
				0.133,
				-9.296,
				0.267,
				-7.089,
				0.4,
				-7.089,
				1,
				0.589,
				-7.089,
				0.778,
				-15.052,
				0.967,
				-15.052,
				1,
				1.222,
				-15.052,
				1.478,
				-7.595,
				1.733,
				-7.595,
				1,
				1.989,
				-7.595,
				2.244,
				-12.642,
				2.5,
				-12.642,
				1,
				2.611,
				-12.642,
				2.722,
				-9.832,
				2.833,
				-9.832
			]
		},
		{
			"Target": "Parameter",
			"Id": "Param14",
			"Segments": [
				0,
				17.992,
				1,
				0.144,
				19.986,
				0.289,
				21.77,
				0.433,
				21.77,
				1,
				0.633,
				21.77,
				0.833,
				11.225,
				1.033,
				11.225,
				1,
				1.3,
				11.225,
				1.567,
				17.992,
				1.833,
				17.992,
				1,
				2.078,
				17.992,
				2.322,
				13.683,
				2.567,
				13.683,
				1,
				2.656,
				13.683,
				2.744,
				17.992,
				2.833,
				17.992
			]
		},
		{
			"Target": "Parameter",
			"Id": "Param6",
			"Segments": [
				0,
				7.81,
				1,
				0.056,
				7.81,
				0.111,
				14.412,
				0.167,
				14.412,
				1,
				0.411,
				14.412,
				0.656,
				-3.784,
				0.9,
				-3.784,
				1,
				1.156,
				-3.784,
				1.411,
				8.829,
				1.667,
				8.829,
				1,
				1.922,
				8.829,
				2.178,
				6.4,
				2.433,
				-0.037,
				1,
				2.5,
				-1.716,
				2.567,
				-4,
				2.633,
				-4,
				1,
				2.7,
				-4,
				2.767,
				7.81,
				2.833,
				7.81
			]
		},
		{
			"Target": "Parameter",
			"Id": "Param7",
			"Segments": [
				0,
				-1.584,
				1,
				0.1,
				-1.584,
				0.2,
				5.922,
				0.3,
				5.922,
				1,
				0.544,
				5.922,
				0.789,
				-12.531,
				1.033,
				-12.531,
				1,
				1.3,
				-12.531,
				1.567,
				2.286,
				1.833,
				2.286,
				1,
				2.078,
				2.286,
				2.322,
				-1.084,
				2.567,
				-8.519,
				1,
				2.611,
				-9.871,
				2.656,
				-11,
				2.7,
				-11,
				1,
				2.744,
				-11,
				2.789,
				-1.584,
				2.833,
				-1.584
			]
		},
		{
			"Target": "Parameter",
			"Id": "Param15",
			"Segments": [
				0,
				0.597,
				1,
				0.089,
				1.885,
				0.178,
				9.068,
				0.267,
				9.068,
				1,
				0.444,
				9.068,
				0.622,
				-4.255,
				0.8,
				-4.255,
				1,
				1.056,
				-4.255,
				1.311,
				2.1,
				1.567,
				2.1,
				1,
				1.8,
				2.1,
				2.033,
				-1.798,
				2.267,
				-1.798,
				1,
				2.456,
				-1.798,
				2.644,
				0.597,
				2.833,
				0.597
			]
		},
		{
			"Target": "Parameter",
			"Id": "Param16",
			"Segments": [
				0,
				-4.877,
				1,
				0.1,
				-3.415,
				0.2,
				2.05,
				0.3,
				2.05,
				1,
				0.5,
				2.05,
				0.7,
				-9.607,
				0.9,
				-9.607,
				1,
				1.156,
				-9.607,
				1.411,
				-4.918,
				1.667,
				-4.918,
				1,
				1.9,
				-4.918,
				2.133,
				-7.15,
				2.367,
				-7.15,
				1,
				2.522,
				-7.15,
				2.678,
				-4.877,
				2.833,
				-4.877
			]
		},
		{
			"Target": "Parameter",
			"Id": "Param17",
			"Segments": [
				0,
				-0.898,
				1,
				0.044,
				-0.336,
				0.089,
				7.463,
				0.133,
				7.463,
				1,
				0.333,
				7.463,
				0.533,
				-4.768,
				0.733,
				-4.768,
				1,
				0.978,
				-4.768,
				1.222,
				0.495,
				1.467,
				0.495,
				1,
				1.711,
				0.495,
				1.956,
				-3.658,
				2.2,
				-3.658,
				1,
				2.411,
				-3.658,
				2.622,
				-0.898,
				2.833,
				-0.898
			]
		},
		{
			"Target": "Parameter",
			"Id": "Param18",
			"Segments": [
				0,
				-6.337,
				1,
				0.078,
				-5.415,
				0.156,
				1.343,
				0.233,
				1.343,
				1,
				0.422,
				1.343,
				0.611,
				-11.128,
				0.8,
				-11.128,
				1,
				1.056,
				-11.128,
				1.311,
				-5.625,
				1.567,
				-5.625,
				1,
				1.8,
				-5.625,
				2.033,
				-8.671,
				2.267,
				-8.671,
				1,
				2.456,
				-8.671,
				2.644,
				-6.337,
				2.833,
				-6.337
			]
		},
		{
			"Target": "Parameter",
			"Id": "Param19",
			"Segments": [
				0,
				-1.778,
				1,
				0.1,
				-0.452,
				0.2,
				6.647,
				0.3,
				6.647,
				1,
				0.5,
				6.647,
				0.7,
				-8.595,
				0.9,
				-8.595,
				1,
				1.156,
				-8.595,
				1.411,
				-0.321,
				1.667,
				-0.321,
				1,
				1.9,
				-0.321,
				2.133,
				-4.884,
				2.367,
				-4.884,
				1,
				2.522,
				-4.884,
				2.678,
				-1.778,
				2.833,
				-1.778
			]
		},
		{
			"Target": "Parameter",
			"Id": "Param20",
			"Segments": [
				0,
				-7.029,
				1,
				0.122,
				-5.6,
				0.244,
				0.834,
				0.367,
				0.834,
				1,
				0.578,
				0.834,
				0.789,
				-13.069,
				1,
				-13.069,
				1,
				1.244,
				-13.069,
				1.489,
				-6.133,
				1.733,
				-6.133,
				1,
				1.978,
				-6.133,
				2.222,
				-10.612,
				2.467,
				-10.612,
				1,
				2.589,
				-10.612,
				2.711,
				-7.029,
				2.833,
				-7.029
			]
		},
		{
			"Target": "Parameter",
			"Id": "Param21",
			"Segments": [
				0,
				-2.647,
				1,
				0.122,
				-1.194,
				0.244,
				3.457,
				0.367,
				3.457,
				1,
				0.567,
				3.457,
				0.767,
				-11.054,
				0.967,
				-11.054,
				1,
				1.211,
				-11.054,
				1.456,
				-2.333,
				1.7,
				-2.333,
				1,
				1.944,
				-2.333,
				2.189,
				-6.245,
				2.433,
				-6.245,
				1,
				2.567,
				-6.245,
				2.7,
				-2.647,
				2.833,
				-2.647
			]
		},
		{
			"Target": "Parameter",
			"Id": "Param22",
			"Segments": [
				0,
				-7.397,
				1,
				0.133,
				-5.983,
				0.267,
				-1.152,
				0.4,
				-1.152,
				1,
				0.611,
				-1.152,
				0.822,
				-19.42,
				1.033,
				-19.42,
				1,
				1.289,
				-19.42,
				1.544,
				-5.164,
				1.8,
				-5.164,
				1,
				2.033,
				-5.164,
				2.267,
				-12.491,
				2.5,
				-12.491,
				1,
				2.611,
				-12.491,
				2.722,
				-7.397,
				2.833,
				-7.397
			]
		},
		{
			"Target": "Parameter",
			"Id": "Param23",
			"Segments": [
				0,
				-4.647,
				1,
				0.078,
				-3.783,
				0.156,
				0.128,
				0.233,
				0.128,
				1,
				0.411,
				0.128,
				0.589,
				-22,
				0.767,
				-22,
				1,
				1.033,
				-22,
				1.3,
				-6.201,
				1.567,
				-6.201,
				1,
				1.789,
				-6.201,
				2.011,
				-12.435,
				2.233,
				-12.435,
				1,
				2.433,
				-12.435,
				2.633,
				-4.647,
				2.833,
				-4.647
			]
		},
		{
			"Target": "Parameter",
			"Id": "Param24",
			"Segments": [
				0,
				-13.284,
				1,
				0.089,
				-12.403,
				0.178,
				-10.249,
				0.267,
				-10.249,
				1,
				0.5,
				-10.249,
				0.733,
				-21.979,
				0.967,
				-21.979,
				1,
				1.189,
				-21.979,
				1.411,
				-11.397,
				1.633,
				-11.397,
				1,
				1.9,
				-11.397,
				2.167,
				-16.436,
				2.433,
				-16.436,
				1,
				2.567,
				-16.436,
				2.7,
				-13.284,
				2.833,
				-13.284
			]
		},
		{
			"Target": "Parameter",
			"Id": "Param25",
			"Segments": [
				0,
				-20.52,
				1,
				0.033,
				-19.585,
				0.067,
				-12.903,
				0.1,
				-12.903,
				1,
				0.278,
				-12.903,
				0.456,
				-22.801,
				0.633,
				-22.801,
				1,
				0.889,
				-22.801,
				1.144,
				-14.809,
				1.4,
				-14.809,
				1,
				1.633,
				-14.809,
				1.867,
				-24.633,
				2.1,
				-24.633,
				1,
				2.344,
				-24.633,
				2.589,
				-20.52,
				2.833,
				-20.52
			]
		},
		{
			"Target": "Parameter",
			"Id": "Param31",
			"Segments": [
				0,
				-17.787,
				1,
				0.044,
				-17.787,
				0.089,
				-10,
				0.133,
				-10,
				1,
				0.322,
				-10,
				0.511,
				-20.088,
				0.7,
				-20.088,
				1,
				0.956,
				-20.088,
				1.211,
				-11.584,
				1.467,
				-11.584,
				1,
				1.7,
				-11.584,
				1.933,
				-21.848,
				2.167,
				-21.848,
				1,
				2.389,
				-21.848,
				2.611,
				-17.787,
				2.833,
				-17.787
			]
		},
		{
			"Target": "Parameter",
			"Id": "Param26",
			"Segments": [
				0,
				15.684,
				1,
				0.089,
				15.684,
				0.178,
				27.695,
				0.267,
				27.695,
				1,
				0.444,
				27.695,
				0.622,
				8.504,
				0.8,
				8.504,
				1,
				1.056,
				8.504,
				1.311,
				20.876,
				1.567,
				20.876,
				1,
				1.8,
				20.876,
				2.033,
				6.452,
				2.267,
				6.452,
				1,
				2.456,
				6.452,
				2.644,
				15.684,
				2.833,
				15.684
			]
		},
		{
			"Target": "Parameter",
			"Id": "Param32",
			"Segments": [
				0,
				11.179,
				1,
				0.1,
				16.433,
				0.2,
				21.848,
				0.3,
				21.848,
				1,
				0.5,
				21.848,
				0.7,
				5.279,
				0.9,
				5.279,
				1,
				1.156,
				5.279,
				1.411,
				18.289,
				1.667,
				18.289,
				1,
				1.9,
				18.289,
				2.133,
				3.739,
				2.367,
				3.739,
				1,
				2.522,
				3.739,
				2.678,
				11.179,
				2.833,
				11.179
			]
		},
		{
			"Target": "Parameter",
			"Id": "Param27",
			"Segments": [
				0,
				-7.945,
				1,
				0.044,
				-7.945,
				0.089,
				-2.126,
				0.133,
				-2.126,
				1,
				0.322,
				-2.126,
				0.511,
				-13.197,
				0.7,
				-13.197,
				1,
				0.956,
				-13.197,
				1.211,
				-5.792,
				1.467,
				-5.792,
				1,
				1.7,
				-5.792,
				1.933,
				-15.323,
				2.167,
				-15.323,
				1,
				2.389,
				-15.323,
				2.611,
				-7.945,
				2.833,
				-7.945
			]
		},
		{
			"Target": "Parameter",
			"Id": "Param29",
			"Segments": [
				0,
				1.942,
				1,
				0.078,
				1.942,
				0.156,
				9.971,
				0.233,
				9.971,
				1,
				0.411,
				9.971,
				0.589,
				-4.545,
				0.767,
				-4.545,
				1,
				1.033,
				-4.545,
				1.3,
				3.152,
				1.567,
				3.152,
				1,
				1.789,
				3.152,
				2.011,
				-2.664,
				2.233,
				-2.664,
				1,
				2.433,
				-2.664,
				2.633,
				1.942,
				2.833,
				1.942
			]
		},
		{
			"Target": "Parameter",
			"Id": "Param28",
			"Segments": [
				0,
				10.922,
				1,
				0.089,
				15.636,
				0.178,
				20.674,
				0.267,
				20.674,
				1,
				0.467,
				20.674,
				0.667,
				2.859,
				0.867,
				2.859,
				1,
				1.122,
				2.859,
				1.378,
				17.289,
				1.633,
				17.289,
				1,
				1.867,
				17.289,
				2.1,
				1.76,
				2.333,
				1.76,
				1,
				2.5,
				1.76,
				2.667,
				10.922,
				2.833,
				10.922
			]
		},
		{
			"Target": "Parameter",
			"Id": "Param30",
			"Segments": [
				0,
				-1.141,
				1,
				0.122,
				4.927,
				0.244,
				6.085,
				0.367,
				6.085,
				1,
				0.556,
				6.085,
				0.744,
				-5.792,
				0.933,
				-5.792,
				1,
				1.189,
				-5.792,
				1.444,
				-0.733,
				1.7,
				-0.733,
				1,
				1.933,
				-0.733,
				2.167,
				-4.85,
				2.4,
				-4.85,
				1,
				2.544,
				-4.85,
				2.689,
				-1.141,
				2.833,
				-1.141
			]
		},
		{
			"Target": "Parameter",
			"Id": "Param42",
			"Segments": [
				0,
				-10.929,
				1,
				0.044,
				-10.929,
				0.089,
				3.959,
				0.133,
				3.959,
				1,
				0.333,
				3.959,
				0.533,
				-10.929,
				0.733,
				-10.929,
				1,
				0.978,
				-10.929,
				1.222,
				-2.396,
				1.467,
				-2.396,
				1,
				1.711,
				-2.396,
				1.956,
				-12.831,
				2.2,
				-12.831,
				1,
				2.411,
				-12.831,
				2.622,
				-10.929,
				2.833,
				-10.929
			]
		},
		{
			"Target": "Parameter",
			"Id": "Param43",
			"Segments": [
				0,
				0,
				1,
				0.944,
				0,
				1.889,
				0,
				2.833,
				0
			]
		},
		{
			"Target": "Parameter",
			"Id": "Param44",
			"Segments": [
				0,
				-10.929,
				1,
				0.067,
				-13.974,
				0.133,
				-15.65,
				0.2,
				-15.65,
				1,
				0.389,
				-15.65,
				0.578,
				-2.788,
				0.767,
				-2.788,
				1,
				1.022,
				-2.788,
				1.278,
				-15.65,
				1.533,
				-15.65,
				1,
				1.767,
				-15.65,
				2,
				-6.61,
				2.233,
				-6.61,
				1,
				2.433,
				-6.61,
				2.633,
				-10.929,
				2.833,
				-10.929
			]
		},
		{
			"Target": "Parameter",
			"Id": "Param45",
			"Segments": [
				0,
				0,
				1,
				0.944,
				0,
				1.889,
				0,
				2.833,
				0
			]
		},
		{
			"Target": "Parameter",
			"Id": "Param167",
			"Segments": [
				0,
				0,
				0,
				2.833,
				0
			]
		},
		{
			"Target": "Parameter",
			"Id": "Param194",
			"Segments": [
				0,
				0,
				0,
				2.833,
				0
			]
		},
		{
			"Target": "Parameter",
			"Id": "Param190",
			"Segments": [
				0,
				0,
				0,
				2.833,
				0
			]
		},
		{
			"Target": "Parameter",
			"Id": "Param185",
			"Segments": [
				0,
				0,
				0,
				2.833,
				0
			]
		},
		{
			"Target": "Parameter",
			"Id": "Param186",
			"Segments": [
				0,
				0,
				0,
				2.833,
				0
			]
		},
		{
			"Target": "Parameter",
			"Id": "Param187",
			"Segments": [
				0,
				0,
				0,
				2.833,
				0
			]
		},
		{
			"Target": "Parameter",
			"Id": "fajiafaguang",
			"Segments": [
				0,
				0,
				1,
				0.944,
				0,
				1.889,
				0,
				2.833,
				0
			]
		},
		{
			"Target": "Parameter",
			"Id": "Param70",
			"Segments": [
				0,
				0,
				1,
				0.944,
				0,
				1.889,
				0,
				2.833,
				0
			]
		},
		{
			"Target": "Parameter",
			"Id": "Param9",
			"Segments": [
				0,
				0,
				1,
				0.944,
				0,
				1.889,
				0,
				2.833,
				0
			]
		},
		{
			"Target": "Parameter",
			"Id": "Param72",
			"Segments": [
				0,
				0,
				1,
				0.156,
				0,
				0.311,
				-2.544,
				0.467,
				-2.544,
				1,
				1.144,
				-2.544,
				1.822,
				-2.544,
				2.5,
				-2.544,
				1,
				2.611,
				-2.544,
				2.722,
				0,
				2.833,
				0
			]
		},
		{
			"Target": "Parameter",
			"Id": "Param73",
			"Segments": [
				0,
				1.948,
				1,
				0.156,
				1.948,
				0.311,
				-4.426,
				0.467,
				-4.426,
				1,
				0.833,
				-4.426,
				1.2,
				-2.741,
				1.567,
				-2.741,
				1,
				1.878,
				-2.741,
				2.189,
				-4.426,
				2.5,
				-4.426,
				1,
				2.611,
				-4.426,
				2.722,
				1.948,
				2.833,
				1.948
			]
		},
		{
			"Target": "Parameter",
			"Id": "Param77",
			"Segments": [
				0,
				0,
				1,
				0.156,
				0,
				0.311,
				-17,
				0.467,
				-17,
				1,
				0.833,
				-17,
				1.2,
				-15.121,
				1.567,
				-15.121,
				1,
				1.878,
				-15.121,
				2.189,
				-17,
				2.5,
				-17,
				1,
				2.611,
				-17,
				2.722,
				0,
				2.833,
				0
			]
		},
		{
			"Target": "Parameter",
			"Id": "Param119",
			"Segments": [
				0,
				0,
				1,
				0.944,
				0,
				1.889,
				0,
				2.833,
				0
			]
		},
		{
			"Target": "Parameter",
			"Id": "Param120",
			"Segments": [
				0,
				0,
				1,
				0.944,
				0,
				1.889,
				0,
				2.833,
				0
			]
		},
		{
			"Target": "Parameter",
			"Id": "Param56",
			"Segments": [
				0,
				0,
				1,
				0.944,
				0,
				1.889,
				0,
				2.833,
				0
			]
		},
		{
			"Target": "Parameter",
			"Id": "Param74",
			"Segments": [
				0,
				0,
				1,
				0.156,
				0,
				0.311,
				-0.877,
				0.467,
				-0.877,
				1,
				1.144,
				-0.877,
				1.822,
				-0.877,
				2.5,
				-0.877,
				1,
				2.611,
				-0.877,
				2.722,
				0,
				2.833,
				0
			]
		},
		{
			"Target": "Parameter",
			"Id": "Param75",
			"Segments": [
				0,
				3,
				1,
				0.156,
				3,
				0.311,
				-2.932,
				0.467,
				-2.932,
				1,
				0.833,
				-2.932,
				1.2,
				-2.171,
				1.567,
				-2.171,
				1,
				1.878,
				-2.171,
				2.189,
				-2.932,
				2.5,
				-2.932,
				1,
				2.611,
				-2.932,
				2.722,
				2.709,
				2.833,
				2.709
			]
		},
		{
			"Target": "Parameter",
			"Id": "Param76",
			"Segments": [
				0,
				0,
				1,
				0.156,
				0,
				0.311,
				16,
				0.467,
				16,
				1,
				0.833,
				16,
				1.2,
				13.509,
				1.567,
				13.509,
				1,
				1.878,
				13.509,
				2.189,
				16,
				2.5,
				16,
				1,
				2.611,
				16,
				2.722,
				0,
				2.833,
				0
			]
		},
		{
			"Target": "Parameter",
			"Id": "Param118",
			"Segments": [
				0,
				0,
				1,
				0.944,
				0,
				1.889,
				0,
				2.833,
				0
			]
		},
		{
			"Target": "Parameter",
			"Id": "Param33",
			"Segments": [
				0,
				0,
				1,
				0.944,
				0,
				1.889,
				0,
				2.833,
				0
			]
		},
		{
			"Target": "Parameter",
			"Id": "Param34",
			"Segments": [
				0,
				0,
				1,
				0.944,
				0,
				1.889,
				0,
				2.833,
				0
			]
		},
		{
			"Target": "Parameter",
			"Id": "Param35",
			"Segments": [
				0,
				0,
				1,
				0.944,
				0,
				1.889,
				0,
				2.833,
				0
			]
		},
		{
			"Target": "Parameter",
			"Id": "Param36",
			"Segments": [
				0,
				0,
				1,
				0.944,
				0,
				1.889,
				0,
				2.833,
				0
			]
		},
		{
			"Target": "Parameter",
			"Id": "Param89",
			"Segments": [
				0,
				0,
				1,
				0.944,
				0,
				1.889,
				0,
				2.833,
				0
			]
		},
		{
			"Target": "Parameter",
			"Id": "Param90",
			"Segments": [
				0,
				0,
				1,
				0.944,
				0,
				1.889,
				0,
				2.833,
				0
			]
		},
		{
			"Target": "Parameter",
			"Id": "Param91",
			"Segments": [
				0,
				-30,
				1,
				0.944,
				-30,
				1.889,
				-30,
				2.833,
				-30
			]
		},
		{
			"Target": "Parameter",
			"Id": "Param92",
			"Segments": [
				0,
				0,
				1,
				0.944,
				0,
				1.889,
				0,
				2.833,
				0
			]
		},
		{
			"Target": "Parameter",
			"Id": "Param93",
			"Segments": [
				0,
				0,
				1,
				0.944,
				0,
				1.889,
				0,
				2.833,
				0
			]
		},
		{
			"Target": "Parameter",
			"Id": "Param94",
			"Segments": [
				0,
				0,
				1,
				0.944,
				0,
				1.889,
				0,
				2.833,
				0
			]
		},
		{
			"Target": "Parameter",
			"Id": "Param95",
			"Segments": [
				0,
				0,
				1,
				0.944,
				0,
				1.889,
				0,
				2.833,
				0
			]
		},
		{
			"Target": "Parameter",
			"Id": "Param96",
			"Segments": [
				0,
				0,
				1,
				0.944,
				0,
				1.889,
				0,
				2.833,
				0
			]
		},
		{
			"Target": "Parameter",
			"Id": "Param98",
			"Segments": [
				0,
				0,
				1,
				0.944,
				0,
				1.889,
				0,
				2.833,
				0
			]
		},
		{
			"Target": "Parameter",
			"Id": "Param99",
			"Segments": [
				0,
				0,
				1,
				0.944,
				0,
				1.889,
				0,
				2.833,
				0
			]
		},
		{
			"Target": "Parameter",
			"Id": "Param100",
			"Segments": [
				0,
				0,
				1,
				0.944,
				0,
				1.889,
				0,
				2.833,
				0
			]
		},
		{
			"Target": "Parameter",
			"Id": "Param101",
			"Segments": [
				0,
				0,
				1,
				0.944,
				0,
				1.889,
				0,
				2.833,
				0
			]
		},
		{
			"Target": "Parameter",
			"Id": "Param102",
			"Segments": [
				0,
				0,
				1,
				0.944,
				0,
				1.889,
				0,
				2.833,
				0
			]
		},
		{
			"Target": "Parameter",
			"Id": "Param103",
			"Segments": [
				0,
				0,
				1,
				0.944,
				0,
				1.889,
				0,
				2.833,
				0
			]
		},
		{
			"Target": "Parameter",
			"Id": "Param97",
			"Segments": [
				0,
				-30,
				1,
				0.944,
				-30,
				1.889,
				-30,
				2.833,
				-30
			]
		},
		{
			"Target": "Parameter",
			"Id": "Param112",
			"Segments": [
				0,
				0,
				1,
				0.944,
				0,
				1.889,
				0,
				2.833,
				0
			]
		},
		{
			"Target": "Parameter",
			"Id": "Param113",
			"Segments": [
				0,
				0,
				1,
				0.944,
				0,
				1.889,
				0,
				2.833,
				0
			]
		},
		{
			"Target": "Parameter",
			"Id": "Param114",
			"Segments": [
				0,
				0,
				1,
				0.944,
				0,
				1.889,
				0,
				2.833,
				0
			]
		},
		{
			"Target": "Parameter",
			"Id": "Param115",
			"Segments": [
				0,
				0,
				1,
				0.944,
				0,
				1.889,
				0,
				2.833,
				0
			]
		},
		{
			"Target": "Parameter",
			"Id": "Param116",
			"Segments": [
				0,
				0,
				1,
				0.944,
				0,
				1.889,
				0,
				2.833,
				0
			]
		},
		{
			"Target": "Parameter",
			"Id": "Param117",
			"Segments": [
				0,
				0,
				1,
				0.944,
				0,
				1.889,
				0,
				2.833,
				0
			]
		},
		{
			"Target": "Parameter",
			"Id": "Param105",
			"Segments": [
				0,
				-30,
				1,
				0.944,
				-30,
				1.889,
				-30,
				2.833,
				-30
			]
		},
		{
			"Target": "Parameter",
			"Id": "Param106",
			"Segments": [
				0,
				0,
				1,
				0.944,
				0,
				1.889,
				0,
				2.833,
				0
			]
		},
		{
			"Target": "Parameter",
			"Id": "Param107",
			"Segments": [
				0,
				0,
				1,
				0.944,
				0,
				1.889,
				0,
				2.833,
				0
			]
		},
		{
			"Target": "Parameter",
			"Id": "Param108",
			"Segments": [
				0,
				0,
				1,
				0.944,
				0,
				1.889,
				0,
				2.833,
				0
			]
		},
		{
			"Target": "Parameter",
			"Id": "Param109",
			"Segments": [
				0,
				0,
				1,
				0.944,
				0,
				1.889,
				0,
				2.833,
				0
			]
		},
		{
			"Target": "Parameter",
			"Id": "Param110",
			"Segments": [
				0,
				0,
				1,
				0.944,
				0,
				1.889,
				0,
				2.833,
				0
			]
		},
		{
			"Target": "Parameter",
			"Id": "Param111",
			"Segments": [
				0,
				0,
				1,
				0.944,
				0,
				1.889,
				0,
				2.833,
				0
			]
		},
		{
			"Target": "Parameter",
			"Id": "Param104",
			"Segments": [
				0,
				-30,
				1,
				0.944,
				-30,
				1.889,
				-30,
				2.833,
				-30
			]
		},
		{
			"Target": "Parameter",
			"Id": "daimao",
			"Segments": [
				0,
				0,
				0,
				2.833,
				0
			]
		},
		{
			"Target": "Parameter",
			"Id": "Param168",
			"Segments": [
				0,
				0,
				0,
				2.833,
				0
			]
		},
		{
			"Target": "Parameter",
			"Id": "Param169",
			"Segments": [
				0,
				0,
				0,
				2.833,
				0
			]
		},
		{
			"Target": "Parameter",
			"Id": "Param173",
			"Segments": [
				0,
				0,
				0,
				2.833,
				0
			]
		},
		{
			"Target": "Parameter",
			"Id": "Param174",
			"Segments": [
				0,
				0,
				0,
				2.833,
				0
			]
		},
		{
			"Target": "Parameter",
			"Id": "Param175",
			"Segments": [
				0,
				0,
				0,
				2.833,
				0
			]
		},
		{
			"Target": "Parameter",
			"Id": "Param176",
			"Segments": [
				0,
				0,
				0,
				2.833,
				0
			]
		},
		{
			"Target": "Parameter",
			"Id": "Param177",
			"Segments": [
				0,
				0,
				0,
				2.833,
				0
			]
		},
		{
			"Target": "Parameter",
			"Id": "Param140",
			"Segments": [
				0,
				0,
				1,
				0.944,
				0,
				1.889,
				0,
				2.833,
				0
			]
		},
		{
			"Target": "Parameter",
			"Id": "ParamAngleX",
			"Segments": [
				0,
				0.497,
				1,
				0.211,
				0.497,
				0.422,
				0,
				0.633,
				0,
				1,
				1.311,
				0,
				1.989,
				0,
				2.667,
				0,
				1,
				2.722,
				0,
				2.778,
				0.497,
				2.833,
				0.497
			]
		},
		{
			"Target": "Parameter",
			"Id": "ParamAngleY",
			"Segments": [
				0,
				-1.019,
				1,
				0.167,
				-1.019,
				0.333,
				-6,
				0.5,
				-6,
				1,
				0.867,
				-6,
				1.233,
				-4.935,
				1.6,
				-4.935,
				1,
				1.911,
				-4.935,
				2.222,
				-6,
				2.533,
				-6,
				1,
				2.633,
				-6,
				2.733,
				-1.019,
				2.833,
				-1.019
			]
		},
		{
			"Target": "Parameter",
			"Id": "ParamAngleZ",
			"Segments": [
				0,
				0.398,
				1,
				0.044,
				0.604,
				0.089,
				2.674,
				0.133,
				2.674,
				1,
				0.278,
				2.674,
				0.422,
				-26,
				0.567,
				-26,
				1,
				0.933,
				-26,
				1.3,
				-23.796,
				1.667,
				-23.796,
				1,
				1.978,
				-23.796,
				2.289,
				-26,
				2.6,
				-26,
				1,
				2.678,
				-26,
				2.756,
				0.398,
				2.833,
				0.398
			]
		},
		{
			"Target": "Parameter",
			"Id": "Param82",
			"Segments": [
				0,
				0,
				1,
				0.944,
				0,
				1.889,
				0,
				2.833,
				0
			]
		},
		{
			"Target": "Parameter",
			"Id": "Param83",
			"Segments": [
				0,
				0,
				1,
				0.944,
				0,
				1.889,
				0,
				2.833,
				0
			]
		},
		{
			"Target": "Parameter",
			"Id": "ParamBrowLX",
			"Segments": [
				0,
				0,
				1,
				0.944,
				0,
				1.889,
				0,
				2.833,
				0
			]
		},
		{
			"Target": "Parameter",
			"Id": "ParamBrowRX",
			"Segments": [
				0,
				0,
				1,
				0.944,
				0,
				1.889,
				0,
				2.833,
				0
			]
		},
		{
			"Target": "Parameter",
			"Id": "ParamBrowLAngle",
			"Segments": [
				0,
				0,
				1,
				0.944,
				0,
				1.889,
				0,
				2.833,
				0
			]
		},
		{
			"Target": "Parameter",
			"Id": "ParamBrowRAngle",
			"Segments": [
				0,
				0,
				1,
				0.944,
				0,
				1.889,
				0,
				2.833,
				0
			]
		},
		{
			"Target": "Parameter",
			"Id": "ParamCheek",
			"Segments": [
				0,
				0,
				1,
				0.944,
				0,
				1.889,
				0,
				2.833,
				0
			]
		},
		{
			"Target": "Parameter",
			"Id": "ParamBodyAngleX",
			"Segments": [
				0,
				0.099,
				1,
				0.2,
				0.673,
				0.4,
				3,
				0.6,
				3,
				1,
				1.278,
				3,
				1.956,
				3,
				2.633,
				3,
				1,
				2.7,
				3,
				2.767,
				0.099,
				2.833,
				0.099
			]
		},
		{
			"Target": "Parameter",
			"Id": "ParamBodyAngleY",
			"Segments": [
				0,
				3,
				1,
				0.156,
				3,
				0.311,
				-5,
				0.467,
				-5,
				1,
				0.833,
				-5,
				1.2,
				-4.418,
				1.567,
				-4.418,
				1,
				1.878,
				-4.418,
				2.189,
				-5,
				2.5,
				-5,
				1,
				2.611,
				-5,
				2.722,
				3,
				2.833,
				3
			]
		},
		{
			"Target": "Parameter",
			"Id": "ParamBodyAngleZ",
			"Segments": [
				0,
				0.344,
				1,
				0.178,
				0.344,
				0.356,
				0,
				0.533,
				0,
				1,
				0.9,
				0,
				1.267,
				0.159,
				1.633,
				0.159,
				1,
				1.944,
				0.159,
				2.256,
				0,
				2.567,
				0,
				1,
				2.656,
				0,
				2.744,
				0.344,
				2.833,
				0.344
			]
		},
		{
			"Target": "Parameter",
			"Id": "ParamHairFront",
			"Segments": [
				0,
				0,
				1,
				0.944,
				0,
				1.889,
				0,
				2.833,
				0
			]
		},
		{
			"Target": "Parameter",
			"Id": "ParamHairSide",
			"Segments": [
				0,
				0,
				1,
				0.944,
				0,
				1.889,
				0,
				2.833,
				0
			]
		},
		{
			"Target": "Parameter",
			"Id": "ParamHairBack",
			"Segments": [
				0,
				0,
				1,
				0.944,
				0,
				1.889,
				0,
				2.833,
				0
			]
		},
		{
			"Target": "Parameter",
			"Id": "Param37",
			"Segments": [
				0,
				0,
				1,
				0.944,
				0,
				1.889,
				0,
				2.833,
				0
			]
		},
		{
			"Target": "Parameter",
			"Id": "Param122",
			"Segments": [
				0,
				0,
				1,
				0.944,
				0,
				1.889,
				0,
				2.833,
				0
			]
		},
		{
			"Target": "Parameter",
			"Id": "Param198pp",
			"Segments": [
				0,
				-30,
				0,
				2.833,
				-30
			]
		},
		{
			"Target": "Parameter",
			"Id": "Param199pp",
			"Segments": [
				0,
				-30,
				0,
				2.833,
				-30
			]
		},
		{
			"Target": "Parameter",
			"Id": "Param200pp",
			"Segments": [
				0,
				0,
				0,
				2.833,
				0
			]
		},
		{
			"Target": "Parameter",
			"Id": "Param201pp",
			"Segments": [
				0,
				0,
				0,
				2.833,
				0
			]
		},
		{
			"Target": "Parameter",
			"Id": "Param202pp",
			"Segments": [
				0,
				0,
				0,
				2.833,
				0
			]
		},
		{
			"Target": "Parameter",
			"Id": "Param203pp",
			"Segments": [
				0,
				0,
				0,
				2.833,
				0
			]
		},
		{
			"Target": "Parameter",
			"Id": "Param204pp",
			"Segments": [
				0,
				0,
				0,
				2.833,
				0
			]
		},
		{
			"Target": "Parameter",
			"Id": "Param205pp",
			"Segments": [
				0,
				0,
				0,
				2.833,
				0
			]
		},
		{
			"Target": "Parameter",
			"Id": "Param206pp",
			"Segments": [
				0,
				0,
				0,
				2.833,
				0
			]
		},
		{
			"Target": "Parameter",
			"Id": "Param207pp",
			"Segments": [
				0,
				0,
				0,
				2.833,
				0
			]
		},
		{
			"Target": "Parameter",
			"Id": "Param208pp",
			"Segments": [
				0,
				0,
				0,
				2.833,
				0
			]
		},
		{
			"Target": "Parameter",
			"Id": "Param209pp",
			"Segments": [
				0,
				0,
				0,
				2.833,
				0
			]
		},
		{
			"Target": "Parameter",
			"Id": "Param210pp",
			"Segments": [
				0,
				0,
				0,
				2.833,
				0
			]
		},
		{
			"Target": "Parameter",
			"Id": "Param211pp",
			"Segments": [
				0,
				0,
				0,
				2.833,
				0
			]
		},
		{
			"Target": "Parameter",
			"Id": "Param212pp",
			"Segments": [
				0,
				0,
				0,
				2.833,
				0
			]
		},
		{
			"Target": "Parameter",
			"Id": "Param213pp",
			"Segments": [
				0,
				0,
				0,
				2.833,
				0
			]
		},
		{
			"Target": "Parameter",
			"Id": "Param214pp",
			"Segments": [
				0,
				0,
				0,
				2.833,
				0
			]
		},
		{
			"Target": "Parameter",
			"Id": "Param215pp",
			"Segments": [
				0,
				0,
				0,
				2.833,
				0
			]
		},
		{
			"Target": "Parameter",
			"Id": "Param216pp",
			"Segments": [
				0,
				0,
				0,
				2.833,
				0
			]
		},
		{
			"Target": "Parameter",
			"Id": "Param217pp",
			"Segments": [
				0,
				0,
				0,
				2.833,
				0
			]
		},
		{
			"Target": "PartOpacity",
			"Id": "Part52",
			"Segments": [
				0,
				1,
				0,
				2.83,
				1
			]
		},
		{
			"Target": "PartOpacity",
			"Id": "Part40",
			"Segments": [
				0,
				1,
				0,
				2.83,
				1
			]
		},
		{
			"Target": "PartOpacity",
			"Id": "Part44",
			"Segments": [
				0,
				1,
				0,
				2.83,
				1
			]
		},
		{
			"Target": "PartOpacity",
			"Id": "Part45",
			"Segments": [
				0,
				1,
				0,
				2.83,
				1
			]
		},
		{
			"Target": "PartOpacity",
			"Id": "Part53",
			"Segments": [
				0,
				1,
				0,
				2.83,
				1
			]
		},
		{
			"Target": "PartOpacity",
			"Id": "Part41",
			"Segments": [
				0,
				1,
				0,
				2.83,
				1
			]
		},
		{
			"Target": "PartOpacity",
			"Id": "Part43",
			"Segments": [
				0,
				1,
				0,
				2.83,
				1
			]
		},
		{
			"Target": "PartOpacity",
			"Id": "Part39",
			"Segments": [
				0,
				1,
				2,
				2.83,
				1
			]
		},
		{
			"Target": "PartOpacity",
			"Id": "Part37",
			"Segments": [
				0,
				1,
				2,
				2.83,
				1
			]
		},
		{
			"Target": "PartOpacity",
			"Id": "Part36",
			"Segments": [
				0,
				1,
				2,
				2.83,
				1
			]
		},
		{
			"Target": "PartOpacity",
			"Id": "Part5",
			"Segments": [
				0,
				1,
				2,
				2.83,
				1
			]
		},
		{
			"Target": "PartOpacity",
			"Id": "Part2",
			"Segments": [
				0,
				1,
				2,
				2.83,
				1
			]
		},
		{
			"Target": "PartOpacity",
			"Id": "Part3",
			"Segments": [
				0,
				1,
				2,
				2.83,
				1
			]
		},
		{
			"Target": "PartOpacity",
			"Id": "Part6",
			"Segments": [
				0,
				1,
				2,
				2.83,
				1
			]
		},
		{
			"Target": "PartOpacity",
			"Id": "Part4",
			"Segments": [
				0,
				1,
				2,
				2.83,
				1
			]
		},
		{
			"Target": "PartOpacity",
			"Id": "Part",
			"Segments": [
				0,
				1,
				2,
				2.83,
				1
			]
		},
		{
			"Target": "PartOpacity",
			"Id": "Part31",
			"Segments": [
				0,
				1,
				2,
				2.83,
				1
			]
		},
		{
			"Target": "PartOpacity",
			"Id": "Part29",
			"Segments": [
				0,
				1,
				2,
				2.83,
				1
			]
		},
		{
			"Target": "PartOpacity",
			"Id": "Part13",
			"Segments": [
				0,
				1,
				2,
				2.83,
				1
			]
		},
		{
			"Target": "PartOpacity",
			"Id": "Part14",
			"Segments": [
				0,
				1,
				2,
				2.83,
				1
			]
		},
		{
			"Target": "PartOpacity",
			"Id": "Part15",
			"Segments": [
				0,
				1,
				2,
				2.83,
				1
			]
		},
		{
			"Target": "PartOpacity",
			"Id": "Part11",
			"Segments": [
				0,
				1,
				2,
				2.83,
				1
			]
		},
		{
			"Target": "PartOpacity",
			"Id": "Part12",
			"Segments": [
				0,
				1,
				2,
				2.83,
				1
			]
		},
		{
			"Target": "PartOpacity",
			"Id": "Part16",
			"Segments": [
				0,
				1,
				2,
				2.83,
				1
			]
		},
		{
			"Target": "PartOpacity",
			"Id": "Part30",
			"Segments": [
				0,
				1,
				2,
				2.83,
				1
			]
		},
		{
			"Target": "PartOpacity",
			"Id": "Part17",
			"Segments": [
				0,
				1,
				2,
				2.83,
				1
			]
		},
		{
			"Target": "PartOpacity",
			"Id": "Part18",
			"Segments": [
				0,
				1,
				2,
				2.83,
				1
			]
		},
		{
			"Target": "PartOpacity",
			"Id": "Part28",
			"Segments": [
				0,
				1,
				2,
				2.83,
				1
			]
		},
		{
			"Target": "PartOpacity",
			"Id": "Part19",
			"Segments": [
				0,
				1,
				2,
				2.83,
				1
			]
		},
		{
			"Target": "PartOpacity",
			"Id": "Part20",
			"Segments": [
				0,
				1,
				2,
				2.83,
				1
			]
		},
		{
			"Target": "PartOpacity",
			"Id": "Part33",
			"Segments": [
				0,
				1,
				2,
				2.83,
				1
			]
		},
		{
			"Target": "PartOpacity",
			"Id": "Part32",
			"Segments": [
				0,
				1,
				2,
				2.83,
				1
			]
		},
		{
			"Target": "PartOpacity",
			"Id": "Part38",
			"Segments": [
				0,
				1,
				2,
				2.83,
				1
			]
		},
		{
			"Target": "PartOpacity",
			"Id": "Part7",
			"Segments": [
				0,
				1,
				2,
				2.83,
				1
			]
		},
		{
			"Target": "PartOpacity",
			"Id": "Part35",
			"Segments": [
				0,
				1,
				2,
				2.83,
				1
			]
		},
		{
			"Target": "PartOpacity",
			"Id": "Part10",
			"Segments": [
				0,
				1,
				2,
				2.83,
				1
			]
		},
		{
			"Target": "PartOpacity",
			"Id": "Part27",
			"Segments": [
				0,
				1,
				2,
				2.83,
				1
			]
		},
		{
			"Target": "PartOpacity",
			"Id": "Part34",
			"Segments": [
				0,
				1,
				2,
				2.83,
				1
			]
		},
		{
			"Target": "PartOpacity",
			"Id": "Part8",
			"Segments": [
				0,
				1,
				2,
				2.83,
				1
			]
		},
		{
			"Target": "PartOpacity",
			"Id": "Part9",
			"Segments": [
				0,
				1,
				2,
				2.83,
				1
			]
		},
		{
			"Target": "PartOpacity",
			"Id": "ArtMesh122_Skinning",
			"Segments": [
				0,
				1,
				2,
				2.83,
				1
			]
		},
		{
			"Target": "PartOpacity",
			"Id": "Part21",
			"Segments": [
				0,
				1,
				2,
				2.83,
				1
			]
		},
		{
			"Target": "PartOpacity",
			"Id": "Part22",
			"Segments": [
				0,
				1,
				2,
				2.83,
				1
			]
		},
		{
			"Target": "PartOpacity",
			"Id": "Part23",
			"Segments": [
				0,
				1,
				2,
				2.83,
				1
			]
		},
		{
			"Target": "PartOpacity",
			"Id": "Part24",
			"Segments": [
				0,
				1,
				2,
				2.83,
				1
			]
		},
		{
			"Target": "PartOpacity",
			"Id": "Part25",
			"Segments": [
				0,
				1,
				2,
				2.83,
				1
			]
		},
		{
			"Target": "PartOpacity",
			"Id": "Part26",
			"Segments": [
				0,
				1,
				2,
				2.83,
				1
			]
		},
		{
			"Target": "PartOpacity",
			"Id": "ArtMesh133_Skinning",
			"Segments": [
				0,
				1,
				2,
				2.83,
				1
			]
		},
		{
			"Target": "PartOpacity",
			"Id": "ArtMesh122_Skinning2",
			"Segments": [
				0,
				1,
				2,
				2.83,
				1
			]
		}
	]
}