{
	"Version": 3,
	"Meta": {
		"Duration": 3.2,
		"Fps": 30.0,
		"Loop": true,
		"AreBeziersRestricted": false,
		"CurveCount": 298,
		"TotalSegmentCount": 509,
		"TotalPointCount": 1601,
		"UserDataCount": 0,
		"TotalUserDataSize": 0
	},
	"Curves": [
		{
			"Target": "Model",
			"Id": "Opacity",
			"Segments": [
				0,
				1,
				1,
				1.07,
				1,
				2.13,
				1,
				3.2,
				1
			]
		},
		{
			"Target": "Parameter",
			"Id": "Param2",
			"Segments": [
				0,
				-2.888,
				1,
				0.278,
				0.369,
				0.556,
				8,
				0.833,
				8,
				1,
				1.144,
				8,
				1.456,
				7.583,
				1.767,
				7.583,
				1,
				2.044,
				7.583,
				2.322,
				8,
				2.6,
				8,
				1,
				2.8,
				8,
				3,
				-2.888,
				3.2,
				-2.888
			]
		},
		{
			"Target": "Parameter",
			"Id": "Param180",
			"Segments": [
				0,
				0,
				0,
				3.2,
				0
			]
		},
		{
			"Target": "Parameter",
			"Id": "Param38",
			"Segments": [
				0,
				0,
				1,
				0.278,
				0,
				0.556,
				-30,
				0.833,
				-30,
				1,
				1.422,
				-30,
				2.011,
				-30,
				2.6,
				-30,
				1,
				2.8,
				-30,
				3,
				0,
				3.2,
				0
			]
		},
		{
			"Target": "Parameter",
			"Id": "Param129",
			"Segments": [
				0,
				0,
				1,
				1.067,
				0,
				2.133,
				0,
				3.2,
				0
			]
		},
		{
			"Target": "Parameter",
			"Id": "Param5",
			"Segments": [
				0,
				0.067,
				1,
				0.311,
				0.067,
				0.622,
				25,
				0.933,
				25,
				1,
				1.244,
				25,
				1.556,
				24.608,
				1.867,
				24.608,
				1,
				2.144,
				24.608,
				2.422,
				25,
				2.7,
				25,
				1,
				2.867,
				25,
				3.033,
				0.067,
				3.2,
				0.067
			]
		},
		{
			"Target": "Parameter",
			"Id": "Param",
			"Segments": [
				0,
				-14.398,
				1,
				0.333,
				-14.398,
				0.667,
				30,
				1,
				30,
				1,
				1.311,
				30,
				1.622,
				26,
				1.933,
				26,
				1,
				2.211,
				26,
				2.489,
				30,
				2.767,
				30,
				1,
				2.911,
				30,
				3.056,
				-14.398,
				3.2,
				-14.398
			]
		},
		{
			"Target": "Parameter",
			"Id": "Param131",
			"Segments": [
				0,
				0,
				1,
				1.067,
				0,
				2.133,
				0,
				3.2,
				0
			]
		},
		{
			"Target": "Parameter",
			"Id": "Param50",
			"Segments": [
				0,
				-2.23,
				1,
				1.067,
				-2.23,
				2.133,
				-2.23,
				3.2,
				-2.23
			]
		},
		{
			"Target": "Parameter",
			"Id": "Param39",
			"Segments": [
				0,
				-2.607,
				1,
				0.322,
				-2.607,
				0.644,
				-22,
				0.967,
				-22,
				1,
				1.278,
				-22,
				1.589,
				-19.352,
				1.9,
				-19.352,
				1,
				2.178,
				-19.352,
				2.456,
				-22,
				2.733,
				-22,
				1,
				2.889,
				-22,
				3.044,
				-2.607,
				3.2,
				-2.607
			]
		},
		{
			"Target": "Parameter",
			"Id": "Param41",
			"Segments": [
				0,
				0,
				1,
				1.067,
				0,
				2.133,
				0,
				3.2,
				0
			]
		},
		{
			"Target": "Parameter",
			"Id": "Param130",
			"Segments": [
				0,
				0,
				1,
				1.067,
				0,
				2.133,
				0,
				3.2,
				0
			]
		},
		{
			"Target": "Parameter",
			"Id": "Param40",
			"Segments": [
				0,
				0.133,
				1,
				0.356,
				-1.929,
				0.711,
				-5,
				1.067,
				-5,
				1,
				1.356,
				-5,
				1.644,
				-4.779,
				1.933,
				-4.779,
				1,
				2.233,
				-4.779,
				2.533,
				-5,
				2.833,
				-5,
				1,
				2.956,
				-5,
				3.078,
				0.133,
				3.2,
				0.133
			]
		},
		{
			"Target": "Parameter",
			"Id": "Param49",
			"Segments": [
				0,
				-7.844,
				1,
				0.378,
				-7.844,
				0.756,
				3,
				1.133,
				3,
				1,
				1.722,
				3,
				2.311,
				3,
				2.9,
				3,
				1,
				3,
				3,
				3.1,
				-7.844,
				3.2,
				-7.844
			]
		},
		{
			"Target": "Parameter",
			"Id": "Param84",
			"Segments": [
				0,
				-2.23,
				1,
				1.067,
				-2.23,
				2.133,
				-2.23,
				3.2,
				-2.23
			]
		},
		{
			"Target": "Parameter",
			"Id": "Param139",
			"Segments": [
				0,
				0,
				1,
				1.067,
				0,
				2.133,
				0,
				3.2,
				0
			]
		},
		{
			"Target": "Parameter",
			"Id": "Param171",
			"Segments": [
				0,
				0,
				0,
				3.2,
				0
			]
		},
		{
			"Target": "Parameter",
			"Id": "Param170",
			"Segments": [
				0,
				0,
				0,
				3.2,
				0
			]
		},
		{
			"Target": "Parameter",
			"Id": "Param191",
			"Segments": [
				0,
				0,
				0,
				3.2,
				0
			]
		},
		{
			"Target": "Parameter",
			"Id": "ParamEyeLOpen",
			"Segments": [
				0,
				1,
				1,
				0.122,
				1,
				0.244,
				0,
				0.367,
				0,
				1,
				0.556,
				0,
				0.744,
				0.9,
				0.933,
				0.9,
				1,
				1.178,
				0.9,
				1.422,
				0.9,
				1.667,
				0.9,
				1,
				1.711,
				0.9,
				1.756,
				0,
				1.8,
				0,
				1,
				1.856,
				0,
				1.911,
				0.9,
				1.967,
				0.9,
				1,
				2.211,
				0.9,
				2.456,
				0.9,
				2.7,
				0.9,
				1,
				2.867,
				0.9,
				3.033,
				1,
				3.2,
				1
			]
		},
		{
			"Target": "Parameter",
			"Id": "ParamEyeLSmile",
			"Segments": [
				0,
				0,
				1,
				0.122,
				0,
				0.244,
				-1,
				0.367,
				-1,
				1,
				0.556,
				-1,
				0.744,
				0.4,
				0.933,
				0.4,
				1,
				1.178,
				0.4,
				1.422,
				0.4,
				1.667,
				0.4,
				1,
				1.711,
				0.4,
				1.756,
				-1,
				1.8,
				-1,
				1,
				1.856,
				-1,
				1.911,
				0.4,
				1.967,
				0.4,
				1,
				2.211,
				0.4,
				2.456,
				0.4,
				2.7,
				0.4,
				1,
				2.867,
				0.4,
				3.033,
				0,
				3.2,
				0
			]
		},
		{
			"Target": "Parameter",
			"Id": "ParamEyeROpen",
			"Segments": [
				0,
				1,
				1,
				0.122,
				1,
				0.244,
				0,
				0.367,
				0,
				1,
				0.556,
				0,
				0.744,
				0.9,
				0.933,
				0.9,
				1,
				1.178,
				0.9,
				1.422,
				0.9,
				1.667,
				0.9,
				1,
				1.711,
				0.9,
				1.756,
				0,
				1.8,
				0,
				1,
				1.856,
				0,
				1.911,
				0.9,
				1.967,
				0.9,
				1,
				2.211,
				0.9,
				2.456,
				0.9,
				2.7,
				0.9,
				1,
				2.867,
				0.9,
				3.033,
				1,
				3.2,
				1
			]
		},
		{
			"Target": "Parameter",
			"Id": "ParamEyeRSmile",
			"Segments": [
				0,
				0,
				1,
				0.122,
				0,
				0.244,
				-1,
				0.367,
				-1,
				1,
				0.556,
				-1,
				0.744,
				0.4,
				0.933,
				0.4,
				1,
				1.178,
				0.4,
				1.422,
				0.4,
				1.667,
				0.4,
				1,
				1.711,
				0.4,
				1.756,
				-1,
				1.8,
				-1,
				1,
				1.856,
				-1,
				1.911,
				0.4,
				1.967,
				0.4,
				1,
				2.211,
				0.4,
				2.456,
				0.4,
				2.7,
				0.4,
				1,
				2.867,
				0.4,
				3.033,
				0,
				3.2,
				0
			]
		},
		{
			"Target": "Parameter",
			"Id": "ParamEyeBallX",
			"Segments": [
				0,
				0,
				1,
				1.067,
				0,
				2.133,
				0,
				3.2,
				0
			]
		},
		{
			"Target": "Parameter",
			"Id": "ParamEyeBallY",
			"Segments": [
				0,
				0,
				1,
				0.267,
				0,
				0.533,
				-1,
				0.8,
				-1,
				1,
				1.389,
				-1,
				1.978,
				-1,
				2.567,
				-1,
				1,
				2.778,
				-1,
				2.989,
				0,
				3.2,
				0
			]
		},
		{
			"Target": "Parameter",
			"Id": "ParamBrowLY",
			"Segments": [
				0,
				0,
				1,
				1.067,
				0,
				2.133,
				0,
				3.2,
				0
			]
		},
		{
			"Target": "Parameter",
			"Id": "ParamBrowRY",
			"Segments": [
				0,
				0,
				1,
				1.067,
				0,
				2.133,
				0,
				3.2,
				0
			]
		},
		{
			"Target": "Parameter",
			"Id": "ParamBrowLForm",
			"Segments": [
				0,
				0,
				1,
				0.267,
				0,
				0.533,
				-0.2,
				0.8,
				-0.2,
				1,
				1.389,
				-0.2,
				1.978,
				-0.2,
				2.567,
				-0.2,
				1,
				2.778,
				-0.2,
				2.989,
				0,
				3.2,
				0
			]
		},
		{
			"Target": "Parameter",
			"Id": "ParamBrowRForm",
			"Segments": [
				0,
				0,
				1,
				0.267,
				0,
				0.533,
				-0.7,
				0.8,
				-0.7,
				1,
				1.389,
				-0.7,
				1.978,
				-0.7,
				2.567,
				-0.7,
				1,
				2.778,
				-0.7,
				2.989,
				0,
				3.2,
				0
			]
		},
		{
			"Target": "Parameter",
			"Id": "Param85",
			"Segments": [
				0,
				0,
				1,
				0.267,
				0,
				0.533,
				-30,
				0.8,
				-30,
				1,
				1.389,
				-30,
				1.978,
				-30,
				2.567,
				-30,
				1,
				2.778,
				-30,
				2.989,
				0,
				3.2,
				0
			]
		},
		{
			"Target": "Parameter",
			"Id": "Param86",
			"Segments": [
				0,
				0,
				1,
				0.267,
				0,
				0.533,
				-30,
				0.8,
				-30,
				1,
				1.389,
				-30,
				1.978,
				-30,
				2.567,
				-30,
				1,
				2.778,
				-30,
				2.989,
				0,
				3.2,
				0
			]
		},
		{
			"Target": "Parameter",
			"Id": "ParamMouthForm",
			"Segments": [
				0,
				0,
				1,
				0.267,
				0,
				0.533,
				0,
				0.8,
				0,
				1,
				1.389,
				0,
				1.978,
				0,
				2.567,
				0,
				1,
				2.778,
				0,
				2.989,
				0,
				3.2,
				0
			]
		},
		{
			"Target": "Parameter",
			"Id": "ParamMouthOpenY",
			"Segments": [
				0,
				0,
				1,
				0.311,
				0,
				0.622,
				0.334,
				0.933,
				0.334,
				1,
				1.244,
				0.334,
				1.556,
				0.25,
				1.867,
				0.25,
				1,
				2.144,
				0.25,
				2.422,
				0.334,
				2.7,
				0.334,
				1,
				2.867,
				0.334,
				3.033,
				0,
				3.2,
				0
			]
		},
		{
			"Target": "Parameter",
			"Id": "Param57",
			"Segments": [
				0,
				0,
				1,
				0.267,
				0,
				0.533,
				0.8,
				0.8,
				0.8,
				1,
				1.389,
				0.8,
				1.978,
				0.8,
				2.567,
				0.8,
				1,
				2.778,
				0.8,
				2.989,
				0,
				3.2,
				0
			]
		},
		{
			"Target": "Parameter",
			"Id": "Param71",
			"Segments": [
				0,
				0,
				1,
				1.067,
				0,
				2.133,
				0,
				3.2,
				0
			]
		},
		{
			"Target": "Parameter",
			"Id": "Param78",
			"Segments": [
				0,
				0,
				1,
				1.067,
				0,
				2.133,
				0,
				3.2,
				0
			]
		},
		{
			"Target": "Parameter",
			"Id": "Param58",
			"Segments": [
				0,
				0,
				1,
				1.067,
				0,
				2.133,
				0,
				3.2,
				0
			]
		},
		{
			"Target": "Parameter",
			"Id": "Param67",
			"Segments": [
				0,
				0,
				1,
				1.067,
				0,
				2.133,
				0,
				3.2,
				0
			]
		},
		{
			"Target": "Parameter",
			"Id": "Param68",
			"Segments": [
				0,
				0,
				1,
				1.067,
				0,
				2.133,
				0,
				3.2,
				0
			]
		},
		{
			"Target": "Parameter",
			"Id": "Param69",
			"Segments": [
				0,
				1,
				1,
				1.067,
				1,
				2.133,
				1,
				3.2,
				1
			]
		},
		{
			"Target": "Parameter",
			"Id": "Param193",
			"Segments": [
				0,
				0,
				0,
				3.2,
				0
			]
		},
		{
			"Target": "Parameter",
			"Id": "Param197",
			"Segments": [
				0,
				0,
				0,
				3.2,
				0
			]
		},
		{
			"Target": "Parameter",
			"Id": "Param195",
			"Segments": [
				0,
				0,
				0,
				3.2,
				0
			]
		},
		{
			"Target": "Parameter",
			"Id": "Param181",
			"Segments": [
				0,
				0,
				0,
				3.2,
				0
			]
		},
		{
			"Target": "Parameter",
			"Id": "Param184",
			"Segments": [
				0,
				0,
				0,
				3.2,
				0
			]
		},
		{
			"Target": "Parameter",
			"Id": "Param182",
			"Segments": [
				0,
				0,
				0,
				3.2,
				0
			]
		},
		{
			"Target": "Parameter",
			"Id": "Param183",
			"Segments": [
				0,
				0,
				0,
				3.2,
				0
			]
		},
		{
			"Target": "Parameter",
			"Id": "Param188",
			"Segments": [
				0,
				0,
				0,
				3.2,
				0
			]
		},
		{
			"Target": "Parameter",
			"Id": "Param149",
			"Segments": [
				0,
				0,
				1,
				1.067,
				0,
				2.133,
				0,
				3.2,
				0
			]
		},
		{
			"Target": "Parameter",
			"Id": "Param172",
			"Segments": [
				0,
				0,
				0,
				3.2,
				0
			]
		},
		{
			"Target": "Parameter",
			"Id": "Param163",
			"Segments": [
				0,
				-30,
				1,
				1.067,
				-30,
				2.133,
				-30,
				3.2,
				-30
			]
		},
		{
			"Target": "Parameter",
			"Id": "Param164",
			"Segments": [
				0,
				-30,
				1,
				1.067,
				-30,
				2.133,
				-30,
				3.2,
				-30
			]
		},
		{
			"Target": "Parameter",
			"Id": "Param165",
			"Segments": [
				0,
				-30,
				1,
				1.067,
				-30,
				2.133,
				-30,
				3.2,
				-30
			]
		},
		{
			"Target": "Parameter",
			"Id": "Param150",
			"Segments": [
				0,
				0,
				1,
				1.067,
				0,
				2.133,
				0,
				3.2,
				0
			]
		},
		{
			"Target": "Parameter",
			"Id": "Param151",
			"Segments": [
				0,
				0,
				1,
				1.067,
				0,
				2.133,
				0,
				3.2,
				0
			]
		},
		{
			"Target": "Parameter",
			"Id": "Param159",
			"Segments": [
				0,
				1,
				1,
				1.067,
				1,
				2.133,
				1,
				3.2,
				1
			]
		},
		{
			"Target": "Parameter",
			"Id": "Param160",
			"Segments": [
				0,
				1,
				1,
				1.067,
				1,
				2.133,
				1,
				3.2,
				1
			]
		},
		{
			"Target": "Parameter",
			"Id": "Param147",
			"Segments": [
				0,
				-30,
				0,
				3.2,
				-30
			]
		},
		{
			"Target": "Parameter",
			"Id": "Param148",
			"Segments": [
				0,
				-30,
				0,
				3.2,
				-30
			]
		},
		{
			"Target": "Parameter",
			"Id": "Param146",
			"Segments": [
				0,
				0,
				1,
				1.067,
				0,
				2.133,
				0,
				3.2,
				0
			]
		},
		{
			"Target": "Parameter",
			"Id": "Param144",
			"Segments": [
				0,
				0,
				1,
				1.067,
				0,
				2.133,
				0,
				3.2,
				0
			]
		},
		{
			"Target": "Parameter",
			"Id": "Param161",
			"Segments": [
				0,
				-30,
				1,
				1.067,
				-30,
				2.133,
				-30,
				3.2,
				-30
			]
		},
		{
			"Target": "Parameter",
			"Id": "Param162",
			"Segments": [
				0,
				0,
				1,
				1.067,
				0,
				2.133,
				0,
				3.2,
				0
			]
		},
		{
			"Target": "Parameter",
			"Id": "Param143",
			"Segments": [
				0,
				0,
				1,
				0.267,
				0,
				0.533,
				0.8,
				0.8,
				0.8,
				1,
				1.389,
				0.8,
				1.978,
				0.8,
				2.567,
				0.8,
				1,
				2.778,
				0.8,
				2.989,
				0,
				3.2,
				0
			]
		},
		{
			"Target": "Parameter",
			"Id": "Param145",
			"Segments": [
				0,
				0,
				1,
				1.067,
				0,
				2.133,
				0,
				3.2,
				0
			]
		},
		{
			"Target": "Parameter",
			"Id": "Param152",
			"Segments": [
				0,
				-30,
				1,
				1.067,
				-30,
				2.133,
				-30,
				3.2,
				-30
			]
		},
		{
			"Target": "Parameter",
			"Id": "Param157",
			"Segments": [
				0,
				0,
				1,
				1.067,
				0,
				2.133,
				0,
				3.2,
				0
			]
		},
		{
			"Target": "Parameter",
			"Id": "Param158",
			"Segments": [
				0,
				-30,
				1,
				1.067,
				-30,
				2.133,
				-30,
				3.2,
				-30
			]
		},
		{
			"Target": "Parameter",
			"Id": "Param154",
			"Segments": [
				0,
				0,
				1,
				1.067,
				0,
				2.133,
				0,
				3.2,
				0
			]
		},
		{
			"Target": "Parameter",
			"Id": "Param153",
			"Segments": [
				0,
				-30,
				1,
				1.067,
				-30,
				2.133,
				-30,
				3.2,
				-30
			]
		},
		{
			"Target": "Parameter",
			"Id": "Param155",
			"Segments": [
				0,
				0,
				1,
				1.067,
				0,
				2.133,
				0,
				3.2,
				0
			]
		},
		{
			"Target": "Parameter",
			"Id": "Param156",
			"Segments": [
				0,
				-30,
				1,
				1.067,
				-30,
				2.133,
				-30,
				3.2,
				-30
			]
		},
		{
			"Target": "Parameter",
			"Id": "Param65",
			"Segments": [
				0,
				0,
				1,
				1.067,
				0,
				2.133,
				0,
				3.2,
				0
			]
		},
		{
			"Target": "Parameter",
			"Id": "Param141",
			"Segments": [
				0,
				0,
				1,
				1.067,
				0,
				2.133,
				0,
				3.2,
				0
			]
		},
		{
			"Target": "Parameter",
			"Id": "Param66",
			"Segments": [
				0,
				0,
				1,
				1.067,
				0,
				2.133,
				0,
				3.2,
				0
			]
		},
		{
			"Target": "Parameter",
			"Id": "Param142",
			"Segments": [
				0,
				0,
				1,
				1.067,
				0,
				2.133,
				0,
				3.2,
				0
			]
		},
		{
			"Target": "Parameter",
			"Id": "Param166",
			"Segments": [
				0,
				0,
				2,
				3.133,
				0,
				0,
				3.2,
				0
			]
		},
		{
			"Target": "Parameter",
			"Id": "Param61",
			"Segments": [
				0,
				0,
				1,
				1.067,
				0,
				2.133,
				0,
				3.2,
				0
			]
		},
		{
			"Target": "Parameter",
			"Id": "Param62",
			"Segments": [
				0,
				0,
				1,
				1.067,
				0,
				2.133,
				0,
				3.2,
				0
			]
		},
		{
			"Target": "Parameter",
			"Id": "Param81",
			"Segments": [
				0,
				0,
				1,
				1.067,
				0,
				2.133,
				0,
				3.2,
				0
			]
		},
		{
			"Target": "Parameter",
			"Id": "Param59",
			"Segments": [
				0,
				0,
				1,
				1.067,
				0,
				2.133,
				0,
				3.2,
				0
			]
		},
		{
			"Target": "Parameter",
			"Id": "Param60",
			"Segments": [
				0,
				0,
				1,
				1.067,
				0,
				2.133,
				0,
				3.2,
				0
			]
		},
		{
			"Target": "Parameter",
			"Id": "Param4",
			"Segments": [
				0,
				0,
				1,
				1.067,
				0,
				2.133,
				0,
				3.2,
				0
			]
		},
		{
			"Target": "Parameter",
			"Id": "Param51",
			"Segments": [
				0,
				0,
				1,
				1.067,
				0,
				2.133,
				0,
				3.2,
				0
			]
		},
		{
			"Target": "Parameter",
			"Id": "Param52",
			"Segments": [
				0,
				0,
				1,
				1.067,
				0,
				2.133,
				0,
				3.2,
				0
			]
		},
		{
			"Target": "Parameter",
			"Id": "Param53",
			"Segments": [
				0,
				0,
				1,
				1.067,
				0,
				2.133,
				0,
				3.2,
				0
			]
		},
		{
			"Target": "Parameter",
			"Id": "Param54",
			"Segments": [
				0,
				0,
				1,
				1.067,
				0,
				2.133,
				0,
				3.2,
				0
			]
		},
		{
			"Target": "Parameter",
			"Id": "Param55",
			"Segments": [
				0,
				0,
				1,
				1.067,
				0,
				2.133,
				0,
				3.2,
				0
			]
		},
		{
			"Target": "Parameter",
			"Id": "Param3",
			"Segments": [
				0,
				0,
				1,
				1.067,
				0,
				2.133,
				0,
				3.2,
				0
			]
		},
		{
			"Target": "Parameter",
			"Id": "Param79",
			"Segments": [
				0,
				0,
				1,
				1.067,
				0,
				2.133,
				0,
				3.2,
				0
			]
		},
		{
			"Target": "Parameter",
			"Id": "Param80",
			"Segments": [
				0,
				0,
				1,
				1.067,
				0,
				2.133,
				0,
				3.2,
				0
			]
		},
		{
			"Target": "Parameter",
			"Id": "Param87",
			"Segments": [
				0,
				0,
				1,
				1.067,
				0,
				2.133,
				0,
				3.2,
				0
			]
		},
		{
			"Target": "Parameter",
			"Id": "Param88",
			"Segments": [
				0,
				0,
				1,
				1.067,
				0,
				2.133,
				0,
				3.2,
				0
			]
		},
		{
			"Target": "Parameter",
			"Id": "Param132",
			"Segments": [
				0,
				0,
				1,
				1.067,
				0,
				2.133,
				0,
				3.2,
				0
			]
		},
		{
			"Target": "Parameter",
			"Id": "Param133",
			"Segments": [
				0,
				0,
				1,
				1.067,
				0,
				2.133,
				0,
				3.2,
				0
			]
		},
		{
			"Target": "Parameter",
			"Id": "Param178",
			"Segments": [
				0,
				0,
				0,
				3.2,
				0
			]
		},
		{
			"Target": "Parameter",
			"Id": "Param48",
			"Segments": [
				0,
				0,
				1,
				1.067,
				0,
				2.133,
				0,
				3.2,
				0
			]
		},
		{
			"Target": "Parameter",
			"Id": "Param63",
			"Segments": [
				0,
				0,
				1,
				1.067,
				0,
				2.133,
				0,
				3.2,
				0
			]
		},
		{
			"Target": "Parameter",
			"Id": "Param64",
			"Segments": [
				0,
				0,
				1,
				1.067,
				0,
				2.133,
				0,
				3.2,
				0
			]
		},
		{
			"Target": "Parameter",
			"Id": "Param127",
			"Segments": [
				0,
				0,
				1,
				1.067,
				0,
				2.133,
				0,
				3.2,
				0
			]
		},
		{
			"Target": "Parameter",
			"Id": "Param138",
			"Segments": [
				0,
				0,
				1,
				1.067,
				0,
				2.133,
				0,
				3.2,
				0
			]
		},
		{
			"Target": "Parameter",
			"Id": "Param125",
			"Segments": [
				0,
				0,
				1,
				1.067,
				0,
				2.133,
				0,
				3.2,
				0
			]
		},
		{
			"Target": "Parameter",
			"Id": "Param128",
			"Segments": [
				0,
				0,
				1,
				1.067,
				0,
				2.133,
				0,
				3.2,
				0
			]
		},
		{
			"Target": "Parameter",
			"Id": "Param126",
			"Segments": [
				0,
				0,
				0,
				3.2,
				0
			]
		},
		{
			"Target": "Parameter",
			"Id": "Param124",
			"Segments": [
				0,
				0,
				1,
				1.067,
				0,
				2.133,
				0,
				3.2,
				0
			]
		},
		{
			"Target": "Parameter",
			"Id": "Param179",
			"Segments": [
				0,
				0,
				0,
				3.2,
				0
			]
		},
		{
			"Target": "Parameter",
			"Id": "Param192",
			"Segments": [
				0,
				0,
				0,
				3.2,
				0
			]
		},
		{
			"Target": "Parameter",
			"Id": "Param189",
			"Segments": [
				0,
				0,
				0,
				3.2,
				0
			]
		},
		{
			"Target": "Parameter",
			"Id": "Param137",
			"Segments": [
				0,
				0,
				1,
				1.067,
				0,
				2.133,
				0,
				3.2,
				0
			]
		},
		{
			"Target": "Parameter",
			"Id": "Param46",
			"Segments": [
				0,
				0,
				1,
				1.067,
				0,
				2.133,
				0,
				3.2,
				0
			]
		},
		{
			"Target": "Parameter",
			"Id": "Param47",
			"Segments": [
				0,
				0,
				1,
				1.067,
				0,
				2.133,
				0,
				3.2,
				0
			]
		},
		{
			"Target": "Parameter",
			"Id": "Param196",
			"Segments": [
				0,
				0,
				0,
				3.2,
				0
			]
		},
		{
			"Target": "Parameter",
			"Id": "Param123",
			"Segments": [
				0,
				0,
				1,
				0.1,
				0,
				0.2,
				0,
				0.3,
				0,
				1,
				0.378,
				0,
				0.456,
				-1,
				0.533,
				-1,
				1,
				1.244,
				-1,
				1.956,
				-1,
				2.667,
				-1,
				1,
				2.767,
				-1,
				2.867,
				0,
				2.967,
				0,
				1,
				3.044,
				0,
				3.122,
				0,
				3.2,
				0
			]
		},
		{
			"Target": "Parameter",
			"Id": "Param134",
			"Segments": [
				0,
				0,
				1,
				1.067,
				0,
				2.133,
				0,
				3.2,
				0
			]
		},
		{
			"Target": "Parameter",
			"Id": "Param135",
			"Segments": [
				0,
				0,
				1,
				1.067,
				0,
				2.133,
				0,
				3.2,
				0
			]
		},
		{
			"Target": "Parameter",
			"Id": "Param136",
			"Segments": [
				0,
				0,
				1,
				1.067,
				0,
				2.133,
				0,
				3.2,
				0
			]
		},
		{
			"Target": "Parameter",
			"Id": "Param_Angle_Rotation5",
			"Segments": [
				0,
				-3.15,
				1,
				0.2,
				-2.682,
				0.4,
				-2.055,
				0.6,
				-2.055,
				1,
				0.9,
				-2.055,
				1.2,
				-4.38,
				1.5,
				-4.38,
				1,
				1.789,
				-4.38,
				2.078,
				-2.055,
				2.367,
				-2.055,
				1,
				2.644,
				-2.055,
				2.922,
				-3.15,
				3.2,
				-3.15
			]
		},
		{
			"Target": "Parameter",
			"Id": "Param_Angle_Rotation6",
			"Segments": [
				0,
				0.259,
				1,
				0.222,
				0.506,
				0.444,
				0.906,
				0.667,
				0.906,
				1,
				0.967,
				0.906,
				1.267,
				-0.767,
				1.567,
				-0.767,
				1,
				1.856,
				-0.767,
				2.144,
				0.906,
				2.433,
				0.906,
				1,
				2.689,
				0.906,
				2.944,
				0.259,
				3.2,
				0.259
			]
		},
		{
			"Target": "Parameter",
			"Id": "Param_Angle_Rotation7",
			"Segments": [
				0,
				1.362,
				1,
				0.067,
				1.362,
				0.133,
				-0.282,
				0.2,
				-0.282,
				1,
				0.389,
				-0.282,
				0.578,
				16.1,
				0.767,
				16.1,
				1,
				1.056,
				16.1,
				1.344,
				3.138,
				1.633,
				3.138,
				1,
				1.933,
				3.138,
				2.233,
				16.1,
				2.533,
				16.1,
				1,
				2.633,
				16.1,
				2.733,
				16.239,
				2.833,
				15.732,
				1,
				2.956,
				15.113,
				3.078,
				1.362,
				3.2,
				1.362
			]
		},
		{
			"Target": "Parameter",
			"Id": "Param_Angle_Rotation8",
			"Segments": [
				0,
				5.224,
				1,
				0.089,
				5.224,
				0.178,
				1,
				0.267,
				1,
				1,
				0.456,
				1,
				0.644,
				10.159,
				0.833,
				10.159,
				1,
				1.133,
				10.159,
				1.433,
				-0.918,
				1.733,
				-0.918,
				1,
				2.022,
				-0.918,
				2.311,
				10.159,
				2.6,
				10.159,
				1,
				2.7,
				10.159,
				2.8,
				10.248,
				2.9,
				9.533,
				1,
				3,
				8.819,
				3.1,
				5.224,
				3.2,
				5.224
			]
		},
		{
			"Target": "Parameter",
			"Id": "Param8",
			"Segments": [
				0,
				8.006,
				1,
				0.122,
				6.638,
				0.244,
				3.258,
				0.367,
				3.259,
				1,
				0.556,
				3.258,
				0.744,
				14.226,
				0.933,
				14.226,
				1,
				1.233,
				14.226,
				1.533,
				3.68,
				1.833,
				3.68,
				1,
				2.122,
				3.68,
				2.411,
				14.226,
				2.7,
				14.226,
				1,
				2.789,
				14.226,
				2.878,
				14.292,
				2.967,
				13.806,
				1,
				3.044,
				13.381,
				3.122,
				8.006,
				3.2,
				8.006
			]
		},
		{
			"Target": "Parameter",
			"Id": "Param10",
			"Segments": [
				0,
				1.701,
				1,
				0.267,
				3.168,
				0.533,
				6.28,
				0.8,
				6.28,
				1,
				1.089,
				6.28,
				1.378,
				3.19,
				1.667,
				3.19,
				1,
				1.967,
				3.19,
				2.267,
				6.28,
				2.567,
				6.28,
				1,
				2.778,
				6.28,
				2.989,
				1.701,
				3.2,
				1.701
			]
		},
		{
			"Target": "Parameter",
			"Id": "Param11",
			"Segments": [
				0,
				-1.443,
				1,
				0.289,
				0.752,
				0.578,
				5.068,
				0.867,
				5.068,
				1,
				1.156,
				5.068,
				1.444,
				-1.024,
				1.733,
				-1.024,
				1,
				2.033,
				-1.024,
				2.333,
				5.068,
				2.633,
				5.068,
				1,
				2.822,
				5.068,
				3.011,
				-1.443,
				3.2,
				-1.443
			]
		},
		{
			"Target": "Parameter",
			"Id": "Param12",
			"Segments": [
				0,
				-3.121,
				1,
				0.1,
				-3.214,
				0.2,
				-8,
				0.3,
				-8,
				1,
				0.522,
				-8,
				0.744,
				4.22,
				0.967,
				4.22,
				1,
				1.244,
				4.22,
				1.522,
				-4,
				1.8,
				-4,
				1,
				2.111,
				-4,
				2.422,
				4.22,
				2.733,
				4.22,
				1,
				2.8,
				4.22,
				2.867,
				4.392,
				2.933,
				3.582,
				1,
				3.022,
				2.503,
				3.111,
				-3.121,
				3.2,
				-3.121
			]
		},
		{
			"Target": "Parameter",
			"Id": "Param13",
			"Segments": [
				0,
				-9.832,
				1,
				0.122,
				-9.832,
				0.244,
				-12,
				0.367,
				-12,
				1,
				0.589,
				-12,
				0.811,
				-3.149,
				1.033,
				-3.149,
				1,
				1.322,
				-3.149,
				1.611,
				-11.836,
				1.9,
				-11.836,
				1,
				2.2,
				-11.836,
				2.5,
				-3.149,
				2.8,
				-3.149,
				1,
				2.856,
				-3.149,
				2.911,
				-2.991,
				2.967,
				-4,
				1,
				3.044,
				-5.413,
				3.122,
				-9.832,
				3.2,
				-9.832
			]
		},
		{
			"Target": "Parameter",
			"Id": "Param14",
			"Segments": [
				0,
				17.992,
				1,
				0.156,
				17.992,
				0.311,
				14,
				0.467,
				14,
				1,
				0.689,
				14,
				0.911,
				23.103,
				1.133,
				23.103,
				1,
				1.422,
				23.103,
				1.711,
				16.08,
				2,
				16.08,
				1,
				2.3,
				16.08,
				2.6,
				23.103,
				2.9,
				23.103,
				1,
				2.933,
				23.103,
				2.967,
				23.263,
				3,
				22.569,
				1,
				3.067,
				21.179,
				3.133,
				17.992,
				3.2,
				17.992
			]
		},
		{
			"Target": "Parameter",
			"Id": "Param6",
			"Segments": [
				0,
				7.81,
				1,
				0.233,
				1.626,
				0.467,
				-8.314,
				0.7,
				-8.314,
				1,
				0.978,
				-8.314,
				1.256,
				1.905,
				1.533,
				1.905,
				1,
				1.844,
				1.905,
				2.156,
				-8.314,
				2.467,
				-8.314,
				1,
				2.711,
				-8.314,
				2.956,
				7.81,
				3.2,
				7.81
			]
		},
		{
			"Target": "Parameter",
			"Id": "Param7",
			"Segments": [
				0,
				-1.584,
				1,
				0.3,
				-11.417,
				0.6,
				-16.054,
				0.9,
				-16.054,
				1,
				1.167,
				-16.054,
				1.433,
				-6.843,
				1.7,
				-6.843,
				1,
				2.022,
				-6.843,
				2.344,
				-16.054,
				2.667,
				-16.054,
				1,
				2.844,
				-16.054,
				3.022,
				-1.584,
				3.2,
				-1.584
			]
		},
		{
			"Target": "Parameter",
			"Id": "Param15",
			"Segments": [
				0,
				0.597,
				1,
				0.278,
				5.006,
				0.556,
				11.297,
				0.833,
				11.297,
				1,
				1.1,
				11.297,
				1.367,
				8.587,
				1.633,
				8.588,
				1,
				1.956,
				8.587,
				2.278,
				11.297,
				2.6,
				11.297,
				1,
				2.8,
				11.297,
				3,
				0.597,
				3.2,
				0.597
			]
		},
		{
			"Target": "Parameter",
			"Id": "Param16",
			"Segments": [
				0,
				-4.877,
				1,
				0.311,
				-0.268,
				0.622,
				3.939,
				0.933,
				3.939,
				1,
				1.2,
				3.939,
				1.467,
				0.216,
				1.733,
				0.216,
				1,
				2.056,
				0.216,
				2.378,
				3.939,
				2.7,
				3.939,
				1,
				2.867,
				3.939,
				3.033,
				-4.877,
				3.2,
				-4.877
			]
		},
		{
			"Target": "Parameter",
			"Id": "Param17",
			"Segments": [
				0,
				-0.898,
				1,
				0.233,
				2.691,
				0.467,
				9.692,
				0.7,
				9.692,
				1,
				0.978,
				9.692,
				1.256,
				6.427,
				1.533,
				6.427,
				1,
				1.844,
				6.427,
				2.156,
				9.692,
				2.467,
				9.692,
				1,
				2.711,
				9.692,
				2.956,
				-0.898,
				3.2,
				-0.898
			]
		},
		{
			"Target": "Parameter",
			"Id": "Param18",
			"Segments": [
				0,
				-6.337,
				1,
				0.267,
				-2.475,
				0.533,
				3.232,
				0.8,
				3.232,
				1,
				1.078,
				3.232,
				1.356,
				-0.122,
				1.633,
				-0.122,
				1,
				1.944,
				-0.122,
				2.256,
				3.232,
				2.567,
				3.232,
				1,
				2.778,
				3.232,
				2.989,
				-6.337,
				3.2,
				-6.337
			]
		},
		{
			"Target": "Parameter",
			"Id": "Param19",
			"Segments": [
				0,
				-1.778,
				1,
				0.311,
				2.802,
				0.622,
				8.876,
				0.933,
				8.876,
				1,
				1.211,
				8.876,
				1.489,
				6.235,
				1.767,
				6.235,
				1,
				2.078,
				6.235,
				2.389,
				8.876,
				2.7,
				8.876,
				1,
				2.867,
				8.876,
				3.033,
				-1.778,
				3.2,
				-1.778
			]
		},
		{
			"Target": "Parameter",
			"Id": "Param20",
			"Segments": [
				0,
				-7.029,
				1,
				0.344,
				-2.537,
				0.689,
				2.723,
				1.033,
				2.723,
				1,
				1.3,
				2.723,
				1.567,
				-0.588,
				1.833,
				-0.588,
				1,
				2.156,
				-0.588,
				2.478,
				2.723,
				2.8,
				2.723,
				1,
				2.933,
				2.723,
				3.067,
				-7.029,
				3.2,
				-7.029
			]
		},
		{
			"Target": "Parameter",
			"Id": "Param21",
			"Segments": [
				0,
				-2.647,
				1,
				0.333,
				1.901,
				0.667,
				8.339,
				1,
				8.339,
				1,
				1.278,
				8.339,
				1.556,
				2.942,
				1.833,
				2.942,
				1,
				2.144,
				2.942,
				2.456,
				8.339,
				2.767,
				8.339,
				1,
				2.911,
				8.339,
				3.056,
				-2.647,
				3.2,
				-2.647
			]
		},
		{
			"Target": "Parameter",
			"Id": "Param22",
			"Segments": [
				0,
				-7.397,
				1,
				0.367,
				-2.466,
				0.733,
				4.196,
				1.1,
				4.196,
				1,
				1.422,
				4.196,
				1.744,
				-2.222,
				2.067,
				-2.222,
				1,
				2.333,
				-2.222,
				2.6,
				4.196,
				2.867,
				4.196,
				1,
				2.978,
				4.196,
				3.089,
				-7.397,
				3.2,
				-7.397
			]
		},
		{
			"Target": "Parameter",
			"Id": "Param23",
			"Segments": [
				0,
				-4.647,
				1,
				0.267,
				-1.039,
				0.533,
				5.49,
				0.8,
				5.49,
				1,
				1.067,
				5.49,
				1.333,
				0.294,
				1.6,
				0.294,
				1,
				1.922,
				0.294,
				2.244,
				5.49,
				2.567,
				5.49,
				1,
				2.778,
				5.49,
				2.989,
				-4.647,
				3.2,
				-4.647
			]
		},
		{
			"Target": "Parameter",
			"Id": "Param24",
			"Segments": [
				0,
				-13.284,
				1,
				0.3,
				-8.306,
				0.6,
				1.421,
				0.9,
				1.421,
				1,
				1.211,
				1.421,
				1.522,
				-7.09,
				1.833,
				-7.09,
				1,
				2.111,
				-7.09,
				2.389,
				1.421,
				2.667,
				1.421,
				1,
				2.844,
				1.421,
				3.022,
				-13.284,
				3.2,
				-13.284
			]
		},
		{
			"Target": "Parameter",
			"Id": "Param25",
			"Segments": [
				0,
				-20.52,
				1,
				0.2,
				-12.073,
				0.4,
				-3.265,
				0.6,
				-3.265,
				1,
				0.867,
				-3.265,
				1.133,
				-28.464,
				1.4,
				-28.464,
				1,
				1.722,
				-28.464,
				2.044,
				-3.265,
				2.367,
				-3.265,
				1,
				2.644,
				-3.265,
				2.922,
				-20.52,
				3.2,
				-20.52
			]
		},
		{
			"Target": "Parameter",
			"Id": "Param31",
			"Segments": [
				0,
				-17.787,
				1,
				0.233,
				-17.787,
				0.467,
				3.482,
				0.7,
				3.482,
				1,
				0.967,
				3.482,
				1.233,
				-24.884,
				1.5,
				-24.884,
				1,
				1.822,
				-24.884,
				2.144,
				3.482,
				2.467,
				3.482,
				1,
				2.711,
				3.482,
				2.956,
				-17.787,
				3.2,
				-17.787
			]
		},
		{
			"Target": "Parameter",
			"Id": "Param26",
			"Segments": [
				0,
				15.684,
				1,
				0.278,
				15.684,
				0.556,
				27.695,
				0.833,
				27.695,
				1,
				1.1,
				27.695,
				1.367,
				-1.888,
				1.633,
				-1.888,
				1,
				1.956,
				-1.888,
				2.278,
				27.695,
				2.6,
				27.695,
				1,
				2.8,
				27.695,
				3,
				15.684,
				3.2,
				15.684
			]
		},
		{
			"Target": "Parameter",
			"Id": "Param32",
			"Segments": [
				0,
				11.179,
				1,
				0.311,
				21.851,
				0.622,
				25.107,
				0.933,
				25.107,
				1,
				1.2,
				25.107,
				1.467,
				-3.817,
				1.733,
				-3.817,
				1,
				2.056,
				-3.817,
				2.378,
				25.107,
				2.7,
				25.107,
				1,
				2.867,
				25.107,
				3.033,
				11.179,
				3.2,
				11.179
			]
		},
		{
			"Target": "Parameter",
			"Id": "Param27",
			"Segments": [
				0,
				-7.945,
				1,
				0.233,
				-7.945,
				0.467,
				6.674,
				0.7,
				6.674,
				1,
				0.967,
				6.674,
				1.233,
				-19.155,
				1.5,
				-19.155,
				1,
				1.822,
				-19.155,
				2.144,
				6.674,
				2.467,
				6.674,
				1,
				2.711,
				6.674,
				2.956,
				-7.945,
				3.2,
				-7.945
			]
		},
		{
			"Target": "Parameter",
			"Id": "Param29",
			"Segments": [
				0,
				1.942,
				1,
				0.267,
				1.942,
				0.533,
				15,
				0.8,
				15,
				1,
				1.067,
				15,
				1.333,
				-11.317,
				1.6,
				-11.317,
				1,
				1.922,
				-11.317,
				2.244,
				15,
				2.567,
				15,
				1,
				2.778,
				15,
				2.989,
				1.942,
				3.2,
				1.942
			]
		},
		{
			"Target": "Parameter",
			"Id": "Param28",
			"Segments": [
				0,
				10.922,
				1,
				0.3,
				21.954,
				0.6,
				24.107,
				0.9,
				24.107,
				1,
				1.167,
				24.107,
				1.433,
				-7.3,
				1.7,
				-7.3,
				1,
				2.022,
				-7.3,
				2.344,
				24.107,
				2.667,
				24.107,
				1,
				2.844,
				24.107,
				3.022,
				10.922,
				3.2,
				10.922
			]
		},
		{
			"Target": "Parameter",
			"Id": "Param30",
			"Segments": [
				0,
				-1.141,
				1,
				0.333,
				10.708,
				0.667,
				13.856,
				1,
				13.857,
				1,
				1.267,
				13.856,
				1.533,
				-17.597,
				1.8,
				-17.597,
				1,
				2.122,
				-17.597,
				2.444,
				13.856,
				2.767,
				13.857,
				1,
				2.911,
				13.856,
				3.056,
				-1.141,
				3.2,
				-1.141
			]
		},
		{
			"Target": "Parameter",
			"Id": "Param42",
			"Segments": [
				0,
				-10.929,
				1,
				0.233,
				-10.929,
				0.467,
				-1.557,
				0.7,
				-1.557,
				1,
				0.978,
				-1.557,
				1.256,
				-17.081,
				1.533,
				-17.081,
				1,
				1.844,
				-17.081,
				2.156,
				-1.557,
				2.467,
				-1.557,
				1,
				2.711,
				-1.557,
				2.956,
				-10.929,
				3.2,
				-10.929
			]
		},
		{
			"Target": "Parameter",
			"Id": "Param43",
			"Segments": [
				0,
				0,
				1,
				1.067,
				0,
				2.133,
				0,
				3.2,
				0
			]
		},
		{
			"Target": "Parameter",
			"Id": "Param44",
			"Segments": [
				0,
				-10.929,
				1,
				0.256,
				-16.04,
				0.511,
				-15.65,
				0.767,
				-15.65,
				1,
				1.033,
				-15.65,
				1.3,
				-2.788,
				1.567,
				-2.788,
				1,
				1.889,
				-2.788,
				2.211,
				-15.65,
				2.533,
				-15.65,
				1,
				2.756,
				-15.65,
				2.978,
				-10.929,
				3.2,
				-10.929
			]
		},
		{
			"Target": "Parameter",
			"Id": "Param45",
			"Segments": [
				0,
				0,
				1,
				1.067,
				0,
				2.133,
				0,
				3.2,
				0
			]
		},
		{
			"Target": "Parameter",
			"Id": "Param167",
			"Segments": [
				0,
				0,
				0,
				3.2,
				0
			]
		},
		{
			"Target": "Parameter",
			"Id": "Param194",
			"Segments": [
				0,
				0,
				0,
				3.2,
				0
			]
		},
		{
			"Target": "Parameter",
			"Id": "Param190",
			"Segments": [
				0,
				0,
				0,
				3.2,
				0
			]
		},
		{
			"Target": "Parameter",
			"Id": "Param185",
			"Segments": [
				0,
				0,
				0,
				3.2,
				0
			]
		},
		{
			"Target": "Parameter",
			"Id": "Param186",
			"Segments": [
				0,
				0,
				0,
				3.2,
				0
			]
		},
		{
			"Target": "Parameter",
			"Id": "Param187",
			"Segments": [
				0,
				0,
				0,
				3.2,
				0
			]
		},
		{
			"Target": "Parameter",
			"Id": "fajiafaguang",
			"Segments": [
				0,
				0,
				1,
				1.067,
				0,
				2.133,
				0,
				3.2,
				0
			]
		},
		{
			"Target": "Parameter",
			"Id": "Param70",
			"Segments": [
				0,
				0,
				1,
				1.067,
				0,
				2.133,
				0,
				3.2,
				0
			]
		},
		{
			"Target": "Parameter",
			"Id": "Param9",
			"Segments": [
				0,
				0,
				1,
				1.067,
				0,
				2.133,
				0,
				3.2,
				0
			]
		},
		{
			"Target": "Parameter",
			"Id": "Param72",
			"Segments": [
				0,
				0,
				1,
				0.322,
				0,
				0.644,
				8,
				0.967,
				8,
				1,
				1.556,
				8,
				2.144,
				8,
				2.733,
				8,
				1,
				2.889,
				8,
				3.044,
				0,
				3.2,
				0
			]
		},
		{
			"Target": "Parameter",
			"Id": "Param73",
			"Segments": [
				0,
				1.948,
				1,
				0.278,
				5.332,
				0.556,
				6.627,
				0.833,
				6.627,
				1,
				1.144,
				6.627,
				1.456,
				6.12,
				1.767,
				6.12,
				1,
				2.044,
				6.12,
				2.322,
				6.627,
				2.6,
				6.627,
				1,
				2.8,
				6.627,
				3,
				1.948,
				3.2,
				1.948
			]
		},
		{
			"Target": "Parameter",
			"Id": "Param77",
			"Segments": [
				0,
				0,
				1,
				0.3,
				0,
				0.6,
				7,
				0.9,
				7,
				1,
				1.211,
				7,
				1.522,
				6.379,
				1.833,
				6.379,
				1,
				2.111,
				6.379,
				2.389,
				7,
				2.667,
				7,
				1,
				2.844,
				7,
				3.022,
				0,
				3.2,
				0
			]
		},
		{
			"Target": "Parameter",
			"Id": "Param119",
			"Segments": [
				0,
				0,
				1,
				1.067,
				0,
				2.133,
				0,
				3.2,
				0
			]
		},
		{
			"Target": "Parameter",
			"Id": "Param120",
			"Segments": [
				0,
				0,
				1,
				1.067,
				0,
				2.133,
				0,
				3.2,
				0
			]
		},
		{
			"Target": "Parameter",
			"Id": "Param56",
			"Segments": [
				0,
				0,
				1,
				1.067,
				0,
				2.133,
				0,
				3.2,
				0
			]
		},
		{
			"Target": "Parameter",
			"Id": "Param74",
			"Segments": [
				0,
				0,
				1,
				0.356,
				0,
				0.711,
				9,
				1.067,
				9,
				1,
				1.656,
				9,
				2.244,
				9,
				2.833,
				9,
				1,
				2.956,
				9,
				3.078,
				0,
				3.2,
				0
			]
		},
		{
			"Target": "Parameter",
			"Id": "Param75",
			"Segments": [
				0,
				2.709,
				1,
				0.311,
				2.709,
				0.622,
				9,
				0.933,
				9,
				1,
				1.244,
				9,
				1.556,
				8.131,
				1.867,
				8.13,
				1,
				2.144,
				8.131,
				2.422,
				9,
				2.7,
				9,
				1,
				2.867,
				9,
				3.033,
				2.709,
				3.2,
				2.709
			]
		},
		{
			"Target": "Parameter",
			"Id": "Param76",
			"Segments": [
				0,
				0,
				1,
				0.333,
				0,
				0.667,
				-20,
				1,
				-20,
				1,
				1.311,
				-20,
				1.622,
				-18.193,
				1.933,
				-18.193,
				1,
				2.211,
				-18.193,
				2.489,
				-20,
				2.767,
				-20,
				1,
				2.911,
				-20,
				3.056,
				0,
				3.2,
				0
			]
		},
		{
			"Target": "Parameter",
			"Id": "Param118",
			"Segments": [
				0,
				0,
				1,
				1.067,
				0,
				2.133,
				0,
				3.2,
				0
			]
		},
		{
			"Target": "Parameter",
			"Id": "Param33",
			"Segments": [
				0,
				0,
				1,
				1.067,
				0,
				2.133,
				0,
				3.2,
				0
			]
		},
		{
			"Target": "Parameter",
			"Id": "Param34",
			"Segments": [
				0,
				0,
				1,
				1.067,
				0,
				2.133,
				0,
				3.2,
				0
			]
		},
		{
			"Target": "Parameter",
			"Id": "Param35",
			"Segments": [
				0,
				0,
				1,
				1.067,
				0,
				2.133,
				0,
				3.2,
				0
			]
		},
		{
			"Target": "Parameter",
			"Id": "Param36",
			"Segments": [
				0,
				0,
				1,
				1.067,
				0,
				2.133,
				0,
				3.2,
				0
			]
		},
		{
			"Target": "Parameter",
			"Id": "Param89",
			"Segments": [
				0,
				0,
				1,
				1.067,
				0,
				2.133,
				0,
				3.2,
				0
			]
		},
		{
			"Target": "Parameter",
			"Id": "Param90",
			"Segments": [
				0,
				0,
				1,
				1.067,
				0,
				2.133,
				0,
				3.2,
				0
			]
		},
		{
			"Target": "Parameter",
			"Id": "Param91",
			"Segments": [
				0,
				-30,
				1,
				1.067,
				-30,
				2.133,
				-30,
				3.2,
				-30
			]
		},
		{
			"Target": "Parameter",
			"Id": "Param92",
			"Segments": [
				0,
				0,
				1,
				1.067,
				0,
				2.133,
				0,
				3.2,
				0
			]
		},
		{
			"Target": "Parameter",
			"Id": "Param93",
			"Segments": [
				0,
				0,
				1,
				1.067,
				0,
				2.133,
				0,
				3.2,
				0
			]
		},
		{
			"Target": "Parameter",
			"Id": "Param94",
			"Segments": [
				0,
				0,
				1,
				1.067,
				0,
				2.133,
				0,
				3.2,
				0
			]
		},
		{
			"Target": "Parameter",
			"Id": "Param95",
			"Segments": [
				0,
				0,
				1,
				1.067,
				0,
				2.133,
				0,
				3.2,
				0
			]
		},
		{
			"Target": "Parameter",
			"Id": "Param96",
			"Segments": [
				0,
				0,
				1,
				1.067,
				0,
				2.133,
				0,
				3.2,
				0
			]
		},
		{
			"Target": "Parameter",
			"Id": "Param98",
			"Segments": [
				0,
				0,
				1,
				1.067,
				0,
				2.133,
				0,
				3.2,
				0
			]
		},
		{
			"Target": "Parameter",
			"Id": "Param99",
			"Segments": [
				0,
				0,
				1,
				1.067,
				0,
				2.133,
				0,
				3.2,
				0
			]
		},
		{
			"Target": "Parameter",
			"Id": "Param100",
			"Segments": [
				0,
				0,
				1,
				1.067,
				0,
				2.133,
				0,
				3.2,
				0
			]
		},
		{
			"Target": "Parameter",
			"Id": "Param101",
			"Segments": [
				0,
				0,
				1,
				1.067,
				0,
				2.133,
				0,
				3.2,
				0
			]
		},
		{
			"Target": "Parameter",
			"Id": "Param102",
			"Segments": [
				0,
				0,
				1,
				1.067,
				0,
				2.133,
				0,
				3.2,
				0
			]
		},
		{
			"Target": "Parameter",
			"Id": "Param103",
			"Segments": [
				0,
				0,
				1,
				1.067,
				0,
				2.133,
				0,
				3.2,
				0
			]
		},
		{
			"Target": "Parameter",
			"Id": "Param97",
			"Segments": [
				0,
				-30,
				1,
				1.067,
				-30,
				2.133,
				-30,
				3.2,
				-30
			]
		},
		{
			"Target": "Parameter",
			"Id": "Param112",
			"Segments": [
				0,
				0,
				1,
				1.067,
				0,
				2.133,
				0,
				3.2,
				0
			]
		},
		{
			"Target": "Parameter",
			"Id": "Param113",
			"Segments": [
				0,
				0,
				1,
				1.067,
				0,
				2.133,
				0,
				3.2,
				0
			]
		},
		{
			"Target": "Parameter",
			"Id": "Param114",
			"Segments": [
				0,
				0,
				1,
				1.067,
				0,
				2.133,
				0,
				3.2,
				0
			]
		},
		{
			"Target": "Parameter",
			"Id": "Param115",
			"Segments": [
				0,
				0,
				1,
				1.067,
				0,
				2.133,
				0,
				3.2,
				0
			]
		},
		{
			"Target": "Parameter",
			"Id": "Param116",
			"Segments": [
				0,
				0,
				1,
				1.067,
				0,
				2.133,
				0,
				3.2,
				0
			]
		},
		{
			"Target": "Parameter",
			"Id": "Param117",
			"Segments": [
				0,
				0,
				1,
				1.067,
				0,
				2.133,
				0,
				3.2,
				0
			]
		},
		{
			"Target": "Parameter",
			"Id": "Param105",
			"Segments": [
				0,
				-30,
				1,
				1.067,
				-30,
				2.133,
				-30,
				3.2,
				-30
			]
		},
		{
			"Target": "Parameter",
			"Id": "Param106",
			"Segments": [
				0,
				0,
				1,
				1.067,
				0,
				2.133,
				0,
				3.2,
				0
			]
		},
		{
			"Target": "Parameter",
			"Id": "Param107",
			"Segments": [
				0,
				0,
				1,
				1.067,
				0,
				2.133,
				0,
				3.2,
				0
			]
		},
		{
			"Target": "Parameter",
			"Id": "Param108",
			"Segments": [
				0,
				0,
				1,
				1.067,
				0,
				2.133,
				0,
				3.2,
				0
			]
		},
		{
			"Target": "Parameter",
			"Id": "Param109",
			"Segments": [
				0,
				0,
				1,
				1.067,
				0,
				2.133,
				0,
				3.2,
				0
			]
		},
		{
			"Target": "Parameter",
			"Id": "Param110",
			"Segments": [
				0,
				0,
				1,
				1.067,
				0,
				2.133,
				0,
				3.2,
				0
			]
		},
		{
			"Target": "Parameter",
			"Id": "Param111",
			"Segments": [
				0,
				0,
				1,
				1.067,
				0,
				2.133,
				0,
				3.2,
				0
			]
		},
		{
			"Target": "Parameter",
			"Id": "Param104",
			"Segments": [
				0,
				-30,
				1,
				1.067,
				-30,
				2.133,
				-30,
				3.2,
				-30
			]
		},
		{
			"Target": "Parameter",
			"Id": "daimao",
			"Segments": [
				0,
				0,
				0,
				3.2,
				0
			]
		},
		{
			"Target": "Parameter",
			"Id": "Param168",
			"Segments": [
				0,
				0,
				0,
				3.2,
				0
			]
		},
		{
			"Target": "Parameter",
			"Id": "Param169",
			"Segments": [
				0,
				0,
				0,
				3.2,
				0
			]
		},
		{
			"Target": "Parameter",
			"Id": "Param173",
			"Segments": [
				0,
				0,
				0,
				3.2,
				0
			]
		},
		{
			"Target": "Parameter",
			"Id": "Param174",
			"Segments": [
				0,
				0,
				0,
				3.2,
				0
			]
		},
		{
			"Target": "Parameter",
			"Id": "Param175",
			"Segments": [
				0,
				0,
				0,
				3.2,
				0
			]
		},
		{
			"Target": "Parameter",
			"Id": "Param176",
			"Segments": [
				0,
				0,
				0,
				3.2,
				0
			]
		},
		{
			"Target": "Parameter",
			"Id": "Param177",
			"Segments": [
				0,
				0,
				0,
				3.2,
				0
			]
		},
		{
			"Target": "Parameter",
			"Id": "Param140",
			"Segments": [
				0,
				0,
				1,
				1.067,
				0,
				2.133,
				0,
				3.2,
				0
			]
		},
		{
			"Target": "Parameter",
			"Id": "ParamAngleX",
			"Segments": [
				0,
				0.497,
				1,
				1.067,
				0.497,
				2.133,
				0.497,
				3.2,
				0.497
			]
		},
		{
			"Target": "Parameter",
			"Id": "ParamAngleY",
			"Segments": [
				0,
				-1.019,
				1,
				0.144,
				-1.019,
				0.289,
				-9,
				0.433,
				-9,
				1,
				0.578,
				-9,
				0.722,
				9,
				0.867,
				9,
				1,
				1.178,
				9,
				1.489,
				8,
				1.8,
				8,
				1,
				2.078,
				8,
				2.356,
				9,
				2.633,
				9,
				1,
				2.822,
				9,
				3.011,
				-1.019,
				3.2,
				-1.019
			]
		},
		{
			"Target": "Parameter",
			"Id": "ParamAngleZ",
			"Segments": [
				0,
				0.398,
				1,
				0.333,
				0.398,
				0.667,
				-15,
				1,
				-15,
				1,
				1.311,
				-15,
				1.622,
				-14,
				1.933,
				-14,
				1,
				2.211,
				-14,
				2.489,
				-15,
				2.767,
				-15,
				1,
				2.911,
				-15,
				3.056,
				0.398,
				3.2,
				0.398
			]
		},
		{
			"Target": "Parameter",
			"Id": "Param82",
			"Segments": [
				0,
				0,
				1,
				1.067,
				0,
				2.133,
				0,
				3.2,
				0
			]
		},
		{
			"Target": "Parameter",
			"Id": "Param83",
			"Segments": [
				0,
				0,
				1,
				1.067,
				0,
				2.133,
				0,
				3.2,
				0
			]
		},
		{
			"Target": "Parameter",
			"Id": "ParamBrowLX",
			"Segments": [
				0,
				0,
				1,
				1.067,
				0,
				2.133,
				0,
				3.2,
				0
			]
		},
		{
			"Target": "Parameter",
			"Id": "ParamBrowRX",
			"Segments": [
				0,
				0,
				1,
				1.067,
				0,
				2.133,
				0,
				3.2,
				0
			]
		},
		{
			"Target": "Parameter",
			"Id": "ParamBrowLAngle",
			"Segments": [
				0,
				0,
				1,
				1.067,
				0,
				2.133,
				0,
				3.2,
				0
			]
		},
		{
			"Target": "Parameter",
			"Id": "ParamBrowRAngle",
			"Segments": [
				0,
				0,
				1,
				1.067,
				0,
				2.133,
				0,
				3.2,
				0
			]
		},
		{
			"Target": "Parameter",
			"Id": "ParamCheek",
			"Segments": [
				0,
				0,
				1,
				1.067,
				0,
				2.133,
				0,
				3.2,
				0
			]
		},
		{
			"Target": "Parameter",
			"Id": "ParamBodyAngleX",
			"Segments": [
				0,
				0.099,
				1,
				1.067,
				0.099,
				2.133,
				0.099,
				3.2,
				0.099
			]
		},
		{
			"Target": "Parameter",
			"Id": "ParamBodyAngleY",
			"Segments": [
				0,
				3,
				1,
				0.122,
				3,
				0.244,
				-1,
				0.367,
				-1,
				1,
				0.511,
				-1,
				0.656,
				5,
				0.8,
				5,
				1,
				1.111,
				5,
				1.422,
				3.969,
				1.733,
				3.969,
				1,
				2.011,
				3.969,
				2.289,
				5,
				2.567,
				5,
				1,
				2.778,
				5,
				2.989,
				3,
				3.2,
				3
			]
		},
		{
			"Target": "Parameter",
			"Id": "ParamBodyAngleZ",
			"Segments": [
				0,
				0.344,
				1,
				0.3,
				1.382,
				0.6,
				9,
				0.9,
				9,
				1,
				1.211,
				9,
				1.522,
				8.671,
				1.833,
				8.671,
				1,
				2.111,
				8.671,
				2.389,
				9,
				2.667,
				9,
				1,
				2.844,
				9,
				3.022,
				0.344,
				3.2,
				0.344
			]
		},
		{
			"Target": "Parameter",
			"Id": "ParamHairFront",
			"Segments": [
				0,
				0,
				1,
				1.067,
				0,
				2.133,
				0,
				3.2,
				0
			]
		},
		{
			"Target": "Parameter",
			"Id": "ParamHairSide",
			"Segments": [
				0,
				0,
				1,
				1.067,
				0,
				2.133,
				0,
				3.2,
				0
			]
		},
		{
			"Target": "Parameter",
			"Id": "ParamHairBack",
			"Segments": [
				0,
				0,
				1,
				1.067,
				0,
				2.133,
				0,
				3.2,
				0
			]
		},
		{
			"Target": "Parameter",
			"Id": "Param37",
			"Segments": [
				0,
				0,
				1,
				1.067,
				0,
				2.133,
				0,
				3.2,
				0
			]
		},
		{
			"Target": "Parameter",
			"Id": "Param122",
			"Segments": [
				0,
				0,
				1,
				1.067,
				0,
				2.133,
				0,
				3.2,
				0
			]
		},
		{
			"Target": "Parameter",
			"Id": "Param198pp",
			"Segments": [
				0,
				-30,
				0,
				3.2,
				-30
			]
		},
		{
			"Target": "Parameter",
			"Id": "Param199pp",
			"Segments": [
				0,
				-30,
				0,
				3.2,
				-30
			]
		},
		{
			"Target": "Parameter",
			"Id": "Param200pp",
			"Segments": [
				0,
				0,
				0,
				3.2,
				0
			]
		},
		{
			"Target": "Parameter",
			"Id": "Param201pp",
			"Segments": [
				0,
				0,
				0,
				3.2,
				0
			]
		},
		{
			"Target": "Parameter",
			"Id": "Param202pp",
			"Segments": [
				0,
				0,
				0,
				3.2,
				0
			]
		},
		{
			"Target": "Parameter",
			"Id": "Param203pp",
			"Segments": [
				0,
				0,
				0,
				3.2,
				0
			]
		},
		{
			"Target": "Parameter",
			"Id": "Param204pp",
			"Segments": [
				0,
				0,
				0,
				3.2,
				0
			]
		},
		{
			"Target": "Parameter",
			"Id": "Param205pp",
			"Segments": [
				0,
				0,
				0,
				3.2,
				0
			]
		},
		{
			"Target": "Parameter",
			"Id": "Param206pp",
			"Segments": [
				0,
				0,
				0,
				3.2,
				0
			]
		},
		{
			"Target": "Parameter",
			"Id": "Param207pp",
			"Segments": [
				0,
				0,
				0,
				3.2,
				0
			]
		},
		{
			"Target": "Parameter",
			"Id": "Param208pp",
			"Segments": [
				0,
				0,
				0,
				3.2,
				0
			]
		},
		{
			"Target": "Parameter",
			"Id": "Param209pp",
			"Segments": [
				0,
				0,
				0,
				3.2,
				0
			]
		},
		{
			"Target": "Parameter",
			"Id": "Param210pp",
			"Segments": [
				0,
				0,
				0,
				3.2,
				0
			]
		},
		{
			"Target": "Parameter",
			"Id": "Param211pp",
			"Segments": [
				0,
				0,
				0,
				3.2,
				0
			]
		},
		{
			"Target": "Parameter",
			"Id": "Param212pp",
			"Segments": [
				0,
				0,
				0,
				3.2,
				0
			]
		},
		{
			"Target": "Parameter",
			"Id": "Param213pp",
			"Segments": [
				0,
				0,
				0,
				3.2,
				0
			]
		},
		{
			"Target": "Parameter",
			"Id": "Param214pp",
			"Segments": [
				0,
				0,
				0,
				3.2,
				0
			]
		},
		{
			"Target": "Parameter",
			"Id": "Param215pp",
			"Segments": [
				0,
				0,
				0,
				3.2,
				0
			]
		},
		{
			"Target": "Parameter",
			"Id": "Param216pp",
			"Segments": [
				0,
				0,
				0,
				3.2,
				0
			]
		},
		{
			"Target": "Parameter",
			"Id": "Param217pp",
			"Segments": [
				0,
				0,
				0,
				3.2,
				0
			]
		},
		{
			"Target": "PartOpacity",
			"Id": "Part52",
			"Segments": [
				0,
				1,
				0,
				3,
				1,
				0,
				3.2,
				1
			]
		},
		{
			"Target": "PartOpacity",
			"Id": "Part40",
			"Segments": [
				0,
				1,
				0,
				3,
				1,
				0,
				3.2,
				1
			]
		},
		{
			"Target": "PartOpacity",
			"Id": "Part44",
			"Segments": [
				0,
				1,
				0,
				3,
				1,
				0,
				3.2,
				1
			]
		},
		{
			"Target": "PartOpacity",
			"Id": "Part45",
			"Segments": [
				0,
				1,
				0,
				3,
				1,
				0,
				3.2,
				1
			]
		},
		{
			"Target": "PartOpacity",
			"Id": "Part53",
			"Segments": [
				0,
				1,
				0,
				3,
				1,
				0,
				3.2,
				1
			]
		},
		{
			"Target": "PartOpacity",
			"Id": "Part41",
			"Segments": [
				0,
				1,
				0,
				3,
				1,
				0,
				3.2,
				1
			]
		},
		{
			"Target": "PartOpacity",
			"Id": "Part43",
			"Segments": [
				0,
				1,
				0,
				3.2,
				1
			]
		},
		{
			"Target": "PartOpacity",
			"Id": "Part39",
			"Segments": [
				0,
				1,
				2,
				3.2,
				1
			]
		},
		{
			"Target": "PartOpacity",
			"Id": "Part37",
			"Segments": [
				0,
				1,
				2,
				3.2,
				1
			]
		},
		{
			"Target": "PartOpacity",
			"Id": "Part36",
			"Segments": [
				0,
				1,
				2,
				3.2,
				1
			]
		},
		{
			"Target": "PartOpacity",
			"Id": "Part5",
			"Segments": [
				0,
				1,
				2,
				3.2,
				1
			]
		},
		{
			"Target": "PartOpacity",
			"Id": "Part2",
			"Segments": [
				0,
				1,
				2,
				3.2,
				1
			]
		},
		{
			"Target": "PartOpacity",
			"Id": "Part3",
			"Segments": [
				0,
				1,
				2,
				3.2,
				1
			]
		},
		{
			"Target": "PartOpacity",
			"Id": "Part6",
			"Segments": [
				0,
				1,
				2,
				3.2,
				1
			]
		},
		{
			"Target": "PartOpacity",
			"Id": "Part4",
			"Segments": [
				0,
				1,
				2,
				3.2,
				1
			]
		},
		{
			"Target": "PartOpacity",
			"Id": "Part",
			"Segments": [
				0,
				1,
				2,
				3.2,
				1
			]
		},
		{
			"Target": "PartOpacity",
			"Id": "Part31",
			"Segments": [
				0,
				1,
				2,
				3.2,
				1
			]
		},
		{
			"Target": "PartOpacity",
			"Id": "Part29",
			"Segments": [
				0,
				1,
				2,
				3.2,
				1
			]
		},
		{
			"Target": "PartOpacity",
			"Id": "Part13",
			"Segments": [
				0,
				1,
				2,
				3.2,
				1
			]
		},
		{
			"Target": "PartOpacity",
			"Id": "Part14",
			"Segments": [
				0,
				1,
				2,
				3.2,
				1
			]
		},
		{
			"Target": "PartOpacity",
			"Id": "Part15",
			"Segments": [
				0,
				1,
				2,
				3.2,
				1
			]
		},
		{
			"Target": "PartOpacity",
			"Id": "Part11",
			"Segments": [
				0,
				1,
				2,
				3.2,
				1
			]
		},
		{
			"Target": "PartOpacity",
			"Id": "Part12",
			"Segments": [
				0,
				1,
				2,
				3.2,
				1
			]
		},
		{
			"Target": "PartOpacity",
			"Id": "Part16",
			"Segments": [
				0,
				1,
				2,
				3.2,
				1
			]
		},
		{
			"Target": "PartOpacity",
			"Id": "Part30",
			"Segments": [
				0,
				1,
				2,
				3.2,
				1
			]
		},
		{
			"Target": "PartOpacity",
			"Id": "Part17",
			"Segments": [
				0,
				1,
				2,
				3.2,
				1
			]
		},
		{
			"Target": "PartOpacity",
			"Id": "Part18",
			"Segments": [
				0,
				1,
				2,
				3.2,
				1
			]
		},
		{
			"Target": "PartOpacity",
			"Id": "Part28",
			"Segments": [
				0,
				1,
				2,
				3.2,
				1
			]
		},
		{
			"Target": "PartOpacity",
			"Id": "Part19",
			"Segments": [
				0,
				1,
				2,
				3.2,
				1
			]
		},
		{
			"Target": "PartOpacity",
			"Id": "Part20",
			"Segments": [
				0,
				1,
				2,
				3.2,
				1
			]
		},
		{
			"Target": "PartOpacity",
			"Id": "Part33",
			"Segments": [
				0,
				1,
				2,
				3.2,
				1
			]
		},
		{
			"Target": "PartOpacity",
			"Id": "Part32",
			"Segments": [
				0,
				1,
				2,
				3.2,
				1
			]
		},
		{
			"Target": "PartOpacity",
			"Id": "Part38",
			"Segments": [
				0,
				1,
				2,
				3.2,
				1
			]
		},
		{
			"Target": "PartOpacity",
			"Id": "Part7",
			"Segments": [
				0,
				1,
				2,
				3.2,
				1
			]
		},
		{
			"Target": "PartOpacity",
			"Id": "Part35",
			"Segments": [
				0,
				1,
				2,
				3.2,
				1
			]
		},
		{
			"Target": "PartOpacity",
			"Id": "Part10",
			"Segments": [
				0,
				1,
				2,
				3.2,
				1
			]
		},
		{
			"Target": "PartOpacity",
			"Id": "Part27",
			"Segments": [
				0,
				1,
				2,
				3.2,
				1
			]
		},
		{
			"Target": "PartOpacity",
			"Id": "Part34",
			"Segments": [
				0,
				1,
				2,
				3.2,
				1
			]
		},
		{
			"Target": "PartOpacity",
			"Id": "Part8",
			"Segments": [
				0,
				1,
				2,
				3.2,
				1
			]
		},
		{
			"Target": "PartOpacity",
			"Id": "Part9",
			"Segments": [
				0,
				1,
				2,
				3.2,
				1
			]
		},
		{
			"Target": "PartOpacity",
			"Id": "ArtMesh122_Skinning",
			"Segments": [
				0,
				1,
				2,
				3.2,
				1
			]
		},
		{
			"Target": "PartOpacity",
			"Id": "Part21",
			"Segments": [
				0,
				1,
				2,
				3.2,
				1
			]
		},
		{
			"Target": "PartOpacity",
			"Id": "Part22",
			"Segments": [
				0,
				1,
				2,
				3.2,
				1
			]
		},
		{
			"Target": "PartOpacity",
			"Id": "Part23",
			"Segments": [
				0,
				1,
				2,
				3.2,
				1
			]
		},
		{
			"Target": "PartOpacity",
			"Id": "Part24",
			"Segments": [
				0,
				1,
				2,
				3.2,
				1
			]
		},
		{
			"Target": "PartOpacity",
			"Id": "Part25",
			"Segments": [
				0,
				1,
				2,
				3.2,
				1
			]
		},
		{
			"Target": "PartOpacity",
			"Id": "Part26",
			"Segments": [
				0,
				1,
				2,
				3.2,
				1
			]
		},
		{
			"Target": "PartOpacity",
			"Id": "ArtMesh133_Skinning",
			"Segments": [
				0,
				1,
				2,
				3.2,
				1
			]
		},
		{
			"Target": "PartOpacity",
			"Id": "ArtMesh122_Skinning2",
			"Segments": [
				0,
				1,
				2,
				3.2,
				1
			]
		}
	]
}