{
	"Version": 3,
	"Meta": {
		"Duration": 3,
		"Fps": 30.0,
		"Loop": true,
		"AreBeziersRestricted": false,
		"CurveCount": 298,
		"TotalSegmentCount": 672,
		"TotalPointCount": 2128,
		"UserDataCount": 0,
		"TotalUserDataSize": 0
	},
	"Curves": [
		{
			"Target": "Model",
			"Id": "Opacity",
			"Segments": [
				0,
				1,
				1,
				1,
				1,
				2,
				1,
				3,
				1
			]
		},
		{
			"Target": "Parameter",
			"Id": "Param2",
			"Segments": [
				0,
				-2.888,
				1,
				0.111,
				-2.888,
				0.222,
				-8.265,
				0.333,
				-8.265,
				1,
				0.433,
				-8.265,
				0.533,
				4,
				0.633,
				4,
				1,
				0.756,
				4,
				0.878,
				-6.975,
				1,
				-6.975,
				1,
				1.1,
				-6.975,
				1.2,
				2.442,
				1.3,
				2.442,
				1,
				1.411,
				2.442,
				1.522,
				-5.645,
				1.633,
				-5.645,
				1,
				1.756,
				-5.645,
				1.878,
				1,
				2,
				1,
				1,
				2.133,
				1,
				2.267,
				-5.645,
				2.4,
				-5.645,
				1,
				2.5,
				-5.645,
				2.6,
				0.554,
				2.7,
				0.554,
				1,
				2.8,
				0.554,
				2.9,
				-2.888,
				3,
				-2.888
			]
		},
		{
			"Target": "Parameter",
			"Id": "Param180",
			"Segments": [
				0,
				0,
				0,
				3,
				0
			]
		},
		{
			"Target": "Parameter",
			"Id": "Param38",
			"Segments": [
				0,
				0,
				1,
				1,
				0,
				2,
				0,
				3,
				0
			]
		},
		{
			"Target": "Parameter",
			"Id": "Param129",
			"Segments": [
				0,
				0,
				1,
				1,
				0,
				2,
				0,
				3,
				0
			]
		},
		{
			"Target": "Parameter",
			"Id": "Param5",
			"Segments": [
				0,
				0.067,
				1,
				0.144,
				-0.334,
				0.289,
				-4,
				0.433,
				-4,
				1,
				0.533,
				-4,
				0.633,
				1,
				0.733,
				1,
				1,
				0.856,
				1,
				0.978,
				-3.166,
				1.1,
				-3.166,
				1,
				1.2,
				-3.166,
				1.3,
				0.94,
				1.4,
				0.94,
				1,
				1.511,
				0.94,
				1.622,
				-2.258,
				1.733,
				-2.259,
				1,
				1.856,
				-2.258,
				1.978,
				0.731,
				2.1,
				0.731,
				1,
				2.233,
				0.731,
				2.367,
				-2.258,
				2.5,
				-2.259,
				1,
				2.6,
				-2.258,
				2.7,
				0.555,
				2.8,
				0.555,
				1,
				2.867,
				0.555,
				2.933,
				0.067,
				3,
				0.067
			]
		},
		{
			"Target": "Parameter",
			"Id": "Param",
			"Segments": [
				0,
				-14.398,
				1,
				0.167,
				-25.087,
				0.333,
				-27,
				0.5,
				-27,
				1,
				0.6,
				-27,
				0.7,
				2,
				0.8,
				2,
				1,
				0.911,
				2,
				1.022,
				-22.089,
				1.133,
				-22.089,
				1,
				1.233,
				-22.089,
				1.333,
				-3.584,
				1.433,
				-3.584,
				1,
				1.556,
				-3.584,
				1.678,
				-17,
				1.8,
				-17,
				1,
				1.911,
				-17,
				2.022,
				-4.582,
				2.133,
				-4.582,
				1,
				2.267,
				-4.582,
				2.4,
				-17,
				2.533,
				-17,
				1,
				2.633,
				-17,
				2.733,
				-6.11,
				2.833,
				-6.11,
				1,
				2.889,
				-6.11,
				2.944,
				-14.398,
				3,
				-14.398
			]
		},
		{
			"Target": "Parameter",
			"Id": "Param131",
			"Segments": [
				0,
				0,
				1,
				1,
				0,
				2,
				0,
				3,
				0
			]
		},
		{
			"Target": "Parameter",
			"Id": "Param50",
			"Segments": [
				0,
				-2.23,
				1,
				1,
				-2.23,
				2,
				-2.23,
				3,
				-2.23
			]
		},
		{
			"Target": "Parameter",
			"Id": "Param39",
			"Segments": [
				0,
				-2.607,
				1,
				0.111,
				-2.607,
				0.222,
				-8,
				0.333,
				-8,
				1,
				0.433,
				-8,
				0.533,
				4,
				0.633,
				4,
				1,
				0.756,
				4,
				0.878,
				-7.05,
				1,
				-7.05,
				1,
				1.1,
				-7.05,
				1.2,
				2.063,
				1.3,
				2.063,
				1,
				1.411,
				2.063,
				1.522,
				-5.405,
				1.633,
				-5.405,
				1,
				1.756,
				-5.405,
				1.878,
				1.358,
				2,
				1.358,
				1,
				2.133,
				1.358,
				2.267,
				-5.405,
				2.4,
				-5.405,
				1,
				2.5,
				-5.405,
				2.6,
				0.601,
				2.7,
				0.601,
				1,
				2.8,
				0.601,
				2.9,
				-2.607,
				3,
				-2.607
			]
		},
		{
			"Target": "Parameter",
			"Id": "Param41",
			"Segments": [
				0,
				0,
				1,
				1,
				0,
				2,
				0,
				3,
				0
			]
		},
		{
			"Target": "Parameter",
			"Id": "Param130",
			"Segments": [
				0,
				0,
				1,
				1,
				0,
				2,
				0,
				3,
				0
			]
		},
		{
			"Target": "Parameter",
			"Id": "Param40",
			"Segments": [
				0,
				0.133,
				1,
				0.144,
				-0.634,
				0.289,
				-4,
				0.433,
				-4,
				1,
				0.533,
				-4,
				0.633,
				1,
				0.733,
				1,
				1,
				0.856,
				1,
				0.978,
				-3.345,
				1.1,
				-3.345,
				1,
				1.2,
				-3.345,
				1.3,
				0.775,
				1.4,
				0.775,
				1,
				1.511,
				0.775,
				1.622,
				-2.397,
				1.733,
				-2.397,
				1,
				1.856,
				-2.397,
				1.978,
				0.587,
				2.1,
				0.588,
				1,
				2.233,
				0.587,
				2.367,
				-2.397,
				2.5,
				-2.397,
				1,
				2.6,
				-2.397,
				2.7,
				0.47,
				2.8,
				0.47,
				1,
				2.867,
				0.47,
				2.933,
				0.133,
				3,
				0.133
			]
		},
		{
			"Target": "Parameter",
			"Id": "Param49",
			"Segments": [
				0,
				-7.844,
				1,
				0.167,
				-7.844,
				0.333,
				-1.228,
				0.5,
				-1.228,
				1,
				0.6,
				-1.228,
				0.7,
				-12.935,
				0.8,
				-12.935,
				1,
				0.911,
				-12.935,
				1.022,
				-2.001,
				1.133,
				-2.001,
				1,
				1.233,
				-2.001,
				1.333,
				-11.84,
				1.433,
				-11.84,
				1,
				1.556,
				-11.84,
				1.678,
				-2.71,
				1.8,
				-2.71,
				1,
				1.911,
				-2.71,
				2.022,
				-11.173,
				2.133,
				-11.173,
				1,
				2.267,
				-11.173,
				2.4,
				-2.71,
				2.533,
				-2.71,
				1,
				2.633,
				-2.71,
				2.733,
				-10.228,
				2.833,
				-10.229,
				1,
				2.889,
				-10.228,
				2.944,
				-7.844,
				3,
				-7.844
			]
		},
		{
			"Target": "Parameter",
			"Id": "Param84",
			"Segments": [
				0,
				-2.23,
				1,
				1,
				-2.23,
				2,
				-2.23,
				3,
				-2.23
			]
		},
		{
			"Target": "Parameter",
			"Id": "Param139",
			"Segments": [
				0,
				0,
				1,
				1,
				0,
				2,
				0,
				3,
				0
			]
		},
		{
			"Target": "Parameter",
			"Id": "Param171",
			"Segments": [
				0,
				0,
				1,
				1,
				0,
				2,
				0,
				3,
				0
			]
		},
		{
			"Target": "Parameter",
			"Id": "Param170",
			"Segments": [
				0,
				0,
				1,
				1,
				0,
				2,
				0,
				3,
				0
			]
		},
		{
			"Target": "Parameter",
			"Id": "Param191",
			"Segments": [
				0,
				0,
				0,
				3,
				0
			]
		},
		{
			"Target": "Parameter",
			"Id": "ParamEyeLOpen",
			"Segments": [
				0,
				1,
				1,
				0.144,
				1,
				0.289,
				0,
				0.433,
				0,
				1,
				1.089,
				0,
				1.744,
				0,
				2.4,
				0,
				1,
				2.6,
				0,
				2.8,
				1,
				3,
				1
			]
		},
		{
			"Target": "Parameter",
			"Id": "ParamEyeLSmile",
			"Segments": [
				0,
				0,
				1,
				1,
				0,
				2,
				0,
				3,
				0
			]
		},
		{
			"Target": "Parameter",
			"Id": "ParamEyeROpen",
			"Segments": [
				0,
				1,
				1,
				0.144,
				1,
				0.289,
				0,
				0.433,
				0,
				1,
				1.089,
				0,
				1.744,
				0,
				2.4,
				0,
				1,
				2.6,
				0,
				2.8,
				1,
				3,
				1
			]
		},
		{
			"Target": "Parameter",
			"Id": "ParamEyeRSmile",
			"Segments": [
				0,
				0,
				1,
				1,
				0,
				2,
				0,
				3,
				0
			]
		},
		{
			"Target": "Parameter",
			"Id": "ParamEyeBallX",
			"Segments": [
				0,
				0,
				1,
				1,
				0,
				2,
				0,
				3,
				0
			]
		},
		{
			"Target": "Parameter",
			"Id": "ParamEyeBallY",
			"Segments": [
				0,
				0,
				1,
				1,
				0,
				2,
				0,
				3,
				0
			]
		},
		{
			"Target": "Parameter",
			"Id": "ParamBrowLY",
			"Segments": [
				0,
				0,
				1,
				1,
				0,
				2,
				0,
				3,
				0
			]
		},
		{
			"Target": "Parameter",
			"Id": "ParamBrowRY",
			"Segments": [
				0,
				0,
				1,
				1,
				0,
				2,
				0,
				3,
				0
			]
		},
		{
			"Target": "Parameter",
			"Id": "ParamBrowLForm",
			"Segments": [
				0,
				0,
				1,
				1,
				0,
				2,
				0,
				3,
				0
			]
		},
		{
			"Target": "Parameter",
			"Id": "ParamBrowRForm",
			"Segments": [
				0,
				0,
				1,
				1,
				0,
				2,
				0,
				3,
				0
			]
		},
		{
			"Target": "Parameter",
			"Id": "Param85",
			"Segments": [
				0,
				0,
				1,
				1,
				0,
				2,
				0,
				3,
				0
			]
		},
		{
			"Target": "Parameter",
			"Id": "Param86",
			"Segments": [
				0,
				0,
				1,
				1,
				0,
				2,
				0,
				3,
				0
			]
		},
		{
			"Target": "Parameter",
			"Id": "ParamMouthForm",
			"Segments": [
				0,
				0,
				1,
				0.133,
				0,
				0.267,
				0.8,
				0.4,
				0.8,
				1,
				1.133,
				0.8,
				1.867,
				0.8,
				2.6,
				0.8,
				1,
				2.733,
				0.8,
				2.867,
				0,
				3,
				0
			]
		},
		{
			"Target": "Parameter",
			"Id": "ParamMouthOpenY",
			"Segments": [
				0,
				0,
				1,
				0.133,
				0,
				0.267,
				0.798,
				0.4,
				0.805,
				1,
				1.133,
				0.844,
				1.867,
				0.855,
				2.6,
				0.855,
				1,
				2.733,
				0.855,
				2.867,
				0,
				3,
				0
			]
		},
		{
			"Target": "Parameter",
			"Id": "Param57",
			"Segments": [
				0,
				0,
				1,
				1,
				0,
				2,
				0,
				3,
				0
			]
		},
		{
			"Target": "Parameter",
			"Id": "Param71",
			"Segments": [
				0,
				0,
				1,
				1,
				0,
				2,
				0,
				3,
				0
			]
		},
		{
			"Target": "Parameter",
			"Id": "Param78",
			"Segments": [
				0,
				0,
				1,
				1,
				0,
				2,
				0,
				3,
				0
			]
		},
		{
			"Target": "Parameter",
			"Id": "Param58",
			"Segments": [
				0,
				0,
				1,
				1,
				0,
				2,
				0,
				3,
				0
			]
		},
		{
			"Target": "Parameter",
			"Id": "Param67",
			"Segments": [
				0,
				0,
				1,
				1,
				0,
				2,
				0,
				3,
				0
			]
		},
		{
			"Target": "Parameter",
			"Id": "Param68",
			"Segments": [
				0,
				0,
				1,
				0.144,
				0,
				0.289,
				1,
				0.433,
				1,
				1,
				1.089,
				1,
				1.744,
				1,
				2.4,
				1,
				1,
				2.6,
				1,
				2.8,
				0,
				3,
				0
			]
		},
		{
			"Target": "Parameter",
			"Id": "Param69",
			"Segments": [
				0,
				1,
				1,
				1,
				1,
				2,
				1,
				3,
				1
			]
		},
		{
			"Target": "Parameter",
			"Id": "Param193",
			"Segments": [
				0,
				0,
				0,
				3,
				0
			]
		},
		{
			"Target": "Parameter",
			"Id": "Param197",
			"Segments": [
				0,
				0,
				0,
				3,
				0
			]
		},
		{
			"Target": "Parameter",
			"Id": "Param195",
			"Segments": [
				0,
				0,
				0,
				3,
				0
			]
		},
		{
			"Target": "Parameter",
			"Id": "Param181",
			"Segments": [
				0,
				0,
				0,
				3,
				0
			]
		},
		{
			"Target": "Parameter",
			"Id": "Param184",
			"Segments": [
				0,
				0,
				0,
				3,
				0
			]
		},
		{
			"Target": "Parameter",
			"Id": "Param182",
			"Segments": [
				0,
				0,
				0,
				3,
				0
			]
		},
		{
			"Target": "Parameter",
			"Id": "Param183",
			"Segments": [
				0,
				0,
				0,
				3,
				0
			]
		},
		{
			"Target": "Parameter",
			"Id": "Param188",
			"Segments": [
				0,
				0,
				0,
				3,
				0
			]
		},
		{
			"Target": "Parameter",
			"Id": "Param149",
			"Segments": [
				0,
				0,
				1,
				0.078,
				0,
				0.156,
				1,
				0.233,
				1,
				1,
				0.956,
				1,
				1.678,
				1,
				2.4,
				1,
				1,
				2.6,
				1,
				2.8,
				0,
				3,
				0
			]
		},
		{
			"Target": "Parameter",
			"Id": "Param172",
			"Segments": [
				0,
				0,
				1,
				1,
				0,
				2,
				0.211,
				3,
				0.439
			]
		},
		{
			"Target": "Parameter",
			"Id": "Param163",
			"Segments": [
				0,
				-30,
				1,
				1,
				-30,
				2,
				-30,
				3,
				-30
			]
		},
		{
			"Target": "Parameter",
			"Id": "Param164",
			"Segments": [
				0,
				-30,
				1,
				1,
				-30,
				2,
				-30,
				3,
				-30
			]
		},
		{
			"Target": "Parameter",
			"Id": "Param165",
			"Segments": [
				0,
				-30,
				1,
				1,
				-30,
				2,
				-30,
				3,
				-30
			]
		},
		{
			"Target": "Parameter",
			"Id": "Param150",
			"Segments": [
				0,
				0,
				1,
				0.111,
				0,
				0.222,
				1,
				0.333,
				1,
				1,
				1.022,
				1,
				1.711,
				1,
				2.4,
				1,
				1,
				2.511,
				1,
				2.622,
				0,
				2.733,
				0,
				1,
				2.822,
				0,
				2.911,
				0,
				3,
				0
			]
		},
		{
			"Target": "Parameter",
			"Id": "Param151",
			"Segments": [
				0,
				0,
				1,
				1,
				0,
				2,
				0,
				3,
				0
			]
		},
		{
			"Target": "Parameter",
			"Id": "Param159",
			"Segments": [
				0,
				1,
				1,
				1,
				1,
				2,
				1,
				3,
				1
			]
		},
		{
			"Target": "Parameter",
			"Id": "Param160",
			"Segments": [
				0,
				1,
				1,
				1,
				1,
				2,
				1,
				3,
				1
			]
		},
		{
			"Target": "Parameter",
			"Id": "Param147",
			"Segments": [
				0,
				-30,
				0,
				3,
				-30
			]
		},
		{
			"Target": "Parameter",
			"Id": "Param148",
			"Segments": [
				0,
				-30,
				0,
				3,
				-30
			]
		},
		{
			"Target": "Parameter",
			"Id": "Param146",
			"Segments": [
				0,
				0,
				1,
				1,
				0,
				2,
				0,
				3,
				0
			]
		},
		{
			"Target": "Parameter",
			"Id": "Param144",
			"Segments": [
				0,
				0,
				1,
				1,
				0,
				2,
				0,
				3,
				0
			]
		},
		{
			"Target": "Parameter",
			"Id": "Param161",
			"Segments": [
				0,
				-30,
				1,
				1,
				-30,
				2,
				-30,
				3,
				-30
			]
		},
		{
			"Target": "Parameter",
			"Id": "Param162",
			"Segments": [
				0,
				0,
				1,
				1,
				0,
				2,
				0,
				3,
				0
			]
		},
		{
			"Target": "Parameter",
			"Id": "Param143",
			"Segments": [
				0,
				0,
				1,
				1,
				0,
				2,
				0,
				3,
				0
			]
		},
		{
			"Target": "Parameter",
			"Id": "Param145",
			"Segments": [
				0,
				0,
				1,
				1,
				0,
				2,
				0,
				3,
				0
			]
		},
		{
			"Target": "Parameter",
			"Id": "Param152",
			"Segments": [
				0,
				-30,
				1,
				1,
				-30,
				2,
				-30,
				3,
				-30
			]
		},
		{
			"Target": "Parameter",
			"Id": "Param157",
			"Segments": [
				0,
				0,
				1,
				1,
				0,
				2,
				0,
				3,
				0
			]
		},
		{
			"Target": "Parameter",
			"Id": "Param158",
			"Segments": [
				0,
				-30,
				1,
				1,
				-30,
				2,
				-30,
				3,
				-30
			]
		},
		{
			"Target": "Parameter",
			"Id": "Param154",
			"Segments": [
				0,
				0,
				1,
				1,
				0,
				2,
				0,
				3,
				0
			]
		},
		{
			"Target": "Parameter",
			"Id": "Param153",
			"Segments": [
				0,
				-30,
				1,
				1,
				-30,
				2,
				-30,
				3,
				-30
			]
		},
		{
			"Target": "Parameter",
			"Id": "Param155",
			"Segments": [
				0,
				0,
				1,
				1,
				0,
				2,
				0,
				3,
				0
			]
		},
		{
			"Target": "Parameter",
			"Id": "Param156",
			"Segments": [
				0,
				-30,
				1,
				1,
				-30,
				2,
				-30,
				3,
				-30
			]
		},
		{
			"Target": "Parameter",
			"Id": "Param65",
			"Segments": [
				0,
				0,
				1,
				1,
				0,
				2,
				0,
				3,
				0
			]
		},
		{
			"Target": "Parameter",
			"Id": "Param141",
			"Segments": [
				0,
				0,
				1,
				1,
				0,
				2,
				0,
				3,
				0
			]
		},
		{
			"Target": "Parameter",
			"Id": "Param66",
			"Segments": [
				0,
				0,
				1,
				1,
				0,
				2,
				0,
				3,
				0
			]
		},
		{
			"Target": "Parameter",
			"Id": "Param142",
			"Segments": [
				0,
				0,
				1,
				1,
				0,
				2,
				0,
				3,
				0
			]
		},
		{
			"Target": "Parameter",
			"Id": "Param166",
			"Segments": [
				0,
				-22,
				1,
				0.15,
				-22,
				1.948,
				-22,
				3,
				-22
			]
		},
		{
			"Target": "Parameter",
			"Id": "Param61",
			"Segments": [
				0,
				0,
				1,
				1,
				0,
				2,
				0,
				3,
				0
			]
		},
		{
			"Target": "Parameter",
			"Id": "Param62",
			"Segments": [
				0,
				0,
				1,
				1,
				0,
				2,
				0,
				3,
				0
			]
		},
		{
			"Target": "Parameter",
			"Id": "Param81",
			"Segments": [
				0,
				0,
				1,
				1,
				0,
				2,
				0,
				3,
				0
			]
		},
		{
			"Target": "Parameter",
			"Id": "Param59",
			"Segments": [
				0,
				0,
				1,
				1,
				0,
				2,
				0,
				3,
				0
			]
		},
		{
			"Target": "Parameter",
			"Id": "Param60",
			"Segments": [
				0,
				0,
				1,
				1,
				0,
				2,
				0,
				3,
				0
			]
		},
		{
			"Target": "Parameter",
			"Id": "Param4",
			"Segments": [
				0,
				0,
				1,
				1,
				0,
				2,
				0,
				3,
				0
			]
		},
		{
			"Target": "Parameter",
			"Id": "Param51",
			"Segments": [
				0,
				0,
				1,
				1,
				0,
				2,
				0,
				3,
				0
			]
		},
		{
			"Target": "Parameter",
			"Id": "Param52",
			"Segments": [
				0,
				0,
				1,
				1,
				0,
				2,
				0,
				3,
				0
			]
		},
		{
			"Target": "Parameter",
			"Id": "Param53",
			"Segments": [
				0,
				0,
				1,
				1,
				0,
				2,
				0,
				3,
				0
			]
		},
		{
			"Target": "Parameter",
			"Id": "Param54",
			"Segments": [
				0,
				0,
				1,
				1,
				0,
				2,
				0,
				3,
				0
			]
		},
		{
			"Target": "Parameter",
			"Id": "Param55",
			"Segments": [
				0,
				0,
				1,
				1,
				0,
				2,
				0,
				3,
				0
			]
		},
		{
			"Target": "Parameter",
			"Id": "Param3",
			"Segments": [
				0,
				0,
				1,
				1,
				0,
				2,
				0,
				3,
				0
			]
		},
		{
			"Target": "Parameter",
			"Id": "Param79",
			"Segments": [
				0,
				0,
				1,
				1,
				0,
				2,
				0,
				3,
				0
			]
		},
		{
			"Target": "Parameter",
			"Id": "Param80",
			"Segments": [
				0,
				0,
				1,
				1,
				0,
				2,
				0,
				3,
				0
			]
		},
		{
			"Target": "Parameter",
			"Id": "Param87",
			"Segments": [
				0,
				0,
				1,
				1,
				0,
				2,
				0,
				3,
				0
			]
		},
		{
			"Target": "Parameter",
			"Id": "Param88",
			"Segments": [
				0,
				0,
				1,
				1,
				0,
				2,
				0,
				3,
				0
			]
		},
		{
			"Target": "Parameter",
			"Id": "Param132",
			"Segments": [
				0,
				0,
				1,
				1,
				0,
				2,
				0,
				3,
				0
			]
		},
		{
			"Target": "Parameter",
			"Id": "Param133",
			"Segments": [
				0,
				0,
				1,
				1,
				0,
				2,
				0,
				3,
				0
			]
		},
		{
			"Target": "Parameter",
			"Id": "Param178",
			"Segments": [
				0,
				0,
				0,
				3,
				0
			]
		},
		{
			"Target": "Parameter",
			"Id": "Param48",
			"Segments": [
				0,
				0,
				1,
				1,
				0,
				2,
				0,
				3,
				0
			]
		},
		{
			"Target": "Parameter",
			"Id": "Param63",
			"Segments": [
				0,
				0,
				1,
				1,
				0,
				2,
				0,
				3,
				0
			]
		},
		{
			"Target": "Parameter",
			"Id": "Param64",
			"Segments": [
				0,
				0,
				1,
				1,
				0,
				2,
				0,
				3,
				0
			]
		},
		{
			"Target": "Parameter",
			"Id": "Param127",
			"Segments": [
				0,
				0,
				1,
				1,
				0,
				2,
				0,
				3,
				0
			]
		},
		{
			"Target": "Parameter",
			"Id": "Param138",
			"Segments": [
				0,
				0,
				1,
				1,
				0,
				2,
				0,
				3,
				0
			]
		},
		{
			"Target": "Parameter",
			"Id": "Param125",
			"Segments": [
				0,
				0,
				1,
				1,
				0,
				2,
				0,
				3,
				0
			]
		},
		{
			"Target": "Parameter",
			"Id": "Param128",
			"Segments": [
				0,
				0,
				1,
				1,
				0,
				2,
				0,
				3,
				0
			]
		},
		{
			"Target": "Parameter",
			"Id": "Param126",
			"Segments": [
				0,
				0,
				0,
				3,
				0
			]
		},
		{
			"Target": "Parameter",
			"Id": "Param124",
			"Segments": [
				0,
				0,
				1,
				1,
				0,
				2,
				0,
				3,
				0
			]
		},
		{
			"Target": "Parameter",
			"Id": "Param179",
			"Segments": [
				0,
				0,
				0,
				3,
				0
			]
		},
		{
			"Target": "Parameter",
			"Id": "Param192",
			"Segments": [
				0,
				0,
				0,
				3,
				0
			]
		},
		{
			"Target": "Parameter",
			"Id": "Param189",
			"Segments": [
				0,
				0,
				0,
				3,
				0
			]
		},
		{
			"Target": "Parameter",
			"Id": "Param137",
			"Segments": [
				0,
				0,
				1,
				1,
				0,
				2,
				0,
				3,
				0
			]
		},
		{
			"Target": "Parameter",
			"Id": "Param46",
			"Segments": [
				0,
				0,
				1,
				1,
				0,
				2,
				0,
				3,
				0
			]
		},
		{
			"Target": "Parameter",
			"Id": "Param47",
			"Segments": [
				0,
				0,
				1,
				1,
				0,
				2,
				0,
				3,
				0
			]
		},
		{
			"Target": "Parameter",
			"Id": "Param196",
			"Segments": [
				0,
				0,
				0,
				3,
				0
			]
		},
		{
			"Target": "Parameter",
			"Id": "Param123",
			"Segments": [
				0,
				0,
				1,
				1,
				0,
				2,
				0,
				3,
				0
			]
		},
		{
			"Target": "Parameter",
			"Id": "Param134",
			"Segments": [
				0,
				0,
				1,
				1,
				0,
				2,
				0,
				3,
				0
			]
		},
		{
			"Target": "Parameter",
			"Id": "Param135",
			"Segments": [
				0,
				0,
				1,
				1,
				0,
				2,
				0,
				3,
				0
			]
		},
		{
			"Target": "Parameter",
			"Id": "Param136",
			"Segments": [
				0,
				0,
				1,
				1,
				0,
				2,
				0,
				3,
				0
			]
		},
		{
			"Target": "Parameter",
			"Id": "Param_Angle_Rotation5",
			"Segments": [
				0,
				-3.15,
				1,
				0.111,
				-2.88,
				0.222,
				-1.333,
				0.333,
				-1.333,
				1,
				0.433,
				-1.333,
				0.533,
				-6.186,
				0.633,
				-6.186,
				1,
				0.756,
				-6.186,
				0.878,
				-0.464,
				1,
				-0.464,
				1,
				1.1,
				-0.464,
				1.2,
				-6.959,
				1.3,
				-6.959,
				1,
				1.411,
				-6.959,
				1.522,
				0.26,
				1.633,
				0.26,
				1,
				1.733,
				0.26,
				1.833,
				-5.843,
				1.933,
				-5.843,
				1,
				2.056,
				-5.843,
				2.178,
				-1.485,
				2.3,
				-1.485,
				1,
				2.533,
				-1.485,
				2.767,
				-3.15,
				3,
				-3.15
			]
		},
		{
			"Target": "Parameter",
			"Id": "Param_Angle_Rotation6",
			"Segments": [
				0,
				0.259,
				1,
				0.133,
				0.419,
				0.267,
				2.77,
				0.4,
				2.77,
				1,
				0.5,
				2.77,
				0.6,
				-4.907,
				0.7,
				-4.907,
				1,
				0.811,
				-4.907,
				0.922,
				5.451,
				1.033,
				5.451,
				1,
				1.133,
				5.451,
				1.233,
				-5.586,
				1.333,
				-5.586,
				1,
				1.456,
				-5.586,
				1.578,
				6.402,
				1.7,
				6.402,
				1,
				1.8,
				6.402,
				1.9,
				-4.907,
				2,
				-4.907,
				1,
				2.111,
				-4.907,
				2.222,
				2.923,
				2.333,
				2.923,
				1,
				2.556,
				2.923,
				2.778,
				0.259,
				3,
				0.259
			]
		},
		{
			"Target": "Parameter",
			"Id": "Param_Angle_Rotation7",
			"Segments": [
				0,
				1.362,
				1,
				0.167,
				1.923,
				0.333,
				10.545,
				0.5,
				10.545,
				1,
				0.6,
				10.545,
				0.7,
				-8.1,
				0.8,
				-8.1,
				1,
				0.911,
				-8.1,
				1.022,
				16.1,
				1.133,
				16.1,
				1,
				1.233,
				16.1,
				1.333,
				-12.475,
				1.433,
				-12.475,
				1,
				1.556,
				-12.475,
				1.678,
				20.01,
				1.8,
				20.01,
				1,
				1.9,
				20.01,
				2,
				-9.245,
				2.1,
				-9.245,
				1,
				2.211,
				-9.245,
				2.322,
				16.1,
				2.433,
				16.1,
				1,
				2.622,
				16.1,
				2.811,
				1.362,
				3,
				1.362
			]
		},
		{
			"Target": "Parameter",
			"Id": "Param_Angle_Rotation8",
			"Segments": [
				0,
				5.224,
				1,
				0.2,
				6.583,
				0.4,
				12.228,
				0.6,
				12.229,
				1,
				0.7,
				12.228,
				0.8,
				-5.808,
				0.9,
				-5.808,
				1,
				1.011,
				-5.808,
				1.122,
				17.944,
				1.233,
				17.944,
				1,
				1.333,
				17.944,
				1.433,
				-9.217,
				1.533,
				-9.217,
				1,
				1.656,
				-9.217,
				1.778,
				21.464,
				1.9,
				21.464,
				1,
				2,
				21.464,
				2.1,
				-5.047,
				2.2,
				-5.047,
				1,
				2.311,
				-5.047,
				2.422,
				19.786,
				2.533,
				19.786,
				1,
				2.689,
				19.786,
				2.844,
				5.224,
				3,
				5.224
			]
		},
		{
			"Target": "Parameter",
			"Id": "Param8",
			"Segments": [
				0,
				8.006,
				1,
				0.233,
				8.006,
				0.467,
				14.226,
				0.7,
				14.226,
				1,
				0.8,
				14.226,
				0.9,
				-3.772,
				1,
				-3.772,
				1,
				1.111,
				-3.772,
				1.222,
				18.985,
				1.333,
				18.985,
				1,
				1.433,
				18.985,
				1.533,
				-6.56,
				1.633,
				-6.56,
				1,
				1.756,
				-6.56,
				1.878,
				22.19,
				2,
				22.19,
				1,
				2.1,
				22.19,
				2.2,
				-3.772,
				2.3,
				-3.772,
				1,
				2.411,
				-3.772,
				2.522,
				18.573,
				2.633,
				18.573,
				1,
				2.756,
				18.573,
				2.878,
				8.006,
				3,
				8.006
			]
		},
		{
			"Target": "Parameter",
			"Id": "Param10",
			"Segments": [
				0,
				1.701,
				1,
				0.167,
				2.48,
				0.333,
				3.744,
				0.5,
				3.744,
				1,
				0.6,
				3.744,
				0.7,
				0.653,
				0.8,
				0.653,
				1,
				0.911,
				0.653,
				1.022,
				3.744,
				1.133,
				3.744,
				1,
				1.233,
				3.744,
				1.333,
				0.653,
				1.433,
				0.653,
				1,
				1.556,
				0.653,
				1.678,
				3.744,
				1.8,
				3.744,
				1,
				1.9,
				3.744,
				2,
				0.653,
				2.1,
				0.653,
				1,
				2.211,
				0.653,
				2.322,
				3.744,
				2.433,
				3.744,
				1,
				2.622,
				3.744,
				2.811,
				1.701,
				3,
				1.701
			]
		},
		{
			"Target": "Parameter",
			"Id": "Param11",
			"Segments": [
				0,
				-1.443,
				1,
				0.178,
				-0.472,
				0.356,
				0.409,
				0.533,
				0.409,
				1,
				0.633,
				0.409,
				0.733,
				-3.561,
				0.833,
				-3.561,
				1,
				0.956,
				-3.561,
				1.078,
				2.531,
				1.2,
				2.531,
				1,
				1.3,
				2.531,
				1.4,
				-3.561,
				1.5,
				-3.561,
				1,
				1.611,
				-3.561,
				1.722,
				2.531,
				1.833,
				2.531,
				1,
				1.933,
				2.531,
				2.033,
				-3.561,
				2.133,
				-3.561,
				1,
				2.256,
				-3.561,
				2.378,
				2.531,
				2.5,
				2.531,
				1,
				2.667,
				2.531,
				2.833,
				-1.443,
				3,
				-1.443
			]
		},
		{
			"Target": "Parameter",
			"Id": "Param12",
			"Segments": [
				0,
				-3.121,
				1,
				0.211,
				-3.121,
				0.422,
				1.909,
				0.633,
				1.909,
				1,
				0.733,
				1.909,
				0.833,
				-16.648,
				0.933,
				-16.648,
				1,
				1.056,
				-16.648,
				1.178,
				11.928,
				1.3,
				11.928,
				1,
				1.4,
				11.928,
				1.5,
				-16.648,
				1.6,
				-16.648,
				1,
				1.711,
				-16.648,
				1.822,
				11.928,
				1.933,
				11.928,
				1,
				2.033,
				11.928,
				2.133,
				-16.648,
				2.233,
				-16.648,
				1,
				2.356,
				-16.648,
				2.478,
				11.928,
				2.6,
				11.928,
				1,
				2.733,
				11.928,
				2.867,
				-3.121,
				3,
				-3.121
			]
		},
		{
			"Target": "Parameter",
			"Id": "Param13",
			"Segments": [
				0,
				-9.832,
				1,
				0.244,
				-8.37,
				0.489,
				-1.84,
				0.733,
				-1.841,
				1,
				0.833,
				-1.84,
				0.933,
				-22.215,
				1.033,
				-22.215,
				1,
				1.156,
				-22.215,
				1.278,
				9.098,
				1.4,
				9.098,
				1,
				1.5,
				9.098,
				1.6,
				-22.215,
				1.7,
				-22.215,
				1,
				1.811,
				-22.215,
				1.922,
				9.098,
				2.033,
				9.098,
				1,
				2.133,
				9.098,
				2.233,
				-22.215,
				2.333,
				-22.215,
				1,
				2.456,
				-22.215,
				2.578,
				9.098,
				2.7,
				9.098,
				1,
				2.8,
				9.098,
				2.9,
				-9.832,
				3,
				-9.832
			]
		},
		{
			"Target": "Parameter",
			"Id": "Param14",
			"Segments": [
				0,
				17.992,
				1,
				0.278,
				22.05,
				0.556,
				26.175,
				0.833,
				26.175,
				1,
				0.933,
				26.175,
				1.033,
				0.607,
				1.133,
				0.607,
				1,
				1.256,
				0.607,
				1.378,
				30,
				1.5,
				30,
				1,
				1.6,
				30,
				1.7,
				0.607,
				1.8,
				0.607,
				1,
				1.911,
				0.607,
				2.022,
				30,
				2.133,
				30,
				1,
				2.233,
				30,
				2.333,
				0.607,
				2.433,
				0.607,
				1,
				2.556,
				0.607,
				2.678,
				30,
				2.8,
				30,
				1,
				2.867,
				30,
				2.933,
				17.992,
				3,
				17.992
			]
		},
		{
			"Target": "Parameter",
			"Id": "Param6",
			"Segments": [
				0,
				7.81,
				1,
				0.144,
				7.81,
				0.289,
				-4.624,
				0.433,
				-4.624,
				1,
				0.533,
				-4.624,
				0.633,
				17.736,
				0.733,
				17.736,
				1,
				0.856,
				17.736,
				0.978,
				-7.98,
				1.1,
				-7.98,
				1,
				1.2,
				-7.98,
				1.3,
				25.474,
				1.4,
				25.474,
				1,
				1.511,
				25.474,
				1.622,
				-11.45,
				1.733,
				-11.45,
				1,
				1.833,
				-11.45,
				1.933,
				21.751,
				2.033,
				21.751,
				1,
				2.156,
				21.751,
				2.278,
				-7.98,
				2.4,
				-7.98,
				1,
				2.6,
				-7.98,
				2.8,
				7.81,
				3,
				7.81
			]
		},
		{
			"Target": "Parameter",
			"Id": "Param7",
			"Segments": [
				0,
				-1.584,
				1,
				0.2,
				-9.538,
				0.4,
				-16.054,
				0.6,
				-16.054,
				1,
				0.7,
				-16.054,
				0.8,
				9.818,
				0.9,
				9.818,
				1,
				1.011,
				9.818,
				1.122,
				-19.577,
				1.233,
				-19.577,
				1,
				1.333,
				-19.577,
				1.433,
				18.442,
				1.533,
				18.442,
				1,
				1.656,
				18.442,
				1.778,
				-23.047,
				1.9,
				-23.047,
				1,
				2,
				-23.047,
				2.1,
				14.719,
				2.2,
				14.719,
				1,
				2.311,
				14.719,
				2.422,
				-19.577,
				2.533,
				-19.577,
				1,
				2.689,
				-19.577,
				2.844,
				-1.584,
				3,
				-1.584
			]
		},
		{
			"Target": "Parameter",
			"Id": "Param15",
			"Segments": [
				0,
				0.597,
				1,
				0.067,
				0.597,
				0.133,
				-0.653,
				0.2,
				-0.653,
				1,
				0.3,
				-0.653,
				0.4,
				6.728,
				0.5,
				6.728,
				1,
				0.6,
				6.728,
				0.7,
				-6.345,
				0.8,
				-6.345,
				1,
				0.911,
				-6.345,
				1.022,
				6.728,
				1.133,
				6.728,
				1,
				1.233,
				6.728,
				1.333,
				-6.345,
				1.433,
				-6.345,
				1,
				1.556,
				-6.345,
				1.678,
				6.728,
				1.8,
				6.728,
				1,
				1.9,
				6.728,
				2,
				-6.345,
				2.1,
				-6.345,
				1,
				2.211,
				-6.345,
				2.322,
				6.728,
				2.433,
				6.728,
				1,
				2.622,
				6.728,
				2.811,
				0.597,
				3,
				0.597
			]
		},
		{
			"Target": "Parameter",
			"Id": "Param16",
			"Segments": [
				0,
				-4.877,
				1,
				0.111,
				-4.877,
				0.222,
				-6.073,
				0.333,
				-6.073,
				1,
				0.433,
				-6.073,
				0.533,
				1.081,
				0.633,
				1.081,
				1,
				0.733,
				1.081,
				0.833,
				-10.706,
				0.933,
				-10.706,
				1,
				1.056,
				-10.706,
				1.178,
				1.081,
				1.3,
				1.081,
				1,
				1.4,
				1.081,
				1.5,
				-10.706,
				1.6,
				-10.706,
				1,
				1.711,
				-10.706,
				1.822,
				1.081,
				1.933,
				1.081,
				1,
				2.033,
				1.081,
				2.133,
				-10.706,
				2.233,
				-10.706,
				1,
				2.356,
				-10.706,
				2.478,
				1.081,
				2.6,
				1.081,
				1,
				2.733,
				1.081,
				2.867,
				-4.877,
				3,
				-4.877
			]
		},
		{
			"Target": "Parameter",
			"Id": "Param17",
			"Segments": [
				0,
				-0.898,
				1,
				0.044,
				-0.898,
				0.089,
				-0.763,
				0.133,
				-1.307,
				1,
				0.2,
				-2.123,
				0.267,
				-6,
				0.333,
				-6,
				1,
				0.433,
				-6,
				0.533,
				7.707,
				0.633,
				7.707,
				1,
				0.756,
				7.707,
				0.878,
				-8.164,
				1,
				-8.164,
				1,
				1.1,
				-8.164,
				1.2,
				10.052,
				1.3,
				10.052,
				1,
				1.411,
				10.052,
				1.522,
				-7.716,
				1.633,
				-7.716,
				1,
				1.733,
				-7.716,
				1.833,
				8.094,
				1.933,
				8.094,
				1,
				2.056,
				8.094,
				2.178,
				-6.808,
				2.3,
				-6.808,
				1,
				2.533,
				-6.808,
				2.767,
				-0.898,
				3,
				-0.898
			]
		},
		{
			"Target": "Parameter",
			"Id": "Param18",
			"Segments": [
				0,
				-6.337,
				1,
				0.078,
				-5.644,
				0.156,
				-5.151,
				0.233,
				-5.151,
				1,
				0.322,
				-5.151,
				0.411,
				-13.52,
				0.5,
				-13.52,
				1,
				0.6,
				-13.52,
				0.7,
				1.461,
				0.8,
				1.461,
				1,
				0.911,
				1.461,
				1.022,
				-15.649,
				1.133,
				-15.649,
				1,
				1.233,
				-15.649,
				1.333,
				3.163,
				1.433,
				3.163,
				1,
				1.556,
				3.163,
				1.678,
				-16.579,
				1.8,
				-16.579,
				1,
				1.9,
				-16.579,
				2,
				0.762,
				2.1,
				0.762,
				1,
				2.211,
				0.762,
				2.322,
				-14.792,
				2.433,
				-14.792,
				1,
				2.622,
				-14.792,
				2.811,
				-6.337,
				3,
				-6.337
			]
		},
		{
			"Target": "Parameter",
			"Id": "Param19",
			"Segments": [
				0,
				-1.778,
				1,
				0.067,
				-1.778,
				0.133,
				-2.537,
				0.2,
				-2.537,
				1,
				0.344,
				-2.537,
				0.489,
				8.98,
				0.633,
				8.98,
				1,
				0.733,
				8.98,
				0.833,
				-12.114,
				0.933,
				-12.114,
				1,
				1.056,
				-12.114,
				1.178,
				10.335,
				1.3,
				10.335,
				1,
				1.4,
				10.335,
				1.5,
				-13.729,
				1.6,
				-13.729,
				1,
				1.711,
				-13.729,
				1.822,
				9.723,
				1.933,
				9.723,
				1,
				2.033,
				9.723,
				2.133,
				-12.114,
				2.233,
				-12.114,
				1,
				2.356,
				-12.114,
				2.478,
				8.496,
				2.6,
				8.496,
				1,
				2.733,
				8.496,
				2.867,
				-1.778,
				3,
				-1.778
			]
		},
		{
			"Target": "Parameter",
			"Id": "Param20",
			"Segments": [
				0,
				-7.029,
				1,
				0.111,
				-7.029,
				0.222,
				-8,
				0.333,
				-8,
				1,
				0.489,
				-8,
				0.644,
				1.583,
				0.8,
				1.583,
				1,
				0.9,
				1.583,
				1,
				-15.646,
				1.1,
				-15.646,
				1,
				1.211,
				-15.646,
				1.322,
				4.878,
				1.433,
				4.878,
				1,
				1.533,
				4.878,
				1.633,
				-16.688,
				1.733,
				-16.688,
				1,
				1.856,
				-16.688,
				1.978,
				2.972,
				2.1,
				2.972,
				1,
				2.2,
				2.972,
				2.3,
				-14.409,
				2.4,
				-14.409,
				1,
				2.511,
				-14.409,
				2.622,
				1.066,
				2.733,
				1.066,
				1,
				2.822,
				1.066,
				2.911,
				-7.029,
				3,
				-7.029
			]
		},
		{
			"Target": "Parameter",
			"Id": "Param21",
			"Segments": [
				0,
				-2.647,
				1,
				0.078,
				-1.96,
				0.156,
				-1.804,
				0.233,
				-0.783,
				1,
				0.3,
				0.092,
				0.367,
				9.928,
				0.433,
				9.928,
				1,
				0.533,
				9.928,
				0.633,
				-25.282,
				0.733,
				-25.282,
				1,
				0.856,
				-25.282,
				0.978,
				9.928,
				1.1,
				9.928,
				1,
				1.2,
				9.928,
				1.3,
				-25.282,
				1.4,
				-25.282,
				1,
				1.511,
				-25.282,
				1.622,
				9.928,
				1.733,
				9.928,
				1,
				1.833,
				9.928,
				1.933,
				-25.282,
				2.033,
				-25.282,
				1,
				2.156,
				-25.282,
				2.278,
				9.928,
				2.4,
				9.928,
				1,
				2.6,
				9.928,
				2.8,
				-2.647,
				3,
				-2.647
			]
		},
		{
			"Target": "Parameter",
			"Id": "Param22",
			"Segments": [
				0,
				-7.397,
				1,
				0.111,
				-6.709,
				0.222,
				-6.365,
				0.333,
				-5,
				1,
				0.433,
				-3.771,
				0.533,
				23.307,
				0.633,
				23.307,
				1,
				0.733,
				23.307,
				0.833,
				-26.93,
				0.933,
				-26.93,
				1,
				1.056,
				-26.93,
				1.178,
				29.052,
				1.3,
				29.052,
				1,
				1.4,
				29.052,
				1.5,
				-30,
				1.6,
				-30,
				1,
				1.711,
				-30,
				1.822,
				30,
				1.933,
				30,
				1,
				2.033,
				30,
				2.133,
				-27.905,
				2.233,
				-27.905,
				1,
				2.356,
				-27.905,
				2.478,
				24.591,
				2.6,
				24.591,
				1,
				2.733,
				24.591,
				2.867,
				-7.397,
				3,
				-7.397
			]
		},
		{
			"Target": "Parameter",
			"Id": "Param23",
			"Segments": [
				0,
				-4.647,
				1,
				0.1,
				-4.131,
				0.2,
				-4.364,
				0.3,
				-3.894,
				1,
				0.4,
				-3.423,
				0.5,
				5.785,
				0.6,
				5.785,
				1,
				0.7,
				5.785,
				0.8,
				-26.13,
				0.9,
				-26.13,
				1,
				1.011,
				-26.13,
				1.122,
				5.785,
				1.233,
				5.785,
				1,
				1.333,
				5.785,
				1.433,
				-26.13,
				1.533,
				-26.13,
				1,
				1.656,
				-26.13,
				1.778,
				5.785,
				1.9,
				5.785,
				1,
				2,
				5.785,
				2.1,
				-26.13,
				2.2,
				-26.13,
				1,
				2.311,
				-26.13,
				2.422,
				5.785,
				2.533,
				5.785,
				1,
				2.689,
				5.785,
				2.844,
				-4.647,
				3,
				-4.647
			]
		},
		{
			"Target": "Parameter",
			"Id": "Param24",
			"Segments": [
				0,
				-13.284,
				1,
				0.133,
				-12.823,
				0.267,
				-12.873,
				0.4,
				-12.182,
				1,
				0.533,
				-11.492,
				0.667,
				7.948,
				0.8,
				7.948,
				1,
				0.9,
				7.948,
				1,
				-30,
				1.1,
				-30,
				1,
				1.211,
				-30,
				1.322,
				10.794,
				1.433,
				10.794,
				1,
				1.533,
				10.794,
				1.633,
				-30,
				1.733,
				-30,
				1,
				1.856,
				-30,
				1.978,
				12.609,
				2.1,
				12.61,
				1,
				2.2,
				12.609,
				2.3,
				-30,
				2.4,
				-30,
				1,
				2.511,
				-30,
				2.622,
				9.24,
				2.733,
				9.24,
				1,
				2.822,
				9.24,
				2.911,
				-13.284,
				3,
				-13.284
			]
		},
		{
			"Target": "Parameter",
			"Id": "Param25",
			"Segments": [
				0,
				-20.52,
				1,
				0.133,
				-13.127,
				0.267,
				14.8,
				0.4,
				14.8,
				1,
				0.5,
				14.8,
				0.6,
				-28.464,
				0.7,
				-28.464,
				1,
				0.811,
				-28.464,
				0.922,
				14.8,
				1.033,
				14.8,
				1,
				1.133,
				14.8,
				1.233,
				-28.464,
				1.333,
				-28.464,
				1,
				1.456,
				-28.464,
				1.578,
				14.8,
				1.7,
				14.8,
				1,
				1.8,
				14.8,
				1.9,
				-28.464,
				2,
				-28.464,
				1,
				2.111,
				-28.464,
				2.222,
				14.8,
				2.333,
				14.8,
				1,
				2.556,
				14.8,
				2.778,
				-20.52,
				3,
				-20.52
			]
		},
		{
			"Target": "Parameter",
			"Id": "Param31",
			"Segments": [
				0,
				-17.787,
				1,
				0.178,
				-17.787,
				0.356,
				19.297,
				0.533,
				19.297,
				1,
				0.633,
				19.297,
				0.733,
				-24.884,
				0.833,
				-24.884,
				1,
				0.956,
				-24.884,
				1.078,
				19.297,
				1.2,
				19.297,
				1,
				1.3,
				19.297,
				1.4,
				-24.884,
				1.5,
				-24.884,
				1,
				1.611,
				-24.884,
				1.722,
				19.297,
				1.833,
				19.297,
				1,
				1.933,
				19.297,
				2.033,
				-24.884,
				2.133,
				-24.884,
				1,
				2.256,
				-24.884,
				2.378,
				19.297,
				2.5,
				19.297,
				1,
				2.667,
				19.297,
				2.833,
				-17.787,
				3,
				-17.787
			]
		},
		{
			"Target": "Parameter",
			"Id": "Param26",
			"Segments": [
				0,
				15.684,
				1,
				0.167,
				15.684,
				0.333,
				21,
				0.5,
				21,
				1,
				0.6,
				21,
				0.7,
				-1.888,
				0.8,
				-1.888,
				1,
				0.911,
				-1.888,
				1.022,
				21,
				1.133,
				21,
				1,
				1.233,
				21,
				1.333,
				-1.888,
				1.433,
				-1.888,
				1,
				1.556,
				-1.888,
				1.678,
				21,
				1.8,
				21,
				1,
				1.9,
				21,
				2,
				-1.888,
				2.1,
				-1.888,
				1,
				2.211,
				-1.888,
				2.322,
				21,
				2.433,
				21,
				1,
				2.622,
				21,
				2.811,
				15.684,
				3,
				15.684
			]
		},
		{
			"Target": "Parameter",
			"Id": "Param32",
			"Segments": [
				0,
				11.179,
				1,
				0.211,
				20.708,
				0.422,
				25.107,
				0.633,
				25.107,
				1,
				0.733,
				25.107,
				0.833,
				-3.817,
				0.933,
				-3.817,
				1,
				1.056,
				-3.817,
				1.178,
				25.107,
				1.3,
				25.107,
				1,
				1.4,
				25.107,
				1.5,
				-3.817,
				1.6,
				-3.817,
				1,
				1.711,
				-3.817,
				1.822,
				25.107,
				1.933,
				25.107,
				1,
				2.033,
				25.107,
				2.133,
				-3.817,
				2.233,
				-3.817,
				1,
				2.356,
				-3.817,
				2.478,
				25.107,
				2.6,
				25.107,
				1,
				2.733,
				25.107,
				2.867,
				11.179,
				3,
				11.179
			]
		},
		{
			"Target": "Parameter",
			"Id": "Param27",
			"Segments": [
				0,
				-7.945,
				1,
				0.167,
				-7.945,
				0.333,
				22.107,
				0.5,
				22.107,
				1,
				0.6,
				22.107,
				0.7,
				-19.155,
				0.8,
				-19.155,
				1,
				0.911,
				-19.155,
				1.022,
				22.107,
				1.133,
				22.107,
				1,
				1.233,
				22.107,
				1.333,
				-19.155,
				1.433,
				-19.155,
				1,
				1.556,
				-19.155,
				1.678,
				22.107,
				1.8,
				22.107,
				1,
				1.9,
				22.107,
				2,
				-19.155,
				2.1,
				-19.155,
				1,
				2.211,
				-19.155,
				2.322,
				22.107,
				2.433,
				22.107,
				1,
				2.622,
				22.107,
				2.811,
				-7.945,
				3,
				-7.945
			]
		},
		{
			"Target": "Parameter",
			"Id": "Param29",
			"Segments": [
				0,
				1.942,
				1,
				0.211,
				1.942,
				0.422,
				25.107,
				0.633,
				25.107,
				1,
				0.733,
				25.107,
				0.833,
				-11.317,
				0.933,
				-11.317,
				1,
				1.056,
				-11.317,
				1.178,
				25.107,
				1.3,
				25.107,
				1,
				1.4,
				25.107,
				1.5,
				-11.317,
				1.6,
				-11.317,
				1,
				1.711,
				-11.317,
				1.822,
				25.107,
				1.933,
				25.107,
				1,
				2.033,
				25.107,
				2.133,
				-11.317,
				2.233,
				-11.317,
				1,
				2.356,
				-11.317,
				2.478,
				25.107,
				2.6,
				25.107,
				1,
				2.733,
				25.107,
				2.867,
				1.942,
				3,
				1.942
			]
		},
		{
			"Target": "Parameter",
			"Id": "Param28",
			"Segments": [
				0,
				10.922,
				1,
				0.2,
				20.359,
				0.4,
				24.107,
				0.6,
				24.107,
				1,
				0.7,
				24.107,
				0.8,
				-7.3,
				0.9,
				-7.3,
				1,
				1.011,
				-7.3,
				1.122,
				24.107,
				1.233,
				24.107,
				1,
				1.333,
				24.107,
				1.433,
				-7.3,
				1.533,
				-7.3,
				1,
				1.656,
				-7.3,
				1.778,
				24.107,
				1.9,
				24.107,
				1,
				2,
				24.107,
				2.1,
				-7.3,
				2.2,
				-7.3,
				1,
				2.311,
				-7.3,
				2.422,
				24.107,
				2.533,
				24.107,
				1,
				2.689,
				24.107,
				2.844,
				10.922,
				3,
				10.922
			]
		},
		{
			"Target": "Parameter",
			"Id": "Param30",
			"Segments": [
				0,
				-1.141,
				1,
				0.244,
				16.247,
				0.489,
				27.107,
				0.733,
				27.107,
				1,
				0.833,
				27.107,
				0.933,
				-17.597,
				1.033,
				-17.597,
				1,
				1.156,
				-17.597,
				1.278,
				27.107,
				1.4,
				27.107,
				1,
				1.5,
				27.107,
				1.6,
				-17.597,
				1.7,
				-17.597,
				1,
				1.811,
				-17.597,
				1.922,
				27.107,
				2.033,
				27.107,
				1,
				2.133,
				27.107,
				2.233,
				-17.597,
				2.333,
				-17.597,
				1,
				2.456,
				-17.597,
				2.578,
				27.107,
				2.7,
				27.107,
				1,
				2.8,
				27.107,
				2.9,
				-1.141,
				3,
				-1.141
			]
		},
		{
			"Target": "Parameter",
			"Id": "Param42",
			"Segments": [
				0,
				-10.929,
				1,
				0.1,
				-14.513,
				0.2,
				-14.271,
				0.3,
				-14.271,
				1,
				0.4,
				-14.271,
				0.5,
				4.932,
				0.6,
				4.932,
				1,
				0.7,
				4.932,
				0.8,
				-26.696,
				0.9,
				-26.696,
				1,
				1.011,
				-26.696,
				1.122,
				4.932,
				1.233,
				4.932,
				1,
				1.333,
				4.932,
				1.433,
				-26.696,
				1.533,
				-26.696,
				1,
				1.656,
				-26.696,
				1.778,
				4.932,
				1.9,
				4.932,
				1,
				2,
				4.932,
				2.1,
				-26.696,
				2.2,
				-26.696,
				1,
				2.311,
				-26.696,
				2.422,
				4.932,
				2.533,
				4.932,
				1,
				2.689,
				4.932,
				2.844,
				-10.929,
				3,
				-10.929
			]
		},
		{
			"Target": "Parameter",
			"Id": "Param43",
			"Segments": [
				0,
				0,
				1,
				1,
				0,
				2,
				0,
				3,
				0
			]
		},
		{
			"Target": "Parameter",
			"Id": "Param44",
			"Segments": [
				0,
				-10.929,
				1,
				0.133,
				-10.929,
				0.267,
				-6.398,
				0.4,
				-6.397,
				1,
				0.5,
				-6.398,
				0.6,
				-25.264,
				0.7,
				-25.264,
				1,
				0.8,
				-25.264,
				0.9,
				3.7,
				1,
				3.7,
				1,
				1.111,
				3.7,
				1.222,
				-25.264,
				1.333,
				-25.264,
				1,
				1.433,
				-25.264,
				1.533,
				3.7,
				1.633,
				3.7,
				1,
				1.756,
				3.7,
				1.878,
				-25.264,
				2,
				-25.264,
				1,
				2.1,
				-25.264,
				2.2,
				3.7,
				2.3,
				3.7,
				1,
				2.411,
				3.7,
				2.522,
				-25.264,
				2.633,
				-25.264,
				1,
				2.756,
				-25.264,
				2.878,
				-10.929,
				3,
				-10.929
			]
		},
		{
			"Target": "Parameter",
			"Id": "Param45",
			"Segments": [
				0,
				0,
				1,
				1,
				0,
				2,
				0,
				3,
				0
			]
		},
		{
			"Target": "Parameter",
			"Id": "Param167",
			"Segments": [
				0,
				0,
				1,
				0.956,
				0,
				1.911,
				-4.04,
				2.867,
				-4.04,
				1,
				2.911,
				-4.04,
				2.956,
				-0.811,
				3,
				0.48
			]
		},
		{
			"Target": "Parameter",
			"Id": "Param194",
			"Segments": [
				0,
				0,
				0,
				3,
				0
			]
		},
		{
			"Target": "Parameter",
			"Id": "Param190",
			"Segments": [
				0,
				0,
				0,
				3,
				0
			]
		},
		{
			"Target": "Parameter",
			"Id": "Param185",
			"Segments": [
				0,
				0,
				0,
				3,
				0
			]
		},
		{
			"Target": "Parameter",
			"Id": "Param186",
			"Segments": [
				0,
				0,
				0,
				3,
				0
			]
		},
		{
			"Target": "Parameter",
			"Id": "Param187",
			"Segments": [
				0,
				0,
				0,
				3,
				0
			]
		},
		{
			"Target": "Parameter",
			"Id": "fajiafaguang",
			"Segments": [
				0,
				0,
				1,
				1,
				0,
				2,
				0,
				3,
				0
			]
		},
		{
			"Target": "Parameter",
			"Id": "Param70",
			"Segments": [
				0,
				0,
				1,
				1,
				0,
				2,
				0,
				3,
				0
			]
		},
		{
			"Target": "Parameter",
			"Id": "Param9",
			"Segments": [
				0,
				0,
				1,
				1,
				0,
				2,
				0,
				3,
				0
			]
		},
		{
			"Target": "Parameter",
			"Id": "Param72",
			"Segments": [
				0,
				0,
				1,
				0.211,
				0,
				0.422,
				5,
				0.633,
				5,
				1,
				0.733,
				5,
				0.833,
				-2,
				0.933,
				-2,
				1,
				1.056,
				-2,
				1.178,
				5,
				1.3,
				5,
				1,
				1.4,
				5,
				1.5,
				-2,
				1.6,
				-2,
				1,
				1.711,
				-2,
				1.822,
				5,
				1.933,
				5,
				1,
				2.056,
				5,
				2.178,
				-2,
				2.3,
				-2,
				1,
				2.444,
				-2,
				2.589,
				5,
				2.733,
				5,
				1,
				2.822,
				5,
				2.911,
				0,
				3,
				0
			]
		},
		{
			"Target": "Parameter",
			"Id": "Param73",
			"Segments": [
				0,
				1.948,
				1,
				0.111,
				3.843,
				0.222,
				10,
				0.333,
				10,
				1,
				0.433,
				10,
				0.533,
				5.85,
				0.633,
				5.85,
				1,
				0.756,
				5.85,
				0.878,
				9.185,
				1,
				9.185,
				1,
				1.1,
				9.185,
				1.2,
				5.279,
				1.3,
				5.279,
				1,
				1.411,
				5.279,
				1.522,
				8.223,
				1.633,
				8.223,
				1,
				1.756,
				8.223,
				1.878,
				4.589,
				2,
				4.589,
				1,
				2.144,
				4.589,
				2.289,
				6.24,
				2.433,
				6.24,
				1,
				2.622,
				6.24,
				2.811,
				1.948,
				3,
				1.948
			]
		},
		{
			"Target": "Parameter",
			"Id": "Param77",
			"Segments": [
				0,
				0,
				1,
				0.178,
				0,
				0.356,
				4.325,
				0.533,
				4.325,
				1,
				0.633,
				4.325,
				0.733,
				-4.994,
				0.833,
				-4.994,
				1,
				0.956,
				-4.994,
				1.078,
				6.231,
				1.2,
				6.231,
				1,
				1.3,
				6.231,
				1.4,
				-6.037,
				1.5,
				-6.037,
				1,
				1.611,
				-6.037,
				1.722,
				8.109,
				1.833,
				8.109,
				1,
				1.956,
				8.109,
				2.078,
				-6.815,
				2.2,
				-6.815,
				1,
				2.344,
				-6.815,
				2.489,
				10,
				2.633,
				10,
				1,
				2.756,
				10,
				2.878,
				0,
				3,
				0
			]
		},
		{
			"Target": "Parameter",
			"Id": "Param119",
			"Segments": [
				0,
				0,
				1,
				1,
				0,
				2,
				0,
				3,
				0
			]
		},
		{
			"Target": "Parameter",
			"Id": "Param120",
			"Segments": [
				0,
				0,
				1,
				1,
				0,
				2,
				0,
				3,
				0
			]
		},
		{
			"Target": "Parameter",
			"Id": "Param56",
			"Segments": [
				0,
				0,
				1,
				1,
				0,
				2,
				0,
				3,
				0
			]
		},
		{
			"Target": "Parameter",
			"Id": "Param74",
			"Segments": [
				0,
				0,
				1,
				0.244,
				0,
				0.489,
				6,
				0.733,
				6,
				1,
				0.833,
				6,
				0.933,
				1,
				1.033,
				1,
				1,
				1.156,
				1,
				1.278,
				6,
				1.4,
				6,
				1,
				1.5,
				6,
				1.6,
				1,
				1.7,
				1,
				1,
				1.811,
				1,
				1.922,
				6,
				2.033,
				6,
				1,
				2.156,
				6,
				2.278,
				1,
				2.4,
				1,
				1,
				2.533,
				1,
				2.667,
				6,
				2.8,
				6,
				1,
				2.867,
				6,
				2.933,
				0,
				3,
				0
			]
		},
		{
			"Target": "Parameter",
			"Id": "Param75",
			"Segments": [
				0,
				2.709,
				1,
				0.144,
				2.709,
				0.289,
				10,
				0.433,
				10,
				1,
				0.533,
				10,
				0.633,
				5.85,
				0.733,
				5.85,
				1,
				0.856,
				5.85,
				0.978,
				9.198,
				1.1,
				9.198,
				1,
				1.2,
				9.198,
				1.3,
				5.279,
				1.4,
				5.279,
				1,
				1.511,
				5.279,
				1.622,
				8.223,
				1.733,
				8.223,
				1,
				1.856,
				8.223,
				1.978,
				4.589,
				2.1,
				4.589,
				1,
				2.244,
				4.589,
				2.389,
				6.24,
				2.533,
				6.24,
				1,
				2.689,
				6.24,
				2.844,
				2.709,
				3,
				2.709
			]
		},
		{
			"Target": "Parameter",
			"Id": "Param76",
			"Segments": [
				0,
				0,
				1,
				0.211,
				0,
				0.422,
				-5.345,
				0.633,
				-5.345,
				1,
				0.733,
				-5.345,
				0.833,
				5.219,
				0.933,
				5.219,
				1,
				1.056,
				5.219,
				1.178,
				-6.649,
				1.3,
				-6.649,
				1,
				1.4,
				-6.649,
				1.5,
				7.588,
				1.6,
				7.588,
				1,
				1.711,
				7.588,
				1.822,
				-7.603,
				1.933,
				-7.603,
				1,
				2.056,
				-7.603,
				2.178,
				9.952,
				2.3,
				9.952,
				1,
				2.433,
				9.952,
				2.567,
				-8.333,
				2.7,
				-8.333,
				1,
				2.8,
				-8.333,
				2.9,
				0,
				3,
				0
			]
		},
		{
			"Target": "Parameter",
			"Id": "Param118",
			"Segments": [
				0,
				0,
				1,
				1,
				0,
				2,
				0,
				3,
				0
			]
		},
		{
			"Target": "Parameter",
			"Id": "Param33",
			"Segments": [
				0,
				0,
				1,
				1,
				0,
				2,
				0,
				3,
				0
			]
		},
		{
			"Target": "Parameter",
			"Id": "Param34",
			"Segments": [
				0,
				0,
				1,
				1,
				0,
				2,
				0,
				3,
				0
			]
		},
		{
			"Target": "Parameter",
			"Id": "Param35",
			"Segments": [
				0,
				0,
				1,
				1,
				0,
				2,
				0,
				3,
				0
			]
		},
		{
			"Target": "Parameter",
			"Id": "Param36",
			"Segments": [
				0,
				0,
				1,
				1,
				0,
				2,
				0,
				3,
				0
			]
		},
		{
			"Target": "Parameter",
			"Id": "Param89",
			"Segments": [
				0,
				0,
				1,
				1,
				0,
				2,
				0,
				3,
				0
			]
		},
		{
			"Target": "Parameter",
			"Id": "Param90",
			"Segments": [
				0,
				0,
				1,
				1,
				0,
				2,
				0,
				3,
				0
			]
		},
		{
			"Target": "Parameter",
			"Id": "Param91",
			"Segments": [
				0,
				-30,
				1,
				1,
				-30,
				2,
				-30,
				3,
				-30
			]
		},
		{
			"Target": "Parameter",
			"Id": "Param92",
			"Segments": [
				0,
				0,
				1,
				1,
				0,
				2,
				0,
				3,
				0
			]
		},
		{
			"Target": "Parameter",
			"Id": "Param93",
			"Segments": [
				0,
				0,
				1,
				1,
				0,
				2,
				0,
				3,
				0
			]
		},
		{
			"Target": "Parameter",
			"Id": "Param94",
			"Segments": [
				0,
				0,
				1,
				1,
				0,
				2,
				0,
				3,
				0
			]
		},
		{
			"Target": "Parameter",
			"Id": "Param95",
			"Segments": [
				0,
				0,
				1,
				1,
				0,
				2,
				0,
				3,
				0
			]
		},
		{
			"Target": "Parameter",
			"Id": "Param96",
			"Segments": [
				0,
				0,
				1,
				1,
				0,
				2,
				0,
				3,
				0
			]
		},
		{
			"Target": "Parameter",
			"Id": "Param98",
			"Segments": [
				0,
				0,
				1,
				1,
				0,
				2,
				0,
				3,
				0
			]
		},
		{
			"Target": "Parameter",
			"Id": "Param99",
			"Segments": [
				0,
				0,
				1,
				1,
				0,
				2,
				0,
				3,
				0
			]
		},
		{
			"Target": "Parameter",
			"Id": "Param100",
			"Segments": [
				0,
				0,
				1,
				1,
				0,
				2,
				0,
				3,
				0
			]
		},
		{
			"Target": "Parameter",
			"Id": "Param101",
			"Segments": [
				0,
				0,
				1,
				1,
				0,
				2,
				0,
				3,
				0
			]
		},
		{
			"Target": "Parameter",
			"Id": "Param102",
			"Segments": [
				0,
				0,
				1,
				1,
				0,
				2,
				0,
				3,
				0
			]
		},
		{
			"Target": "Parameter",
			"Id": "Param103",
			"Segments": [
				0,
				0,
				1,
				1,
				0,
				2,
				0,
				3,
				0
			]
		},
		{
			"Target": "Parameter",
			"Id": "Param97",
			"Segments": [
				0,
				-30,
				1,
				1,
				-30,
				2,
				-30,
				3,
				-30
			]
		},
		{
			"Target": "Parameter",
			"Id": "Param112",
			"Segments": [
				0,
				0,
				1,
				1,
				0,
				2,
				0,
				3,
				0
			]
		},
		{
			"Target": "Parameter",
			"Id": "Param113",
			"Segments": [
				0,
				0,
				1,
				1,
				0,
				2,
				0,
				3,
				0
			]
		},
		{
			"Target": "Parameter",
			"Id": "Param114",
			"Segments": [
				0,
				0,
				1,
				1,
				0,
				2,
				0,
				3,
				0
			]
		},
		{
			"Target": "Parameter",
			"Id": "Param115",
			"Segments": [
				0,
				0,
				1,
				1,
				0,
				2,
				0,
				3,
				0
			]
		},
		{
			"Target": "Parameter",
			"Id": "Param116",
			"Segments": [
				0,
				0,
				1,
				1,
				0,
				2,
				0,
				3,
				0
			]
		},
		{
			"Target": "Parameter",
			"Id": "Param117",
			"Segments": [
				0,
				0,
				1,
				1,
				0,
				2,
				0,
				3,
				0
			]
		},
		{
			"Target": "Parameter",
			"Id": "Param105",
			"Segments": [
				0,
				-30,
				1,
				1,
				-30,
				2,
				-30,
				3,
				-30
			]
		},
		{
			"Target": "Parameter",
			"Id": "Param106",
			"Segments": [
				0,
				0,
				1,
				1,
				0,
				2,
				0,
				3,
				0
			]
		},
		{
			"Target": "Parameter",
			"Id": "Param107",
			"Segments": [
				0,
				0,
				1,
				1,
				0,
				2,
				0,
				3,
				0
			]
		},
		{
			"Target": "Parameter",
			"Id": "Param108",
			"Segments": [
				0,
				0,
				1,
				1,
				0,
				2,
				0,
				3,
				0
			]
		},
		{
			"Target": "Parameter",
			"Id": "Param109",
			"Segments": [
				0,
				0,
				1,
				1,
				0,
				2,
				0,
				3,
				0
			]
		},
		{
			"Target": "Parameter",
			"Id": "Param110",
			"Segments": [
				0,
				0,
				1,
				1,
				0,
				2,
				0,
				3,
				0
			]
		},
		{
			"Target": "Parameter",
			"Id": "Param111",
			"Segments": [
				0,
				0,
				1,
				1,
				0,
				2,
				0,
				3,
				0
			]
		},
		{
			"Target": "Parameter",
			"Id": "Param104",
			"Segments": [
				0,
				-30,
				1,
				1,
				-30,
				2,
				-30,
				3,
				-30
			]
		},
		{
			"Target": "Parameter",
			"Id": "daimao",
			"Segments": [
				0,
				0,
				1,
				1,
				0,
				2,
				0,
				3,
				0
			]
		},
		{
			"Target": "Parameter",
			"Id": "Param168",
			"Segments": [
				0,
				0,
				1,
				1,
				0,
				2,
				0,
				3,
				0
			]
		},
		{
			"Target": "Parameter",
			"Id": "Param169",
			"Segments": [
				0,
				0,
				1,
				1,
				0,
				2,
				0,
				3,
				0
			]
		},
		{
			"Target": "Parameter",
			"Id": "Param173",
			"Segments": [
				0,
				0,
				1,
				1,
				0,
				2,
				0,
				3,
				0
			]
		},
		{
			"Target": "Parameter",
			"Id": "Param174",
			"Segments": [
				0,
				0,
				1,
				1,
				0,
				2,
				0,
				3,
				0
			]
		},
		{
			"Target": "Parameter",
			"Id": "Param175",
			"Segments": [
				0,
				0,
				1,
				1,
				0,
				2,
				0,
				3,
				0
			]
		},
		{
			"Target": "Parameter",
			"Id": "Param176",
			"Segments": [
				0,
				0,
				1,
				1,
				0,
				2,
				0,
				3,
				0
			]
		},
		{
			"Target": "Parameter",
			"Id": "Param177",
			"Segments": [
				0,
				0,
				0,
				3,
				0
			]
		},
		{
			"Target": "Parameter",
			"Id": "Param140",
			"Segments": [
				0,
				0,
				1,
				1,
				0,
				2,
				0,
				3,
				0
			]
		},
		{
			"Target": "Parameter",
			"Id": "ParamAngleX",
			"Segments": [
				0,
				0.497,
				1,
				0.2,
				2.103,
				0.4,
				2.232,
				0.6,
				2.232,
				1,
				0.7,
				2.232,
				0.8,
				-1.165,
				0.9,
				-1.165,
				1,
				1.011,
				-1.165,
				1.122,
				2.232,
				1.233,
				2.232,
				1,
				1.333,
				2.232,
				1.433,
				-1.165,
				1.533,
				-1.165,
				1,
				1.656,
				-1.165,
				1.778,
				2.232,
				1.9,
				2.232,
				1,
				2,
				2.232,
				2.1,
				-1.165,
				2.2,
				-1.165,
				1,
				2.311,
				-1.165,
				2.422,
				2.232,
				2.533,
				2.232,
				1,
				2.689,
				2.232,
				2.844,
				0.497,
				3,
				0.497
			]
		},
		{
			"Target": "Parameter",
			"Id": "ParamAngleY",
			"Segments": [
				0,
				-1.019,
				1,
				0.133,
				-1.019,
				0.267,
				-12.878,
				0.4,
				-13,
				1,
				1.044,
				-13.592,
				1.689,
				-13.739,
				2.333,
				-13.739,
				1,
				2.556,
				-13.739,
				2.778,
				-1.019,
				3,
				-1.019
			]
		},
		{
			"Target": "Parameter",
			"Id": "ParamAngleZ",
			"Segments": [
				0,
				0.398,
				1,
				0.167,
				0.398,
				0.333,
				-11.288,
				0.5,
				-11.288,
				1,
				0.6,
				-11.288,
				0.7,
				12.723,
				0.8,
				12.723,
				1,
				0.911,
				12.723,
				1.022,
				-14.266,
				1.133,
				-14.266,
				1,
				1.233,
				-14.266,
				1.333,
				14.377,
				1.433,
				14.377,
				1,
				1.556,
				14.377,
				1.678,
				-14.983,
				1.8,
				-14.983,
				1,
				1.9,
				-14.983,
				2,
				13.354,
				2.1,
				13.354,
				1,
				2.211,
				13.354,
				2.322,
				-11.288,
				2.433,
				-11.288,
				1,
				2.622,
				-11.288,
				2.811,
				0.398,
				3,
				0.398
			]
		},
		{
			"Target": "Parameter",
			"Id": "Param82",
			"Segments": [
				0,
				0,
				1,
				1,
				0,
				2,
				0,
				3,
				0
			]
		},
		{
			"Target": "Parameter",
			"Id": "Param83",
			"Segments": [
				0,
				0,
				1,
				1,
				0,
				2,
				0,
				3,
				0
			]
		},
		{
			"Target": "Parameter",
			"Id": "ParamBrowLX",
			"Segments": [
				0,
				0,
				1,
				1,
				0,
				2,
				0,
				3,
				0
			]
		},
		{
			"Target": "Parameter",
			"Id": "ParamBrowRX",
			"Segments": [
				0,
				0,
				1,
				1,
				0,
				2,
				0,
				3,
				0
			]
		},
		{
			"Target": "Parameter",
			"Id": "ParamBrowLAngle",
			"Segments": [
				0,
				0,
				1,
				1,
				0,
				2,
				0,
				3,
				0
			]
		},
		{
			"Target": "Parameter",
			"Id": "ParamBrowRAngle",
			"Segments": [
				0,
				0,
				1,
				1,
				0,
				2,
				0,
				3,
				0
			]
		},
		{
			"Target": "Parameter",
			"Id": "ParamCheek",
			"Segments": [
				0,
				0,
				1,
				1,
				0,
				2,
				0,
				3,
				0
			]
		},
		{
			"Target": "Parameter",
			"Id": "ParamBodyAngleX",
			"Segments": [
				0,
				0.099,
				1,
				0.167,
				0.497,
				0.333,
				1,
				0.5,
				1,
				1,
				0.6,
				1,
				0.7,
				-3,
				0.8,
				-3,
				1,
				0.911,
				-3,
				1.022,
				1,
				1.133,
				1,
				1,
				1.233,
				1,
				1.333,
				-3,
				1.433,
				-3,
				1,
				1.556,
				-3,
				1.678,
				1,
				1.8,
				1,
				1,
				1.9,
				1,
				2,
				-3,
				2.1,
				-3,
				1,
				2.211,
				-3,
				2.322,
				1,
				2.433,
				1,
				1,
				2.622,
				1,
				2.811,
				0.099,
				3,
				0.099
			]
		},
		{
			"Target": "Parameter",
			"Id": "ParamBodyAngleY",
			"Segments": [
				0,
				3,
				1,
				0.1,
				4.351,
				0.2,
				6.615,
				0.3,
				6.615,
				1,
				0.944,
				6.615,
				1.589,
				6.615,
				2.233,
				6.615,
				1,
				2.489,
				6.615,
				2.744,
				3,
				3,
				3
			]
		},
		{
			"Target": "Parameter",
			"Id": "ParamBodyAngleZ",
			"Segments": [
				0,
				0.344,
				1,
				0.144,
				0.744,
				0.289,
				3,
				0.433,
				3,
				1,
				0.533,
				3,
				0.633,
				-3,
				0.733,
				-3,
				1,
				0.833,
				-3,
				0.933,
				3,
				1.033,
				3,
				1,
				1.133,
				3,
				1.233,
				-3,
				1.333,
				-3,
				1,
				1.456,
				-3,
				1.578,
				3,
				1.7,
				3,
				1,
				1.8,
				3,
				1.9,
				-3,
				2,
				-3,
				1,
				2.111,
				-3,
				2.222,
				3,
				2.333,
				3,
				1,
				2.556,
				3,
				2.778,
				0.344,
				3,
				0.344
			]
		},
		{
			"Target": "Parameter",
			"Id": "ParamHairFront",
			"Segments": [
				0,
				0,
				1,
				1,
				0,
				2,
				0,
				3,
				0
			]
		},
		{
			"Target": "Parameter",
			"Id": "ParamHairSide",
			"Segments": [
				0,
				0,
				1,
				1,
				0,
				2,
				0,
				3,
				0
			]
		},
		{
			"Target": "Parameter",
			"Id": "ParamHairBack",
			"Segments": [
				0,
				0,
				1,
				1,
				0,
				2,
				0,
				3,
				0
			]
		},
		{
			"Target": "Parameter",
			"Id": "Param37",
			"Segments": [
				0,
				0,
				1,
				1,
				0,
				2,
				0,
				3,
				0
			]
		},
		{
			"Target": "Parameter",
			"Id": "Param122",
			"Segments": [
				0,
				0,
				1,
				1,
				0,
				2,
				0,
				3,
				0
			]
		},
		{
			"Target": "Parameter",
			"Id": "Param198pp",
			"Segments": [
				0,
				-30,
				0,
				3,
				-30
			]
		},
		{
			"Target": "Parameter",
			"Id": "Param199pp",
			"Segments": [
				0,
				-30,
				0,
				3,
				-30
			]
		},
		{
			"Target": "Parameter",
			"Id": "Param200pp",
			"Segments": [
				0,
				0,
				0,
				3,
				0
			]
		},
		{
			"Target": "Parameter",
			"Id": "Param201pp",
			"Segments": [
				0,
				0,
				0,
				3,
				0
			]
		},
		{
			"Target": "Parameter",
			"Id": "Param202pp",
			"Segments": [
				0,
				0,
				0,
				3,
				0
			]
		},
		{
			"Target": "Parameter",
			"Id": "Param203pp",
			"Segments": [
				0,
				0,
				0,
				3,
				0
			]
		},
		{
			"Target": "Parameter",
			"Id": "Param204pp",
			"Segments": [
				0,
				0,
				0,
				3,
				0
			]
		},
		{
			"Target": "Parameter",
			"Id": "Param205pp",
			"Segments": [
				0,
				0,
				0,
				3,
				0
			]
		},
		{
			"Target": "Parameter",
			"Id": "Param206pp",
			"Segments": [
				0,
				0,
				0,
				3,
				0
			]
		},
		{
			"Target": "Parameter",
			"Id": "Param207pp",
			"Segments": [
				0,
				0,
				0,
				3,
				0
			]
		},
		{
			"Target": "Parameter",
			"Id": "Param208pp",
			"Segments": [
				0,
				0,
				0,
				3,
				0
			]
		},
		{
			"Target": "Parameter",
			"Id": "Param209pp",
			"Segments": [
				0,
				0,
				0,
				3,
				0
			]
		},
		{
			"Target": "Parameter",
			"Id": "Param210pp",
			"Segments": [
				0,
				0,
				0,
				3,
				0
			]
		},
		{
			"Target": "Parameter",
			"Id": "Param211pp",
			"Segments": [
				0,
				0,
				0,
				3,
				0
			]
		},
		{
			"Target": "Parameter",
			"Id": "Param212pp",
			"Segments": [
				0,
				0,
				0,
				3,
				0
			]
		},
		{
			"Target": "Parameter",
			"Id": "Param213pp",
			"Segments": [
				0,
				0,
				0,
				3,
				0
			]
		},
		{
			"Target": "Parameter",
			"Id": "Param214pp",
			"Segments": [
				0,
				0,
				0,
				3,
				0
			]
		},
		{
			"Target": "Parameter",
			"Id": "Param215pp",
			"Segments": [
				0,
				0,
				0,
				3,
				0
			]
		},
		{
			"Target": "Parameter",
			"Id": "Param216pp",
			"Segments": [
				0,
				0,
				0,
				3,
				0
			]
		},
		{
			"Target": "Parameter",
			"Id": "Param217pp",
			"Segments": [
				0,
				0,
				0,
				3,
				0
			]
		},
		{
			"Target": "PartOpacity",
			"Id": "Part52",
			"Segments": [
				0,
				1,
				0,
				3,
				1
			]
		},
		{
			"Target": "PartOpacity",
			"Id": "Part40",
			"Segments": [
				0,
				1,
				0,
				3,
				1
			]
		},
		{
			"Target": "PartOpacity",
			"Id": "Part44",
			"Segments": [
				0,
				1,
				0,
				3,
				1
			]
		},
		{
			"Target": "PartOpacity",
			"Id": "Part45",
			"Segments": [
				0,
				1,
				0,
				3,
				1
			]
		},
		{
			"Target": "PartOpacity",
			"Id": "Part53",
			"Segments": [
				0,
				1,
				0,
				3,
				1
			]
		},
		{
			"Target": "PartOpacity",
			"Id": "Part41",
			"Segments": [
				0,
				1,
				0,
				3,
				1
			]
		},
		{
			"Target": "PartOpacity",
			"Id": "Part43",
			"Segments": [
				0,
				1,
				0,
				3,
				1
			]
		},
		{
			"Target": "PartOpacity",
			"Id": "Part39",
			"Segments": [
				0,
				1,
				2,
				3,
				1
			]
		},
		{
			"Target": "PartOpacity",
			"Id": "Part37",
			"Segments": [
				0,
				1,
				2,
				3,
				1
			]
		},
		{
			"Target": "PartOpacity",
			"Id": "Part36",
			"Segments": [
				0,
				1,
				2,
				3,
				1
			]
		},
		{
			"Target": "PartOpacity",
			"Id": "Part5",
			"Segments": [
				0,
				1,
				2,
				3,
				1
			]
		},
		{
			"Target": "PartOpacity",
			"Id": "Part2",
			"Segments": [
				0,
				1,
				2,
				3,
				1
			]
		},
		{
			"Target": "PartOpacity",
			"Id": "Part3",
			"Segments": [
				0,
				1,
				2,
				3,
				1
			]
		},
		{
			"Target": "PartOpacity",
			"Id": "Part6",
			"Segments": [
				0,
				1,
				2,
				3,
				1
			]
		},
		{
			"Target": "PartOpacity",
			"Id": "Part4",
			"Segments": [
				0,
				1,
				2,
				3,
				1
			]
		},
		{
			"Target": "PartOpacity",
			"Id": "Part",
			"Segments": [
				0,
				1,
				2,
				3,
				1
			]
		},
		{
			"Target": "PartOpacity",
			"Id": "Part31",
			"Segments": [
				0,
				1,
				2,
				3,
				1
			]
		},
		{
			"Target": "PartOpacity",
			"Id": "Part29",
			"Segments": [
				0,
				1,
				2,
				3,
				1
			]
		},
		{
			"Target": "PartOpacity",
			"Id": "Part13",
			"Segments": [
				0,
				1,
				2,
				3,
				1
			]
		},
		{
			"Target": "PartOpacity",
			"Id": "Part14",
			"Segments": [
				0,
				1,
				2,
				3,
				1
			]
		},
		{
			"Target": "PartOpacity",
			"Id": "Part15",
			"Segments": [
				0,
				1,
				2,
				3,
				1
			]
		},
		{
			"Target": "PartOpacity",
			"Id": "Part11",
			"Segments": [
				0,
				1,
				2,
				3,
				1
			]
		},
		{
			"Target": "PartOpacity",
			"Id": "Part12",
			"Segments": [
				0,
				1,
				2,
				3,
				1
			]
		},
		{
			"Target": "PartOpacity",
			"Id": "Part16",
			"Segments": [
				0,
				1,
				2,
				3,
				1
			]
		},
		{
			"Target": "PartOpacity",
			"Id": "Part30",
			"Segments": [
				0,
				1,
				2,
				3,
				1
			]
		},
		{
			"Target": "PartOpacity",
			"Id": "Part17",
			"Segments": [
				0,
				1,
				2,
				3,
				1
			]
		},
		{
			"Target": "PartOpacity",
			"Id": "Part18",
			"Segments": [
				0,
				1,
				2,
				3,
				1
			]
		},
		{
			"Target": "PartOpacity",
			"Id": "Part28",
			"Segments": [
				0,
				1,
				2,
				3,
				1
			]
		},
		{
			"Target": "PartOpacity",
			"Id": "Part19",
			"Segments": [
				0,
				1,
				2,
				3,
				1
			]
		},
		{
			"Target": "PartOpacity",
			"Id": "Part20",
			"Segments": [
				0,
				1,
				2,
				3,
				1
			]
		},
		{
			"Target": "PartOpacity",
			"Id": "Part33",
			"Segments": [
				0,
				1,
				2,
				3,
				1
			]
		},
		{
			"Target": "PartOpacity",
			"Id": "Part32",
			"Segments": [
				0,
				1,
				2,
				3,
				1
			]
		},
		{
			"Target": "PartOpacity",
			"Id": "Part38",
			"Segments": [
				0,
				1,
				2,
				3,
				1
			]
		},
		{
			"Target": "PartOpacity",
			"Id": "Part7",
			"Segments": [
				0,
				1,
				2,
				3,
				1
			]
		},
		{
			"Target": "PartOpacity",
			"Id": "Part35",
			"Segments": [
				0,
				1,
				2,
				3,
				1
			]
		},
		{
			"Target": "PartOpacity",
			"Id": "Part10",
			"Segments": [
				0,
				1,
				2,
				3,
				1
			]
		},
		{
			"Target": "PartOpacity",
			"Id": "Part27",
			"Segments": [
				0,
				1,
				2,
				3,
				1
			]
		},
		{
			"Target": "PartOpacity",
			"Id": "Part34",
			"Segments": [
				0,
				1,
				2,
				3,
				1
			]
		},
		{
			"Target": "PartOpacity",
			"Id": "Part8",
			"Segments": [
				0,
				1,
				2,
				3,
				1
			]
		},
		{
			"Target": "PartOpacity",
			"Id": "Part9",
			"Segments": [
				0,
				1,
				2,
				3,
				1
			]
		},
		{
			"Target": "PartOpacity",
			"Id": "ArtMesh122_Skinning",
			"Segments": [
				0,
				1,
				2,
				3,
				1
			]
		},
		{
			"Target": "PartOpacity",
			"Id": "Part21",
			"Segments": [
				0,
				1,
				2,
				3,
				1
			]
		},
		{
			"Target": "PartOpacity",
			"Id": "Part22",
			"Segments": [
				0,
				1,
				2,
				3,
				1
			]
		},
		{
			"Target": "PartOpacity",
			"Id": "Part23",
			"Segments": [
				0,
				1,
				2,
				3,
				1
			]
		},
		{
			"Target": "PartOpacity",
			"Id": "Part24",
			"Segments": [
				0,
				1,
				2,
				3,
				1
			]
		},
		{
			"Target": "PartOpacity",
			"Id": "Part25",
			"Segments": [
				0,
				1,
				2,
				3,
				1
			]
		},
		{
			"Target": "PartOpacity",
			"Id": "Part26",
			"Segments": [
				0,
				1,
				2,
				3,
				1
			]
		},
		{
			"Target": "PartOpacity",
			"Id": "ArtMesh133_Skinning",
			"Segments": [
				0,
				1,
				2,
				3,
				1
			]
		},
		{
			"Target": "PartOpacity",
			"Id": "ArtMesh122_Skinning2",
			"Segments": [
				0,
				1,
				2,
				3,
				1
			]
		}
	]
}