{
	"Version": 3,
	"Meta": {
		"Duration": 2.8,
		"Fps": 30.0,
		"Loop": true,
		"AreBeziersRestricted": false,
		"CurveCount": 298,
		"TotalSegmentCount": 519,
		"TotalPointCount": 1619,
		"UserDataCount": 0,
		"TotalUserDataSize": 0
	},
	"Curves": [
		{
			"Target": "Model",
			"Id": "Opacity",
			"Segments": [
				0,
				1,
				1,
				0.93,
				1,
				1.87,
				1,
				2.8,
				1
			]
		},
		{
			"Target": "Parameter",
			"Id": "Param2",
			"Segments": [
				0,
				-2.888,
				1,
				0.078,
				-2.888,
				0.156,
				-9,
				0.233,
				-9,
				1,
				0.356,
				-9,
				0.478,
				3,
				0.6,
				3,
				1,
				0.911,
				3,
				1.222,
				-0.574,
				1.533,
				-0.574,
				1,
				1.844,
				-0.574,
				2.156,
				3,
				2.467,
				3,
				1,
				2.578,
				3,
				2.689,
				-2.888,
				2.8,
				-2.888
			]
		},
		{
			"Target": "Parameter",
			"Id": "Param180",
			"Segments": [
				0,
				0,
				0,
				2.8,
				0
			]
		},
		{
			"Target": "Parameter",
			"Id": "Param38",
			"Segments": [
				0,
				0,
				1,
				0.933,
				0,
				1.867,
				0,
				2.8,
				0
			]
		},
		{
			"Target": "Parameter",
			"Id": "Param129",
			"Segments": [
				0,
				0,
				1,
				0.933,
				0,
				1.867,
				0,
				2.8,
				0
			]
		},
		{
			"Target": "Parameter",
			"Id": "Param5",
			"Segments": [
				0,
				0.067,
				1,
				0.1,
				-0.188,
				0.2,
				-3,
				0.3,
				-3,
				1,
				0.422,
				-3,
				0.544,
				3,
				0.667,
				3,
				1,
				0.978,
				3,
				1.289,
				1,
				1.6,
				1,
				1,
				1.911,
				1,
				2.222,
				3,
				2.533,
				3,
				1,
				2.622,
				3,
				2.711,
				0.067,
				2.8,
				0.067
			]
		},
		{
			"Target": "Parameter",
			"Id": "Param",
			"Segments": [
				0,
				-14.398,
				1,
				0.122,
				-23.268,
				0.244,
				-26,
				0.367,
				-26,
				1,
				0.489,
				-26,
				0.611,
				-3,
				0.733,
				-3,
				1,
				1.044,
				-3,
				1.356,
				-6.204,
				1.667,
				-6.204,
				1,
				1.978,
				-6.204,
				2.289,
				-3,
				2.6,
				-3,
				1,
				2.667,
				-3,
				2.733,
				-14.398,
				2.8,
				-14.398
			]
		},
		{
			"Target": "Parameter",
			"Id": "Param131",
			"Segments": [
				0,
				0,
				1,
				0.933,
				0,
				1.867,
				0,
				2.8,
				0
			]
		},
		{
			"Target": "Parameter",
			"Id": "Param50",
			"Segments": [
				0,
				-2.23,
				1,
				0.933,
				-2.23,
				1.867,
				-2.23,
				2.8,
				-2.23
			]
		},
		{
			"Target": "Parameter",
			"Id": "Param39",
			"Segments": [
				0,
				-2.607,
				1,
				0.089,
				-2.607,
				0.178,
				-14,
				0.267,
				-14,
				1,
				0.389,
				-14,
				0.511,
				2,
				0.633,
				2,
				1,
				0.944,
				2,
				1.256,
				0.302,
				1.567,
				0.302,
				1,
				1.878,
				0.302,
				2.189,
				2,
				2.5,
				2,
				1,
				2.6,
				2,
				2.7,
				-2.607,
				2.8,
				-2.607
			]
		},
		{
			"Target": "Parameter",
			"Id": "Param41",
			"Segments": [
				0,
				0,
				1,
				0.933,
				0,
				1.867,
				0,
				2.8,
				0
			]
		},
		{
			"Target": "Parameter",
			"Id": "Param130",
			"Segments": [
				0,
				0,
				1,
				0.933,
				0,
				1.867,
				0,
				2.8,
				0
			]
		},
		{
			"Target": "Parameter",
			"Id": "Param40",
			"Segments": [
				0,
				0.133,
				1,
				0.111,
				-0.439,
				0.222,
				-5,
				0.333,
				-5,
				1,
				0.456,
				-5,
				0.578,
				3,
				0.7,
				3,
				1,
				1.011,
				3,
				1.322,
				2,
				1.633,
				2,
				1,
				1.944,
				2,
				2.256,
				3,
				2.567,
				3,
				1,
				2.644,
				3,
				2.722,
				0.133,
				2.8,
				0.133
			]
		},
		{
			"Target": "Parameter",
			"Id": "Param49",
			"Segments": [
				0,
				-7.844,
				1,
				0.133,
				-7.844,
				0.267,
				15,
				0.4,
				15,
				1,
				0.522,
				15,
				0.644,
				-2,
				0.767,
				-2,
				1,
				1.078,
				-2,
				1.389,
				-0.086,
				1.7,
				-0.086,
				1,
				2.011,
				-0.086,
				2.322,
				-0.524,
				2.633,
				-2,
				1,
				2.689,
				-2.264,
				2.744,
				-7.844,
				2.8,
				-7.844
			]
		},
		{
			"Target": "Parameter",
			"Id": "Param84",
			"Segments": [
				0,
				-2.23,
				1,
				0.933,
				-2.23,
				1.867,
				-2.23,
				2.8,
				-2.23
			]
		},
		{
			"Target": "Parameter",
			"Id": "Param139",
			"Segments": [
				0,
				0,
				1,
				0.933,
				0,
				1.867,
				0,
				2.8,
				0
			]
		},
		{
			"Target": "Parameter",
			"Id": "Param171",
			"Segments": [
				0,
				0,
				1,
				0.933,
				0,
				1.867,
				0,
				2.8,
				0
			]
		},
		{
			"Target": "Parameter",
			"Id": "Param170",
			"Segments": [
				0,
				0,
				1,
				0.933,
				0,
				1.867,
				0,
				2.8,
				0
			]
		},
		{
			"Target": "Parameter",
			"Id": "Param191",
			"Segments": [
				0,
				0,
				0,
				2.8,
				0
			]
		},
		{
			"Target": "Parameter",
			"Id": "ParamEyeLOpen",
			"Segments": [
				0,
				1,
				1,
				0.156,
				1,
				0.311,
				0.7,
				0.467,
				0.7,
				1,
				1.122,
				0.7,
				1.778,
				0.7,
				2.433,
				0.7,
				1,
				2.556,
				0.7,
				2.678,
				1,
				2.8,
				1
			]
		},
		{
			"Target": "Parameter",
			"Id": "ParamEyeLSmile",
			"Segments": [
				0,
				0,
				1,
				0.933,
				0,
				1.867,
				0,
				2.8,
				0
			]
		},
		{
			"Target": "Parameter",
			"Id": "ParamEyeROpen",
			"Segments": [
				0,
				1,
				1,
				0.156,
				1,
				0.311,
				0.7,
				0.467,
				0.7,
				1,
				1.122,
				0.7,
				1.778,
				0.7,
				2.433,
				0.7,
				1,
				2.556,
				0.7,
				2.678,
				1,
				2.8,
				1
			]
		},
		{
			"Target": "Parameter",
			"Id": "ParamEyeRSmile",
			"Segments": [
				0,
				0,
				1,
				0.933,
				0,
				1.867,
				0,
				2.8,
				0
			]
		},
		{
			"Target": "Parameter",
			"Id": "ParamEyeBallX",
			"Segments": [
				0,
				0,
				1,
				0.067,
				0,
				0.133,
				0.2,
				0.2,
				0.2,
				1,
				0.944,
				0.2,
				1.689,
				0.2,
				2.433,
				0.2,
				1,
				2.556,
				0.2,
				2.678,
				0,
				2.8,
				0
			]
		},
		{
			"Target": "Parameter",
			"Id": "ParamEyeBallY",
			"Segments": [
				0,
				0,
				1,
				0.067,
				0,
				0.133,
				-0.4,
				0.2,
				-0.4,
				1,
				0.944,
				-0.4,
				1.689,
				-0.4,
				2.433,
				-0.4,
				1,
				2.556,
				-0.4,
				2.678,
				0,
				2.8,
				0
			]
		},
		{
			"Target": "Parameter",
			"Id": "ParamBrowLY",
			"Segments": [
				0,
				0,
				1,
				0.067,
				0,
				0.133,
				0.4,
				0.2,
				0.4,
				1,
				0.944,
				0.4,
				1.689,
				0.4,
				2.433,
				0.4,
				1,
				2.556,
				0.4,
				2.678,
				0,
				2.8,
				0
			]
		},
		{
			"Target": "Parameter",
			"Id": "ParamBrowRY",
			"Segments": [
				0,
				0,
				1,
				0.067,
				0,
				0.133,
				0.4,
				0.2,
				0.4,
				1,
				0.944,
				0.4,
				1.689,
				0.4,
				2.433,
				0.4,
				1,
				2.556,
				0.4,
				2.678,
				0,
				2.8,
				0
			]
		},
		{
			"Target": "Parameter",
			"Id": "ParamBrowLForm",
			"Segments": [
				0,
				0,
				1,
				0.067,
				0,
				0.133,
				0.2,
				0.2,
				0.2,
				1,
				0.944,
				0.2,
				1.689,
				0.2,
				2.433,
				0.2,
				1,
				2.556,
				0.2,
				2.678,
				0,
				2.8,
				0
			]
		},
		{
			"Target": "Parameter",
			"Id": "ParamBrowRForm",
			"Segments": [
				0,
				0,
				1,
				0.067,
				0,
				0.133,
				0,
				0.2,
				0,
				1,
				0.944,
				0,
				1.689,
				0,
				2.433,
				0,
				1,
				2.556,
				0,
				2.678,
				0,
				2.8,
				0
			]
		},
		{
			"Target": "Parameter",
			"Id": "Param85",
			"Segments": [
				0,
				0,
				1,
				0.067,
				0,
				0.133,
				-30,
				0.2,
				-30,
				1,
				0.944,
				-30,
				1.689,
				-30,
				2.433,
				-30,
				1,
				2.556,
				-30,
				2.678,
				0,
				2.8,
				0
			]
		},
		{
			"Target": "Parameter",
			"Id": "Param86",
			"Segments": [
				0,
				0,
				1,
				0.067,
				0,
				0.133,
				-30,
				0.2,
				-30,
				1,
				0.944,
				-30,
				1.689,
				-30,
				2.433,
				-30,
				1,
				2.556,
				-30,
				2.678,
				0,
				2.8,
				0
			]
		},
		{
			"Target": "Parameter",
			"Id": "ParamMouthForm",
			"Segments": [
				0,
				0,
				1,
				0.067,
				0,
				0.133,
				1,
				0.2,
				1,
				1,
				0.944,
				1,
				1.689,
				1,
				2.433,
				1,
				1,
				2.556,
				1,
				2.678,
				0,
				2.8,
				0
			]
		},
		{
			"Target": "Parameter",
			"Id": "ParamMouthOpenY",
			"Segments": [
				0,
				0,
				1,
				0.933,
				0,
				1.867,
				0,
				2.8,
				0
			]
		},
		{
			"Target": "Parameter",
			"Id": "Param57",
			"Segments": [
				0,
				0,
				1,
				0.067,
				0,
				0.133,
				0,
				0.2,
				0,
				1,
				0.944,
				0,
				1.689,
				0,
				2.433,
				0,
				1,
				2.556,
				0,
				2.678,
				0,
				2.8,
				0
			]
		},
		{
			"Target": "Parameter",
			"Id": "Param71",
			"Segments": [
				0,
				0,
				1,
				0.933,
				0,
				1.867,
				0,
				2.8,
				0
			]
		},
		{
			"Target": "Parameter",
			"Id": "Param78",
			"Segments": [
				0,
				0,
				1,
				0.933,
				0,
				1.867,
				0,
				2.8,
				0
			]
		},
		{
			"Target": "Parameter",
			"Id": "Param58",
			"Segments": [
				0,
				0,
				1,
				0.933,
				0,
				1.867,
				0,
				2.8,
				0
			]
		},
		{
			"Target": "Parameter",
			"Id": "Param67",
			"Segments": [
				0,
				0,
				1,
				0.933,
				0,
				1.867,
				0,
				2.8,
				0
			]
		},
		{
			"Target": "Parameter",
			"Id": "Param68",
			"Segments": [
				0,
				0,
				1,
				0.933,
				0,
				1.867,
				0,
				2.8,
				0
			]
		},
		{
			"Target": "Parameter",
			"Id": "Param69",
			"Segments": [
				0,
				1,
				1,
				0.933,
				1,
				1.867,
				1,
				2.8,
				1
			]
		},
		{
			"Target": "Parameter",
			"Id": "Param193",
			"Segments": [
				0,
				0,
				0,
				2.8,
				0
			]
		},
		{
			"Target": "Parameter",
			"Id": "Param197",
			"Segments": [
				0,
				0,
				0,
				2.8,
				0
			]
		},
		{
			"Target": "Parameter",
			"Id": "Param195",
			"Segments": [
				0,
				0,
				0,
				2.8,
				0
			]
		},
		{
			"Target": "Parameter",
			"Id": "Param181",
			"Segments": [
				0,
				0,
				0,
				2.8,
				0
			]
		},
		{
			"Target": "Parameter",
			"Id": "Param184",
			"Segments": [
				0,
				0,
				0,
				2.8,
				0
			]
		},
		{
			"Target": "Parameter",
			"Id": "Param182",
			"Segments": [
				0,
				0,
				0,
				2.8,
				0
			]
		},
		{
			"Target": "Parameter",
			"Id": "Param183",
			"Segments": [
				0,
				0,
				0,
				2.8,
				0
			]
		},
		{
			"Target": "Parameter",
			"Id": "Param188",
			"Segments": [
				0,
				0,
				0,
				2.8,
				0
			]
		},
		{
			"Target": "Parameter",
			"Id": "Param149",
			"Segments": [
				0,
				0,
				1,
				0.933,
				0,
				1.867,
				0,
				2.8,
				0
			]
		},
		{
			"Target": "Parameter",
			"Id": "Param172",
			"Segments": [
				0,
				1,
				1,
				0.933,
				1,
				1.867,
				1,
				2.8,
				1
			]
		},
		{
			"Target": "Parameter",
			"Id": "Param163",
			"Segments": [
				0,
				-30,
				1,
				0.1,
				-30,
				0.2,
				-30,
				0.3,
				-30,
				0,
				0.967,
				30,
				0,
				1,
				-30,
				0,
				1.567,
				30,
				0,
				1.6,
				-30,
				0,
				1.967,
				30,
				0,
				2,
				-30,
				0,
				2.533,
				30,
				0,
				2.567,
				-30,
				0,
				2.8,
				-30
			]
		},
		{
			"Target": "Parameter",
			"Id": "Param164",
			"Segments": [
				0,
				-30,
				1,
				0.056,
				-30,
				0.111,
				-30,
				0.167,
				-30,
				0,
				0.7,
				30,
				0,
				0.733,
				-30,
				0,
				1.367,
				30,
				0,
				1.4,
				-30,
				0,
				2.133,
				30,
				0,
				2.167,
				-30,
				0,
				2.8,
				-30
			]
		},
		{
			"Target": "Parameter",
			"Id": "Param165",
			"Segments": [
				0,
				-30,
				1,
				0.122,
				-30,
				0.244,
				-30,
				0.367,
				-30,
				0,
				0.9,
				30,
				0,
				0.933,
				-30,
				0,
				1.3,
				30,
				0,
				1.333,
				-30,
				0,
				1.867,
				30,
				0,
				1.9,
				-30,
				0,
				2.567,
				30,
				0,
				2.6,
				-30,
				0,
				2.8,
				-30
			]
		},
		{
			"Target": "Parameter",
			"Id": "Param150",
			"Segments": [
				0,
				0,
				1,
				0.933,
				0,
				1.867,
				0,
				2.8,
				0
			]
		},
		{
			"Target": "Parameter",
			"Id": "Param151",
			"Segments": [
				0,
				0,
				1,
				0.933,
				0,
				1.867,
				0,
				2.8,
				0
			]
		},
		{
			"Target": "Parameter",
			"Id": "Param159",
			"Segments": [
				0,
				1,
				1,
				0.933,
				1,
				1.867,
				1,
				2.8,
				1
			]
		},
		{
			"Target": "Parameter",
			"Id": "Param160",
			"Segments": [
				0,
				1,
				1,
				0.933,
				1,
				1.867,
				1,
				2.8,
				1
			]
		},
		{
			"Target": "Parameter",
			"Id": "Param147",
			"Segments": [
				0,
				-30,
				0,
				2.8,
				-30
			]
		},
		{
			"Target": "Parameter",
			"Id": "Param148",
			"Segments": [
				0,
				-30,
				0,
				2.8,
				-30
			]
		},
		{
			"Target": "Parameter",
			"Id": "Param146",
			"Segments": [
				0,
				0,
				1,
				0.933,
				0,
				1.867,
				0,
				2.8,
				0
			]
		},
		{
			"Target": "Parameter",
			"Id": "Param144",
			"Segments": [
				0,
				0,
				1,
				0.933,
				0,
				1.867,
				0,
				2.8,
				0
			]
		},
		{
			"Target": "Parameter",
			"Id": "Param161",
			"Segments": [
				0,
				-30,
				1,
				0.933,
				-30,
				1.867,
				-30,
				2.8,
				-30
			]
		},
		{
			"Target": "Parameter",
			"Id": "Param162",
			"Segments": [
				0,
				0,
				1,
				0.933,
				0,
				1.867,
				0,
				2.8,
				0
			]
		},
		{
			"Target": "Parameter",
			"Id": "Param143",
			"Segments": [
				0,
				0,
				1,
				0.933,
				0,
				1.867,
				0,
				2.8,
				0
			]
		},
		{
			"Target": "Parameter",
			"Id": "Param145",
			"Segments": [
				0,
				0,
				1,
				0.933,
				0,
				1.867,
				0,
				2.8,
				0
			]
		},
		{
			"Target": "Parameter",
			"Id": "Param152",
			"Segments": [
				0,
				-30,
				1,
				0.933,
				-30,
				1.867,
				-30,
				2.8,
				-30
			]
		},
		{
			"Target": "Parameter",
			"Id": "Param157",
			"Segments": [
				0,
				0,
				1,
				0.933,
				0,
				1.867,
				0,
				2.8,
				0
			]
		},
		{
			"Target": "Parameter",
			"Id": "Param158",
			"Segments": [
				0,
				-30,
				1,
				0.933,
				-30,
				1.867,
				-30,
				2.8,
				-30
			]
		},
		{
			"Target": "Parameter",
			"Id": "Param154",
			"Segments": [
				0,
				0,
				1,
				0.933,
				0,
				1.867,
				0,
				2.8,
				0
			]
		},
		{
			"Target": "Parameter",
			"Id": "Param153",
			"Segments": [
				0,
				-30,
				1,
				0.933,
				-30,
				1.867,
				-30,
				2.8,
				-30
			]
		},
		{
			"Target": "Parameter",
			"Id": "Param155",
			"Segments": [
				0,
				0,
				1,
				0.933,
				0,
				1.867,
				0,
				2.8,
				0
			]
		},
		{
			"Target": "Parameter",
			"Id": "Param156",
			"Segments": [
				0,
				-30,
				1,
				0.933,
				-30,
				1.867,
				-30,
				2.8,
				-30
			]
		},
		{
			"Target": "Parameter",
			"Id": "Param65",
			"Segments": [
				0,
				0,
				1,
				0.933,
				0,
				1.867,
				0,
				2.8,
				0
			]
		},
		{
			"Target": "Parameter",
			"Id": "Param141",
			"Segments": [
				0,
				0,
				1,
				0.933,
				0,
				1.867,
				0,
				2.8,
				0
			]
		},
		{
			"Target": "Parameter",
			"Id": "Param66",
			"Segments": [
				0,
				0,
				1,
				0.933,
				0,
				1.867,
				0,
				2.8,
				0
			]
		},
		{
			"Target": "Parameter",
			"Id": "Param142",
			"Segments": [
				0,
				0,
				1,
				0.933,
				0,
				1.867,
				0,
				2.8,
				0
			]
		},
		{
			"Target": "Parameter",
			"Id": "Param166",
			"Segments": [
				0,
				0,
				1,
				0.933,
				0,
				1.867,
				0,
				2.8,
				0
			]
		},
		{
			"Target": "Parameter",
			"Id": "Param61",
			"Segments": [
				0,
				0,
				1,
				0.933,
				0,
				1.867,
				0,
				2.8,
				0
			]
		},
		{
			"Target": "Parameter",
			"Id": "Param62",
			"Segments": [
				0,
				0,
				1,
				0.933,
				0,
				1.867,
				0,
				2.8,
				0
			]
		},
		{
			"Target": "Parameter",
			"Id": "Param81",
			"Segments": [
				0,
				0,
				1,
				0.933,
				0,
				1.867,
				0,
				2.8,
				0
			]
		},
		{
			"Target": "Parameter",
			"Id": "Param59",
			"Segments": [
				0,
				0,
				1,
				0.933,
				0,
				1.867,
				0,
				2.8,
				0
			]
		},
		{
			"Target": "Parameter",
			"Id": "Param60",
			"Segments": [
				0,
				0,
				1,
				0.933,
				0,
				1.867,
				0,
				2.8,
				0
			]
		},
		{
			"Target": "Parameter",
			"Id": "Param4",
			"Segments": [
				0,
				0,
				1,
				0.933,
				0,
				1.867,
				0,
				2.8,
				0
			]
		},
		{
			"Target": "Parameter",
			"Id": "Param51",
			"Segments": [
				0,
				0,
				1,
				0.933,
				0,
				1.867,
				0,
				2.8,
				0
			]
		},
		{
			"Target": "Parameter",
			"Id": "Param52",
			"Segments": [
				0,
				0,
				1,
				0.933,
				0,
				1.867,
				0,
				2.8,
				0
			]
		},
		{
			"Target": "Parameter",
			"Id": "Param53",
			"Segments": [
				0,
				0,
				1,
				0.933,
				0,
				1.867,
				0,
				2.8,
				0
			]
		},
		{
			"Target": "Parameter",
			"Id": "Param54",
			"Segments": [
				0,
				0,
				1,
				0.933,
				0,
				1.867,
				0,
				2.8,
				0
			]
		},
		{
			"Target": "Parameter",
			"Id": "Param55",
			"Segments": [
				0,
				0,
				1,
				0.933,
				0,
				1.867,
				0,
				2.8,
				0
			]
		},
		{
			"Target": "Parameter",
			"Id": "Param3",
			"Segments": [
				0,
				0,
				1,
				0.933,
				0,
				1.867,
				0,
				2.8,
				0
			]
		},
		{
			"Target": "Parameter",
			"Id": "Param79",
			"Segments": [
				0,
				0,
				1,
				0.933,
				0,
				1.867,
				0,
				2.8,
				0
			]
		},
		{
			"Target": "Parameter",
			"Id": "Param80",
			"Segments": [
				0,
				0,
				1,
				0.933,
				0,
				1.867,
				0,
				2.8,
				0
			]
		},
		{
			"Target": "Parameter",
			"Id": "Param87",
			"Segments": [
				0,
				0,
				1,
				0.933,
				0,
				1.867,
				0,
				2.8,
				0
			]
		},
		{
			"Target": "Parameter",
			"Id": "Param88",
			"Segments": [
				0,
				0,
				1,
				0.933,
				0,
				1.867,
				0,
				2.8,
				0
			]
		},
		{
			"Target": "Parameter",
			"Id": "Param132",
			"Segments": [
				0,
				0,
				1,
				0.933,
				0,
				1.867,
				0,
				2.8,
				0
			]
		},
		{
			"Target": "Parameter",
			"Id": "Param133",
			"Segments": [
				0,
				0,
				1,
				0.933,
				0,
				1.867,
				0,
				2.8,
				0
			]
		},
		{
			"Target": "Parameter",
			"Id": "Param178",
			"Segments": [
				0,
				0,
				0,
				2.8,
				0
			]
		},
		{
			"Target": "Parameter",
			"Id": "Param48",
			"Segments": [
				0,
				0,
				1,
				0.933,
				0,
				1.867,
				0,
				2.8,
				0
			]
		},
		{
			"Target": "Parameter",
			"Id": "Param63",
			"Segments": [
				0,
				0,
				1,
				0.933,
				0,
				1.867,
				0,
				2.8,
				0
			]
		},
		{
			"Target": "Parameter",
			"Id": "Param64",
			"Segments": [
				0,
				0,
				1,
				0.933,
				0,
				1.867,
				0,
				2.8,
				0
			]
		},
		{
			"Target": "Parameter",
			"Id": "Param127",
			"Segments": [
				0,
				0,
				1,
				0.933,
				0,
				1.867,
				0,
				2.8,
				0
			]
		},
		{
			"Target": "Parameter",
			"Id": "Param138",
			"Segments": [
				0,
				0,
				1,
				0.933,
				0,
				1.867,
				0,
				2.8,
				0
			]
		},
		{
			"Target": "Parameter",
			"Id": "Param125",
			"Segments": [
				0,
				0,
				1,
				0.933,
				0,
				1.867,
				0,
				2.8,
				0
			]
		},
		{
			"Target": "Parameter",
			"Id": "Param128",
			"Segments": [
				0,
				0,
				1,
				0.933,
				0,
				1.867,
				0,
				2.8,
				0
			]
		},
		{
			"Target": "Parameter",
			"Id": "Param126",
			"Segments": [
				0,
				0,
				0,
				2.8,
				0
			]
		},
		{
			"Target": "Parameter",
			"Id": "Param124",
			"Segments": [
				0,
				0,
				1,
				0.933,
				0,
				1.867,
				0,
				2.8,
				0
			]
		},
		{
			"Target": "Parameter",
			"Id": "Param179",
			"Segments": [
				0,
				0,
				0,
				2.8,
				0
			]
		},
		{
			"Target": "Parameter",
			"Id": "Param192",
			"Segments": [
				0,
				0,
				0,
				2.8,
				0
			]
		},
		{
			"Target": "Parameter",
			"Id": "Param189",
			"Segments": [
				0,
				0,
				0,
				2.8,
				0
			]
		},
		{
			"Target": "Parameter",
			"Id": "Param137",
			"Segments": [
				0,
				0,
				1,
				0.933,
				0,
				1.867,
				0,
				2.8,
				0
			]
		},
		{
			"Target": "Parameter",
			"Id": "Param46",
			"Segments": [
				0,
				0,
				1,
				0.933,
				0,
				1.867,
				0,
				2.8,
				0
			]
		},
		{
			"Target": "Parameter",
			"Id": "Param47",
			"Segments": [
				0,
				0,
				1,
				0.933,
				0,
				1.867,
				0,
				2.8,
				0
			]
		},
		{
			"Target": "Parameter",
			"Id": "Param196",
			"Segments": [
				0,
				0,
				0,
				2.8,
				0
			]
		},
		{
			"Target": "Parameter",
			"Id": "Param123",
			"Segments": [
				0,
				0,
				1,
				0.933,
				0,
				1.867,
				0,
				2.8,
				0
			]
		},
		{
			"Target": "Parameter",
			"Id": "Param134",
			"Segments": [
				0,
				0,
				1,
				0.933,
				0,
				1.867,
				0,
				2.8,
				0
			]
		},
		{
			"Target": "Parameter",
			"Id": "Param135",
			"Segments": [
				0,
				0,
				1,
				0.933,
				0,
				1.867,
				0,
				2.8,
				0
			]
		},
		{
			"Target": "Parameter",
			"Id": "Param136",
			"Segments": [
				0,
				0,
				1,
				0.933,
				0,
				1.867,
				0,
				2.8,
				0
			]
		},
		{
			"Target": "Parameter",
			"Id": "Param_Angle_Rotation5",
			"Segments": [
				0,
				-3.15,
				1,
				0.089,
				-2.936,
				0.178,
				6.311,
				0.267,
				6.311,
				1,
				0.411,
				6.311,
				0.556,
				-15,
				0.7,
				-15,
				1,
				1.011,
				-15,
				1.322,
				0.028,
				1.633,
				0.028,
				1,
				2.022,
				0.028,
				2.411,
				-3.15,
				2.8,
				-3.15
			]
		},
		{
			"Target": "Parameter",
			"Id": "Param_Angle_Rotation6",
			"Segments": [
				0,
				0.259,
				1,
				0.111,
				0.386,
				0.222,
				4.368,
				0.333,
				4.368,
				1,
				0.478,
				4.368,
				0.622,
				-3.33,
				0.767,
				-3.33,
				1,
				1.078,
				-3.33,
				1.389,
				0.874,
				1.7,
				0.874,
				1,
				2.067,
				0.874,
				2.433,
				0.259,
				2.8,
				0.259
			]
		},
		{
			"Target": "Parameter",
			"Id": "Param_Angle_Rotation7",
			"Segments": [
				0,
				1.362,
				1,
				0.144,
				1.79,
				0.289,
				4.347,
				0.433,
				4.347,
				1,
				0.578,
				4.347,
				0.722,
				-2,
				0.867,
				-2,
				1,
				1.178,
				-2,
				1.489,
				2.905,
				1.8,
				2.905,
				1,
				2.133,
				2.905,
				2.467,
				1.362,
				2.8,
				1.362
			]
		},
		{
			"Target": "Parameter",
			"Id": "Param_Angle_Rotation8",
			"Segments": [
				0,
				5.224,
				1,
				0.178,
				6.428,
				0.356,
				14.524,
				0.533,
				14.524,
				1,
				0.678,
				14.524,
				0.822,
				-7,
				0.967,
				-7,
				1,
				1.278,
				-7,
				1.589,
				6.527,
				1.9,
				6.527,
				1,
				2.2,
				6.527,
				2.5,
				5.224,
				2.8,
				5.224
			]
		},
		{
			"Target": "Parameter",
			"Id": "Param8",
			"Segments": [
				0,
				8.006,
				1,
				0.222,
				8.006,
				0.444,
				17.494,
				0.667,
				17.494,
				1,
				0.811,
				17.494,
				0.956,
				-6,
				1.1,
				-6,
				1,
				1.411,
				-6,
				1.722,
				9.269,
				2.033,
				9.269,
				1,
				2.289,
				9.269,
				2.544,
				8.006,
				2.8,
				8.006
			]
		},
		{
			"Target": "Parameter",
			"Id": "Param10",
			"Segments": [
				0,
				1.701,
				1,
				0.144,
				2.448,
				0.289,
				7.018,
				0.433,
				7.018,
				1,
				0.578,
				7.018,
				0.722,
				0,
				0.867,
				0,
				1,
				1.178,
				0,
				1.489,
				3.196,
				1.8,
				3.196,
				1,
				2.133,
				3.196,
				2.467,
				1.701,
				2.8,
				1.701
			]
		},
		{
			"Target": "Parameter",
			"Id": "Param11",
			"Segments": [
				0,
				-1.443,
				1,
				0.167,
				-0.203,
				0.333,
				11.132,
				0.5,
				11.132,
				1,
				0.644,
				11.132,
				0.789,
				-9.978,
				0.933,
				-9.978,
				1,
				1.244,
				-9.978,
				1.556,
				3.906,
				1.867,
				3.906,
				1,
				2.178,
				3.906,
				2.489,
				-1.443,
				2.8,
				-1.443
			]
		},
		{
			"Target": "Parameter",
			"Id": "Param12",
			"Segments": [
				0,
				-3.121,
				1,
				0.2,
				-3.121,
				0.4,
				8,
				0.6,
				8,
				1,
				0.744,
				8,
				0.889,
				-7.409,
				1.033,
				-7.409,
				1,
				1.333,
				-7.409,
				1.633,
				1.031,
				1.933,
				1.031,
				1,
				2.222,
				1.031,
				2.511,
				-3.121,
				2.8,
				-3.121
			]
		},
		{
			"Target": "Parameter",
			"Id": "Param13",
			"Segments": [
				0,
				-9.832,
				1,
				0.233,
				-8.312,
				0.467,
				11,
				0.7,
				11,
				1,
				0.844,
				11,
				0.989,
				-19.018,
				1.133,
				-19.018,
				1,
				1.444,
				-19.018,
				1.756,
				5.121,
				2.067,
				5.121,
				1,
				2.311,
				5.121,
				2.556,
				-9.832,
				2.8,
				-9.832
			]
		},
		{
			"Target": "Parameter",
			"Id": "Param14",
			"Segments": [
				0,
				17.992,
				1,
				0.278,
				21.393,
				0.556,
				22.346,
				0.833,
				22.346,
				1,
				0.978,
				22.346,
				1.122,
				-6,
				1.267,
				-6,
				1,
				1.578,
				-6,
				1.889,
				28.33,
				2.2,
				28.33,
				1,
				2.4,
				28.33,
				2.6,
				17.992,
				2.8,
				17.992
			]
		},
		{
			"Target": "Parameter",
			"Id": "Param6",
			"Segments": [
				0,
				7.81,
				1,
				0.1,
				7.81,
				0.2,
				12,
				0.3,
				12,
				1,
				0.456,
				12,
				0.611,
				3,
				0.767,
				3,
				1,
				1.067,
				3,
				1.367,
				10,
				1.667,
				10,
				1,
				2.044,
				10,
				2.422,
				7.81,
				2.8,
				7.81
			]
		},
		{
			"Target": "Parameter",
			"Id": "Param7",
			"Segments": [
				0,
				-1.584,
				1,
				0.111,
				-1.584,
				0.222,
				8,
				0.333,
				8,
				1,
				0.489,
				8,
				0.644,
				-1,
				0.8,
				-1,
				1,
				1.1,
				-1,
				1.4,
				13,
				1.7,
				13,
				1,
				2.067,
				13,
				2.433,
				-1.584,
				2.8,
				-1.584
			]
		},
		{
			"Target": "Parameter",
			"Id": "Param15",
			"Segments": [
				0,
				0.597,
				1,
				0.133,
				2.463,
				0.267,
				5,
				0.4,
				5,
				1,
				0.556,
				5,
				0.711,
				-2,
				0.867,
				-2,
				1,
				1.167,
				-2,
				1.467,
				4,
				1.767,
				4,
				1,
				2.111,
				4,
				2.456,
				0.597,
				2.8,
				0.597
			]
		},
		{
			"Target": "Parameter",
			"Id": "Param16",
			"Segments": [
				0,
				-4.877,
				1,
				0.167,
				-2.28,
				0.333,
				3,
				0.5,
				3,
				1,
				0.656,
				3,
				0.811,
				-8,
				0.967,
				-8,
				1,
				1.267,
				-8,
				1.567,
				5,
				1.867,
				5,
				1,
				2.178,
				5,
				2.489,
				-4.877,
				2.8,
				-4.877
			]
		},
		{
			"Target": "Parameter",
			"Id": "Param17",
			"Segments": [
				0,
				-0.898,
				1,
				0.078,
				0.128,
				0.156,
				4,
				0.233,
				4,
				1,
				0.389,
				4,
				0.544,
				-5,
				0.7,
				-5,
				1,
				1,
				-5,
				1.3,
				4,
				1.6,
				4,
				1,
				2,
				4,
				2.4,
				-0.898,
				2.8,
				-0.898
			]
		},
		{
			"Target": "Parameter",
			"Id": "Param18",
			"Segments": [
				0,
				-6.337,
				1,
				0.1,
				-5.066,
				0.2,
				3,
				0.3,
				3,
				1,
				0.456,
				3,
				0.611,
				-7,
				0.767,
				-7,
				1,
				1.067,
				-7,
				1.367,
				9,
				1.667,
				9,
				1,
				2.044,
				9,
				2.422,
				-6.337,
				2.8,
				-6.337
			]
		},
		{
			"Target": "Parameter",
			"Id": "Param19",
			"Segments": [
				0,
				-1.778,
				1,
				0.167,
				0.43,
				0.333,
				4,
				0.5,
				4,
				1,
				0.656,
				4,
				0.811,
				-4,
				0.967,
				-4,
				1,
				1.267,
				-4,
				1.567,
				11,
				1.867,
				11,
				1,
				2.178,
				11,
				2.489,
				-1.778,
				2.8,
				-1.778
			]
		},
		{
			"Target": "Parameter",
			"Id": "Param20",
			"Segments": [
				0,
				-7.029,
				1,
				0.2,
				-4.393,
				0.4,
				2,
				0.6,
				2,
				1,
				0.756,
				2,
				0.911,
				-10,
				1.067,
				-10,
				1,
				1.367,
				-10,
				1.667,
				12,
				1.967,
				12,
				1,
				2.244,
				12,
				2.522,
				-7.029,
				2.8,
				-7.029
			]
		},
		{
			"Target": "Parameter",
			"Id": "Param21",
			"Segments": [
				0,
				-2.647,
				1,
				0.1,
				-1.51,
				0.2,
				2,
				0.3,
				2,
				1,
				0.456,
				2,
				0.611,
				-9,
				0.767,
				-9,
				1,
				1.067,
				-9,
				1.367,
				7,
				1.667,
				7,
				1,
				2.044,
				7,
				2.422,
				-2.647,
				2.8,
				-2.647
			]
		},
		{
			"Target": "Parameter",
			"Id": "Param22",
			"Segments": [
				0,
				-7.397,
				1,
				0.144,
				-5.633,
				0.289,
				10,
				0.433,
				10,
				1,
				0.589,
				10,
				0.744,
				-13,
				0.9,
				-13,
				1,
				1.2,
				-13,
				1.5,
				10,
				1.8,
				10,
				1,
				2.133,
				10,
				2.467,
				-7.397,
				2.8,
				-7.397
			]
		},
		{
			"Target": "Parameter",
			"Id": "Param23",
			"Segments": [
				0,
				-4.647,
				1,
				0.156,
				-2.676,
				0.311,
				4,
				0.467,
				4,
				1,
				0.622,
				4,
				0.778,
				-10,
				0.933,
				-10,
				1,
				1.222,
				-10,
				1.511,
				6,
				1.8,
				6,
				1,
				2.133,
				6,
				2.467,
				-4.647,
				2.8,
				-4.647
			]
		},
		{
			"Target": "Parameter",
			"Id": "Param24",
			"Segments": [
				0,
				-13.284,
				1,
				0.2,
				-10.072,
				0.4,
				5,
				0.6,
				5,
				1,
				0.756,
				5,
				0.911,
				-11,
				1.067,
				-11,
				1,
				1.356,
				-11,
				1.644,
				9,
				1.933,
				9,
				1,
				2.222,
				9,
				2.511,
				-13.284,
				2.8,
				-13.284
			]
		},
		{
			"Target": "Parameter",
			"Id": "Param25",
			"Segments": [
				0,
				-20.52,
				1,
				0.089,
				-16.707,
				0.178,
				-3,
				0.267,
				-3,
				1,
				0.422,
				-3,
				0.578,
				-14,
				0.733,
				-14,
				1,
				1.033,
				-14,
				1.333,
				5,
				1.633,
				5,
				1,
				2.022,
				5,
				2.411,
				-20.52,
				2.8,
				-20.52
			]
		},
		{
			"Target": "Parameter",
			"Id": "Param31",
			"Segments": [
				0,
				-17.787,
				1,
				0.1,
				-17.787,
				0.2,
				-4,
				0.3,
				-4,
				1,
				0.456,
				-4,
				0.611,
				-19,
				0.767,
				-19,
				1,
				1.067,
				-19,
				1.367,
				9,
				1.667,
				9,
				1,
				2.044,
				9,
				2.422,
				-17.787,
				2.8,
				-17.787
			]
		},
		{
			"Target": "Parameter",
			"Id": "Param26",
			"Segments": [
				0,
				15.684,
				1,
				0.111,
				15.684,
				0.222,
				22,
				0.333,
				22,
				1,
				0.489,
				22,
				0.644,
				3,
				0.8,
				3,
				1,
				1.1,
				3,
				1.4,
				17,
				1.7,
				17,
				1,
				2.067,
				17,
				2.433,
				15.684,
				2.8,
				15.684
			]
		},
		{
			"Target": "Parameter",
			"Id": "Param32",
			"Segments": [
				0,
				11.179,
				1,
				0.133,
				17.243,
				0.267,
				20,
				0.4,
				20,
				1,
				0.556,
				20,
				0.711,
				-4,
				0.867,
				-4,
				1,
				1.156,
				-4,
				1.444,
				18,
				1.733,
				18,
				1,
				2.089,
				18,
				2.444,
				11.179,
				2.8,
				11.179
			]
		},
		{
			"Target": "Parameter",
			"Id": "Param27",
			"Segments": [
				0,
				-7.945,
				1,
				0.1,
				-7.945,
				0.2,
				8,
				0.3,
				8,
				1,
				0.456,
				8,
				0.611,
				-9,
				0.767,
				-9,
				1,
				1.067,
				-9,
				1.367,
				12,
				1.667,
				12,
				1,
				2.044,
				12,
				2.422,
				-7.945,
				2.8,
				-7.945
			]
		},
		{
			"Target": "Parameter",
			"Id": "Param29",
			"Segments": [
				0,
				1.942,
				1,
				0.111,
				1.942,
				0.222,
				12,
				0.333,
				12,
				1,
				0.489,
				12,
				0.644,
				-16,
				0.8,
				-16,
				1,
				1.1,
				-16,
				1.4,
				16,
				1.7,
				16,
				1,
				2.067,
				16,
				2.433,
				1.942,
				2.8,
				1.942
			]
		},
		{
			"Target": "Parameter",
			"Id": "Param28",
			"Segments": [
				0,
				10.922,
				1,
				0.133,
				17.104,
				0.267,
				19,
				0.4,
				19,
				1,
				0.556,
				19,
				0.711,
				-4,
				0.867,
				-4,
				1,
				1.156,
				-4,
				1.444,
				13,
				1.733,
				13,
				1,
				2.089,
				13,
				2.444,
				10.922,
				2.8,
				10.922
			]
		},
		{
			"Target": "Parameter",
			"Id": "Param30",
			"Segments": [
				0,
				-1.141,
				1,
				0.144,
				8.739,
				0.289,
				15,
				0.433,
				15,
				1,
				0.589,
				15,
				0.744,
				-9,
				0.9,
				-9,
				1,
				1.2,
				-9,
				1.5,
				15,
				1.8,
				15,
				1,
				2.133,
				15,
				2.467,
				-1.141,
				2.8,
				-1.141
			]
		},
		{
			"Target": "Parameter",
			"Id": "Param42",
			"Segments": [
				0,
				-10.929,
				1,
				0.144,
				-10.929,
				0.289,
				14.588,
				0.433,
				14.588,
				1,
				0.589,
				14.588,
				0.744,
				-17.469,
				0.9,
				-17.469,
				1,
				1.2,
				-17.469,
				1.5,
				7,
				1.8,
				7,
				1,
				2.133,
				7,
				2.467,
				-10.929,
				2.8,
				-10.929
			]
		},
		{
			"Target": "Parameter",
			"Id": "Param43",
			"Segments": [
				0,
				0,
				1,
				0.933,
				0,
				1.867,
				0,
				2.8,
				0
			]
		},
		{
			"Target": "Parameter",
			"Id": "Param44",
			"Segments": [
				0,
				-10.929,
				1,
				0.156,
				-19.1,
				0.311,
				-30,
				0.467,
				-30,
				1,
				0.622,
				-30,
				0.778,
				7.013,
				0.933,
				7.013,
				1,
				1.233,
				7.013,
				1.533,
				-23.258,
				1.833,
				-23.258,
				1,
				2.156,
				-23.258,
				2.478,
				-10.929,
				2.8,
				-10.929
			]
		},
		{
			"Target": "Parameter",
			"Id": "Param45",
			"Segments": [
				0,
				0,
				1,
				0.933,
				0,
				1.867,
				0,
				2.8,
				0
			]
		},
		{
			"Target": "Parameter",
			"Id": "Param167",
			"Segments": [
				0,
				0,
				1,
				0.044,
				0,
				0.089,
				-4.069,
				0.133,
				-4.069,
				1,
				0.211,
				-4.069,
				0.289,
				1.166,
				0.367,
				1.166,
				1,
				0.378,
				1.166,
				0.389,
				1.051,
				0.4,
				1.051,
				1,
				0.433,
				1.051,
				0.467,
				1.296,
				0.5,
				1.296,
				1,
				0.678,
				1.296,
				0.856,
				-0.31,
				1.033,
				-0.31,
				1,
				1.189,
				-0.31,
				1.344,
				0.58,
				1.5,
				0.58,
				1,
				1.6,
				0.58,
				1.7,
				-4.659,
				1.8,
				-4.659,
				1,
				1.878,
				-4.659,
				1.956,
				-1.169,
				2.033,
				-1.169,
				1,
				2.289,
				-1.169,
				2.544,
				-3.599,
				2.8,
				-3.988
			]
		},
		{
			"Target": "Parameter",
			"Id": "Param194",
			"Segments": [
				0,
				0,
				0,
				2.8,
				0
			]
		},
		{
			"Target": "Parameter",
			"Id": "Param190",
			"Segments": [
				0,
				0,
				0,
				2.8,
				0
			]
		},
		{
			"Target": "Parameter",
			"Id": "Param185",
			"Segments": [
				0,
				0,
				0,
				2.8,
				0
			]
		},
		{
			"Target": "Parameter",
			"Id": "Param186",
			"Segments": [
				0,
				0,
				0,
				2.8,
				0
			]
		},
		{
			"Target": "Parameter",
			"Id": "Param187",
			"Segments": [
				0,
				0,
				0,
				2.8,
				0
			]
		},
		{
			"Target": "Parameter",
			"Id": "fajiafaguang",
			"Segments": [
				0,
				0,
				1,
				0.933,
				0,
				1.867,
				0,
				2.8,
				0
			]
		},
		{
			"Target": "Parameter",
			"Id": "Param70",
			"Segments": [
				0,
				0,
				1,
				0.933,
				0,
				1.867,
				0,
				2.8,
				0
			]
		},
		{
			"Target": "Parameter",
			"Id": "Param9",
			"Segments": [
				0,
				0,
				1,
				0.933,
				0,
				1.867,
				0,
				2.8,
				0
			]
		},
		{
			"Target": "Parameter",
			"Id": "Param72",
			"Segments": [
				0,
				0,
				1,
				0.144,
				0,
				0.289,
				-8,
				0.433,
				-8,
				1,
				0.556,
				-8,
				0.678,
				-5,
				0.8,
				-5,
				1,
				1.089,
				-5,
				1.378,
				-5.598,
				1.667,
				-5.598,
				1,
				1.978,
				-5.598,
				2.289,
				-5.48,
				2.6,
				-5,
				1,
				2.667,
				-4.897,
				2.733,
				0,
				2.8,
				0
			]
		},
		{
			"Target": "Parameter",
			"Id": "Param73",
			"Segments": [
				0,
				1.948,
				1,
				0.1,
				3.635,
				0.2,
				10,
				0.3,
				10,
				1,
				0.422,
				10,
				0.544,
				5,
				0.667,
				5,
				1,
				0.956,
				5,
				1.244,
				5.448,
				1.533,
				5.448,
				1,
				1.844,
				5.448,
				2.156,
				5.397,
				2.467,
				5,
				1,
				2.578,
				4.858,
				2.689,
				1.948,
				2.8,
				1.948
			]
		},
		{
			"Target": "Parameter",
			"Id": "Param77",
			"Segments": [
				0,
				0,
				1,
				0.122,
				0,
				0.244,
				-10,
				0.367,
				-10,
				1,
				0.489,
				-10,
				0.611,
				6,
				0.733,
				6,
				1,
				1.022,
				6,
				1.311,
				1.974,
				1.6,
				1.974,
				1,
				1.911,
				1.974,
				2.222,
				6,
				2.533,
				6,
				1,
				2.622,
				6,
				2.711,
				0,
				2.8,
				0
			]
		},
		{
			"Target": "Parameter",
			"Id": "Param119",
			"Segments": [
				0,
				0,
				1,
				0.933,
				0,
				1.867,
				0,
				2.8,
				0
			]
		},
		{
			"Target": "Parameter",
			"Id": "Param120",
			"Segments": [
				0,
				0,
				1,
				0.933,
				0,
				1.867,
				0,
				2.8,
				0
			]
		},
		{
			"Target": "Parameter",
			"Id": "Param56",
			"Segments": [
				0,
				0,
				1,
				0.933,
				0,
				1.867,
				0,
				2.8,
				0
			]
		},
		{
			"Target": "Parameter",
			"Id": "Param74",
			"Segments": [
				0,
				0,
				1,
				0.167,
				0,
				0.333,
				-7,
				0.5,
				-7,
				1,
				0.622,
				-7,
				0.744,
				-4,
				0.867,
				-4,
				1,
				1.156,
				-4,
				1.444,
				-4.533,
				1.733,
				-4.533,
				1,
				2.044,
				-4.533,
				2.356,
				-4.404,
				2.667,
				-4,
				1,
				2.711,
				-3.942,
				2.756,
				0,
				2.8,
				0
			]
		},
		{
			"Target": "Parameter",
			"Id": "Param75",
			"Segments": [
				0,
				2.709,
				1,
				0.122,
				2.709,
				0.244,
				9,
				0.367,
				9,
				1,
				0.489,
				9,
				0.611,
				4,
				0.733,
				4,
				1,
				1.022,
				4,
				1.311,
				4.548,
				1.6,
				4.548,
				1,
				1.911,
				4.548,
				2.222,
				4.454,
				2.533,
				4,
				1,
				2.622,
				3.87,
				2.711,
				2.709,
				2.8,
				2.709
			]
		},
		{
			"Target": "Parameter",
			"Id": "Param76",
			"Segments": [
				0,
				0,
				1,
				0.144,
				0,
				0.289,
				-11,
				0.433,
				-11,
				1,
				0.556,
				-11,
				0.678,
				6,
				0.8,
				6,
				1,
				1.089,
				6,
				1.378,
				1.974,
				1.667,
				1.974,
				1,
				1.978,
				1.974,
				2.289,
				6,
				2.6,
				6,
				1,
				2.667,
				6,
				2.733,
				0,
				2.8,
				0
			]
		},
		{
			"Target": "Parameter",
			"Id": "Param118",
			"Segments": [
				0,
				0,
				1,
				0.933,
				0,
				1.867,
				0,
				2.8,
				0
			]
		},
		{
			"Target": "Parameter",
			"Id": "Param33",
			"Segments": [
				0,
				0,
				1,
				0.933,
				0,
				1.867,
				0,
				2.8,
				0
			]
		},
		{
			"Target": "Parameter",
			"Id": "Param34",
			"Segments": [
				0,
				0,
				1,
				0.933,
				0,
				1.867,
				0,
				2.8,
				0
			]
		},
		{
			"Target": "Parameter",
			"Id": "Param35",
			"Segments": [
				0,
				0,
				1,
				0.933,
				0,
				1.867,
				0,
				2.8,
				0
			]
		},
		{
			"Target": "Parameter",
			"Id": "Param36",
			"Segments": [
				0,
				0,
				1,
				0.933,
				0,
				1.867,
				0,
				2.8,
				0
			]
		},
		{
			"Target": "Parameter",
			"Id": "Param89",
			"Segments": [
				0,
				0,
				1,
				0.933,
				0,
				1.867,
				0,
				2.8,
				0
			]
		},
		{
			"Target": "Parameter",
			"Id": "Param90",
			"Segments": [
				0,
				0,
				1,
				0.933,
				0,
				1.867,
				0,
				2.8,
				0
			]
		},
		{
			"Target": "Parameter",
			"Id": "Param91",
			"Segments": [
				0,
				-30,
				1,
				0.933,
				-30,
				1.867,
				-30,
				2.8,
				-30
			]
		},
		{
			"Target": "Parameter",
			"Id": "Param92",
			"Segments": [
				0,
				0,
				1,
				0.933,
				0,
				1.867,
				0,
				2.8,
				0
			]
		},
		{
			"Target": "Parameter",
			"Id": "Param93",
			"Segments": [
				0,
				0,
				1,
				0.933,
				0,
				1.867,
				0,
				2.8,
				0
			]
		},
		{
			"Target": "Parameter",
			"Id": "Param94",
			"Segments": [
				0,
				0,
				1,
				0.933,
				0,
				1.867,
				0,
				2.8,
				0
			]
		},
		{
			"Target": "Parameter",
			"Id": "Param95",
			"Segments": [
				0,
				0,
				1,
				0.933,
				0,
				1.867,
				0,
				2.8,
				0
			]
		},
		{
			"Target": "Parameter",
			"Id": "Param96",
			"Segments": [
				0,
				0,
				1,
				0.933,
				0,
				1.867,
				0,
				2.8,
				0
			]
		},
		{
			"Target": "Parameter",
			"Id": "Param98",
			"Segments": [
				0,
				0,
				1,
				0.933,
				0,
				1.867,
				0,
				2.8,
				0
			]
		},
		{
			"Target": "Parameter",
			"Id": "Param99",
			"Segments": [
				0,
				0,
				1,
				0.933,
				0,
				1.867,
				0,
				2.8,
				0
			]
		},
		{
			"Target": "Parameter",
			"Id": "Param100",
			"Segments": [
				0,
				0,
				1,
				0.933,
				0,
				1.867,
				0,
				2.8,
				0
			]
		},
		{
			"Target": "Parameter",
			"Id": "Param101",
			"Segments": [
				0,
				0,
				1,
				0.933,
				0,
				1.867,
				0,
				2.8,
				0
			]
		},
		{
			"Target": "Parameter",
			"Id": "Param102",
			"Segments": [
				0,
				0,
				1,
				0.933,
				0,
				1.867,
				0,
				2.8,
				0
			]
		},
		{
			"Target": "Parameter",
			"Id": "Param103",
			"Segments": [
				0,
				0,
				1,
				0.933,
				0,
				1.867,
				0,
				2.8,
				0
			]
		},
		{
			"Target": "Parameter",
			"Id": "Param97",
			"Segments": [
				0,
				-30,
				1,
				0.933,
				-30,
				1.867,
				-30,
				2.8,
				-30
			]
		},
		{
			"Target": "Parameter",
			"Id": "Param112",
			"Segments": [
				0,
				0,
				1,
				0.933,
				0,
				1.867,
				0,
				2.8,
				0
			]
		},
		{
			"Target": "Parameter",
			"Id": "Param113",
			"Segments": [
				0,
				0,
				1,
				0.933,
				0,
				1.867,
				0,
				2.8,
				0
			]
		},
		{
			"Target": "Parameter",
			"Id": "Param114",
			"Segments": [
				0,
				0,
				1,
				0.933,
				0,
				1.867,
				0,
				2.8,
				0
			]
		},
		{
			"Target": "Parameter",
			"Id": "Param115",
			"Segments": [
				0,
				0,
				1,
				0.933,
				0,
				1.867,
				0,
				2.8,
				0
			]
		},
		{
			"Target": "Parameter",
			"Id": "Param116",
			"Segments": [
				0,
				0,
				1,
				0.933,
				0,
				1.867,
				0,
				2.8,
				0
			]
		},
		{
			"Target": "Parameter",
			"Id": "Param117",
			"Segments": [
				0,
				0,
				1,
				0.933,
				0,
				1.867,
				0,
				2.8,
				0
			]
		},
		{
			"Target": "Parameter",
			"Id": "Param105",
			"Segments": [
				0,
				-30,
				1,
				0.933,
				-30,
				1.867,
				-30,
				2.8,
				-30
			]
		},
		{
			"Target": "Parameter",
			"Id": "Param106",
			"Segments": [
				0,
				0,
				1,
				0.933,
				0,
				1.867,
				0,
				2.8,
				0
			]
		},
		{
			"Target": "Parameter",
			"Id": "Param107",
			"Segments": [
				0,
				0,
				1,
				0.933,
				0,
				1.867,
				0,
				2.8,
				0
			]
		},
		{
			"Target": "Parameter",
			"Id": "Param108",
			"Segments": [
				0,
				0,
				1,
				0.933,
				0,
				1.867,
				0,
				2.8,
				0
			]
		},
		{
			"Target": "Parameter",
			"Id": "Param109",
			"Segments": [
				0,
				0,
				1,
				0.933,
				0,
				1.867,
				0,
				2.8,
				0
			]
		},
		{
			"Target": "Parameter",
			"Id": "Param110",
			"Segments": [
				0,
				0,
				1,
				0.933,
				0,
				1.867,
				0,
				2.8,
				0
			]
		},
		{
			"Target": "Parameter",
			"Id": "Param111",
			"Segments": [
				0,
				0,
				1,
				0.933,
				0,
				1.867,
				0,
				2.8,
				0
			]
		},
		{
			"Target": "Parameter",
			"Id": "Param104",
			"Segments": [
				0,
				-30,
				1,
				0.933,
				-30,
				1.867,
				-30,
				2.8,
				-30
			]
		},
		{
			"Target": "Parameter",
			"Id": "daimao",
			"Segments": [
				0,
				0,
				1,
				0.933,
				0,
				1.867,
				0,
				2.8,
				0
			]
		},
		{
			"Target": "Parameter",
			"Id": "Param168",
			"Segments": [
				0,
				0,
				1,
				0.933,
				0,
				1.867,
				0,
				2.8,
				0
			]
		},
		{
			"Target": "Parameter",
			"Id": "Param169",
			"Segments": [
				0,
				0,
				1,
				0.933,
				0,
				1.867,
				0,
				2.8,
				0
			]
		},
		{
			"Target": "Parameter",
			"Id": "Param173",
			"Segments": [
				0,
				0,
				1,
				0.933,
				0,
				1.867,
				0,
				2.8,
				0
			]
		},
		{
			"Target": "Parameter",
			"Id": "Param174",
			"Segments": [
				0,
				0,
				1,
				0.933,
				0,
				1.867,
				0,
				2.8,
				0
			]
		},
		{
			"Target": "Parameter",
			"Id": "Param175",
			"Segments": [
				0,
				0,
				1,
				0.933,
				0,
				1.867,
				0,
				2.8,
				0
			]
		},
		{
			"Target": "Parameter",
			"Id": "Param176",
			"Segments": [
				0,
				0,
				1,
				0.933,
				0,
				1.867,
				0,
				2.8,
				0
			]
		},
		{
			"Target": "Parameter",
			"Id": "Param177",
			"Segments": [
				0,
				0,
				0,
				2.8,
				0
			]
		},
		{
			"Target": "Parameter",
			"Id": "Param140",
			"Segments": [
				0,
				0,
				1,
				0.933,
				0,
				1.867,
				0,
				2.8,
				0
			]
		},
		{
			"Target": "Parameter",
			"Id": "ParamAngleX",
			"Segments": [
				0,
				0.497,
				1,
				0.133,
				2.244,
				0.267,
				15,
				0.4,
				15,
				1,
				1.144,
				15,
				1.889,
				15,
				2.633,
				15,
				1,
				2.689,
				15,
				2.744,
				0.497,
				2.8,
				0.497
			]
		},
		{
			"Target": "Parameter",
			"Id": "ParamAngleY",
			"Segments": [
				0,
				-1.019,
				1,
				0.044,
				-1.019,
				0.089,
				-25.936,
				0.133,
				-25.936,
				1,
				0.189,
				-25.936,
				0.244,
				3.325,
				0.3,
				3.325,
				1,
				0.411,
				3.325,
				0.522,
				-14.778,
				0.633,
				-14.778,
				1,
				0.944,
				-14.778,
				1.256,
				-7,
				1.567,
				-7,
				1,
				1.878,
				-7,
				2.189,
				-11.134,
				2.5,
				-11.134,
				1,
				2.6,
				-11.134,
				2.7,
				-1.019,
				2.8,
				-1.019
			]
		},
		{
			"Target": "Parameter",
			"Id": "ParamAngleZ",
			"Segments": [
				0,
				0.398,
				1,
				0.111,
				0.398,
				0.222,
				-2.981,
				0.333,
				-2.981,
				1,
				0.456,
				-2.981,
				0.578,
				-1.042,
				0.7,
				-1,
				1,
				1.011,
				-0.894,
				1.322,
				-0.884,
				1.633,
				-0.884,
				1,
				1.944,
				-0.884,
				2.256,
				-1,
				2.567,
				-1,
				1,
				2.644,
				-1,
				2.722,
				0.398,
				2.8,
				0.398
			]
		},
		{
			"Target": "Parameter",
			"Id": "Param82",
			"Segments": [
				0,
				0,
				1,
				0.933,
				0,
				1.867,
				0,
				2.8,
				0
			]
		},
		{
			"Target": "Parameter",
			"Id": "Param83",
			"Segments": [
				0,
				0,
				1,
				0.933,
				0,
				1.867,
				0,
				2.8,
				0
			]
		},
		{
			"Target": "Parameter",
			"Id": "ParamBrowLX",
			"Segments": [
				0,
				0,
				1,
				0.933,
				0,
				1.867,
				0,
				2.8,
				0
			]
		},
		{
			"Target": "Parameter",
			"Id": "ParamBrowRX",
			"Segments": [
				0,
				0,
				1,
				0.933,
				0,
				1.867,
				0,
				2.8,
				0
			]
		},
		{
			"Target": "Parameter",
			"Id": "ParamBrowLAngle",
			"Segments": [
				0,
				0,
				1,
				0.933,
				0,
				1.867,
				0,
				2.8,
				0
			]
		},
		{
			"Target": "Parameter",
			"Id": "ParamBrowRAngle",
			"Segments": [
				0,
				0,
				1,
				0.933,
				0,
				1.867,
				0,
				2.8,
				0
			]
		},
		{
			"Target": "Parameter",
			"Id": "ParamCheek",
			"Segments": [
				0,
				0,
				1,
				0.933,
				0,
				1.867,
				0,
				2.8,
				0
			]
		},
		{
			"Target": "Parameter",
			"Id": "ParamBodyAngleX",
			"Segments": [
				0,
				0.099,
				1,
				0.111,
				0.388,
				0.222,
				3,
				0.333,
				3,
				1,
				1.078,
				3,
				1.822,
				3,
				2.567,
				3,
				1,
				2.644,
				3,
				2.722,
				0.099,
				2.8,
				0.099
			]
		},
		{
			"Target": "Parameter",
			"Id": "ParamBodyAngleY",
			"Segments": [
				0,
				3,
				1,
				0.189,
				4.347,
				0.378,
				4.187,
				0.567,
				4.187,
				1,
				0.878,
				4.187,
				1.189,
				3.833,
				1.5,
				3.833,
				1,
				1.811,
				3.833,
				2.122,
				4.187,
				2.433,
				4.187,
				1,
				2.556,
				4.187,
				2.678,
				3,
				2.8,
				3
			]
		},
		{
			"Target": "Parameter",
			"Id": "ParamBodyAngleZ",
			"Segments": [
				0,
				0.344,
				1,
				0.089,
				0.344,
				0.178,
				-10,
				0.267,
				-10,
				1,
				0.389,
				-10,
				0.511,
				-5.211,
				0.633,
				-5,
				1,
				0.944,
				-4.463,
				1.256,
				-4.409,
				1.567,
				-4.409,
				1,
				1.878,
				-4.409,
				2.189,
				-5,
				2.5,
				-5,
				1,
				2.6,
				-5,
				2.7,
				0.344,
				2.8,
				0.344
			]
		},
		{
			"Target": "Parameter",
			"Id": "ParamHairFront",
			"Segments": [
				0,
				0,
				1,
				0.933,
				0,
				1.867,
				0,
				2.8,
				0
			]
		},
		{
			"Target": "Parameter",
			"Id": "ParamHairSide",
			"Segments": [
				0,
				0,
				1,
				0.933,
				0,
				1.867,
				0,
				2.8,
				0
			]
		},
		{
			"Target": "Parameter",
			"Id": "ParamHairBack",
			"Segments": [
				0,
				0,
				1,
				0.933,
				0,
				1.867,
				0,
				2.8,
				0
			]
		},
		{
			"Target": "Parameter",
			"Id": "Param37",
			"Segments": [
				0,
				0,
				1,
				0.933,
				0,
				1.867,
				0,
				2.8,
				0
			]
		},
		{
			"Target": "Parameter",
			"Id": "Param122",
			"Segments": [
				0,
				0,
				1,
				0.933,
				0,
				1.867,
				0,
				2.8,
				0
			]
		},
		{
			"Target": "Parameter",
			"Id": "Param198pp",
			"Segments": [
				0,
				-30,
				0,
				2.8,
				-30
			]
		},
		{
			"Target": "Parameter",
			"Id": "Param199pp",
			"Segments": [
				0,
				-30,
				0,
				2.8,
				-30
			]
		},
		{
			"Target": "Parameter",
			"Id": "Param200pp",
			"Segments": [
				0,
				0,
				0,
				2.8,
				0
			]
		},
		{
			"Target": "Parameter",
			"Id": "Param201pp",
			"Segments": [
				0,
				0,
				0,
				2.8,
				0
			]
		},
		{
			"Target": "Parameter",
			"Id": "Param202pp",
			"Segments": [
				0,
				0,
				0,
				2.8,
				0
			]
		},
		{
			"Target": "Parameter",
			"Id": "Param203pp",
			"Segments": [
				0,
				0,
				0,
				2.8,
				0
			]
		},
		{
			"Target": "Parameter",
			"Id": "Param204pp",
			"Segments": [
				0,
				0,
				0,
				2.8,
				0
			]
		},
		{
			"Target": "Parameter",
			"Id": "Param205pp",
			"Segments": [
				0,
				0,
				0,
				2.8,
				0
			]
		},
		{
			"Target": "Parameter",
			"Id": "Param206pp",
			"Segments": [
				0,
				0,
				0,
				2.8,
				0
			]
		},
		{
			"Target": "Parameter",
			"Id": "Param207pp",
			"Segments": [
				0,
				0,
				0,
				2.8,
				0
			]
		},
		{
			"Target": "Parameter",
			"Id": "Param208pp",
			"Segments": [
				0,
				0,
				0,
				2.8,
				0
			]
		},
		{
			"Target": "Parameter",
			"Id": "Param209pp",
			"Segments": [
				0,
				0,
				0,
				2.8,
				0
			]
		},
		{
			"Target": "Parameter",
			"Id": "Param210pp",
			"Segments": [
				0,
				0,
				0,
				2.8,
				0
			]
		},
		{
			"Target": "Parameter",
			"Id": "Param211pp",
			"Segments": [
				0,
				0,
				0,
				2.8,
				0
			]
		},
		{
			"Target": "Parameter",
			"Id": "Param212pp",
			"Segments": [
				0,
				0,
				0,
				2.8,
				0
			]
		},
		{
			"Target": "Parameter",
			"Id": "Param213pp",
			"Segments": [
				0,
				0,
				0,
				2.8,
				0
			]
		},
		{
			"Target": "Parameter",
			"Id": "Param214pp",
			"Segments": [
				0,
				0,
				0,
				2.8,
				0
			]
		},
		{
			"Target": "Parameter",
			"Id": "Param215pp",
			"Segments": [
				0,
				0,
				0,
				2.8,
				0
			]
		},
		{
			"Target": "Parameter",
			"Id": "Param216pp",
			"Segments": [
				0,
				0,
				0,
				2.8,
				0
			]
		},
		{
			"Target": "Parameter",
			"Id": "Param217pp",
			"Segments": [
				0,
				0,
				0,
				2.8,
				0
			]
		},
		{
			"Target": "PartOpacity",
			"Id": "Part52",
			"Segments": [
				0,
				1,
				0,
				2.8,
				1
			]
		},
		{
			"Target": "PartOpacity",
			"Id": "Part40",
			"Segments": [
				0,
				1,
				0,
				2.8,
				1
			]
		},
		{
			"Target": "PartOpacity",
			"Id": "Part44",
			"Segments": [
				0,
				1,
				0,
				2.8,
				1
			]
		},
		{
			"Target": "PartOpacity",
			"Id": "Part45",
			"Segments": [
				0,
				1,
				0,
				2.8,
				1
			]
		},
		{
			"Target": "PartOpacity",
			"Id": "Part53",
			"Segments": [
				0,
				1,
				0,
				2.8,
				1
			]
		},
		{
			"Target": "PartOpacity",
			"Id": "Part41",
			"Segments": [
				0,
				1,
				0,
				2.8,
				1
			]
		},
		{
			"Target": "PartOpacity",
			"Id": "Part43",
			"Segments": [
				0,
				1,
				0,
				2.8,
				1
			]
		},
		{
			"Target": "PartOpacity",
			"Id": "Part39",
			"Segments": [
				0,
				1,
				2,
				2.8,
				1
			]
		},
		{
			"Target": "PartOpacity",
			"Id": "Part37",
			"Segments": [
				0,
				1,
				2,
				2.8,
				1
			]
		},
		{
			"Target": "PartOpacity",
			"Id": "Part36",
			"Segments": [
				0,
				1,
				2,
				2.8,
				1
			]
		},
		{
			"Target": "PartOpacity",
			"Id": "Part5",
			"Segments": [
				0,
				1,
				2,
				2.8,
				1
			]
		},
		{
			"Target": "PartOpacity",
			"Id": "Part2",
			"Segments": [
				0,
				1,
				2,
				2.8,
				1
			]
		},
		{
			"Target": "PartOpacity",
			"Id": "Part3",
			"Segments": [
				0,
				1,
				2,
				2.8,
				1
			]
		},
		{
			"Target": "PartOpacity",
			"Id": "Part6",
			"Segments": [
				0,
				1,
				2,
				2.8,
				1
			]
		},
		{
			"Target": "PartOpacity",
			"Id": "Part4",
			"Segments": [
				0,
				1,
				2,
				2.8,
				1
			]
		},
		{
			"Target": "PartOpacity",
			"Id": "Part",
			"Segments": [
				0,
				1,
				2,
				2.8,
				1
			]
		},
		{
			"Target": "PartOpacity",
			"Id": "Part31",
			"Segments": [
				0,
				1,
				2,
				2.8,
				1
			]
		},
		{
			"Target": "PartOpacity",
			"Id": "Part29",
			"Segments": [
				0,
				1,
				2,
				2.8,
				1
			]
		},
		{
			"Target": "PartOpacity",
			"Id": "Part13",
			"Segments": [
				0,
				1,
				2,
				2.8,
				1
			]
		},
		{
			"Target": "PartOpacity",
			"Id": "Part14",
			"Segments": [
				0,
				1,
				2,
				2.8,
				1
			]
		},
		{
			"Target": "PartOpacity",
			"Id": "Part15",
			"Segments": [
				0,
				1,
				2,
				2.8,
				1
			]
		},
		{
			"Target": "PartOpacity",
			"Id": "Part11",
			"Segments": [
				0,
				1,
				2,
				2.8,
				1
			]
		},
		{
			"Target": "PartOpacity",
			"Id": "Part12",
			"Segments": [
				0,
				1,
				2,
				2.8,
				1
			]
		},
		{
			"Target": "PartOpacity",
			"Id": "Part16",
			"Segments": [
				0,
				1,
				2,
				2.8,
				1
			]
		},
		{
			"Target": "PartOpacity",
			"Id": "Part30",
			"Segments": [
				0,
				1,
				2,
				2.8,
				1
			]
		},
		{
			"Target": "PartOpacity",
			"Id": "Part17",
			"Segments": [
				0,
				1,
				2,
				2.8,
				1
			]
		},
		{
			"Target": "PartOpacity",
			"Id": "Part18",
			"Segments": [
				0,
				1,
				2,
				2.8,
				1
			]
		},
		{
			"Target": "PartOpacity",
			"Id": "Part28",
			"Segments": [
				0,
				1,
				2,
				2.8,
				1
			]
		},
		{
			"Target": "PartOpacity",
			"Id": "Part19",
			"Segments": [
				0,
				1,
				2,
				2.8,
				1
			]
		},
		{
			"Target": "PartOpacity",
			"Id": "Part20",
			"Segments": [
				0,
				1,
				2,
				2.8,
				1
			]
		},
		{
			"Target": "PartOpacity",
			"Id": "Part33",
			"Segments": [
				0,
				1,
				2,
				2.8,
				1
			]
		},
		{
			"Target": "PartOpacity",
			"Id": "Part32",
			"Segments": [
				0,
				1,
				2,
				2.8,
				1
			]
		},
		{
			"Target": "PartOpacity",
			"Id": "Part38",
			"Segments": [
				0,
				1,
				2,
				2.8,
				1
			]
		},
		{
			"Target": "PartOpacity",
			"Id": "Part7",
			"Segments": [
				0,
				1,
				2,
				2.8,
				1
			]
		},
		{
			"Target": "PartOpacity",
			"Id": "Part35",
			"Segments": [
				0,
				1,
				2,
				2.8,
				1
			]
		},
		{
			"Target": "PartOpacity",
			"Id": "Part10",
			"Segments": [
				0,
				1,
				2,
				2.8,
				1
			]
		},
		{
			"Target": "PartOpacity",
			"Id": "Part27",
			"Segments": [
				0,
				1,
				2,
				2.8,
				1
			]
		},
		{
			"Target": "PartOpacity",
			"Id": "Part34",
			"Segments": [
				0,
				1,
				2,
				2.8,
				1
			]
		},
		{
			"Target": "PartOpacity",
			"Id": "Part8",
			"Segments": [
				0,
				1,
				2,
				2.8,
				1
			]
		},
		{
			"Target": "PartOpacity",
			"Id": "Part9",
			"Segments": [
				0,
				1,
				2,
				2.8,
				1
			]
		},
		{
			"Target": "PartOpacity",
			"Id": "ArtMesh122_Skinning",
			"Segments": [
				0,
				1,
				2,
				2.8,
				1
			]
		},
		{
			"Target": "PartOpacity",
			"Id": "Part21",
			"Segments": [
				0,
				1,
				2,
				2.8,
				1
			]
		},
		{
			"Target": "PartOpacity",
			"Id": "Part22",
			"Segments": [
				0,
				1,
				2,
				2.8,
				1
			]
		},
		{
			"Target": "PartOpacity",
			"Id": "Part23",
			"Segments": [
				0,
				1,
				2,
				2.8,
				1
			]
		},
		{
			"Target": "PartOpacity",
			"Id": "Part24",
			"Segments": [
				0,
				1,
				2,
				2.8,
				1
			]
		},
		{
			"Target": "PartOpacity",
			"Id": "Part25",
			"Segments": [
				0,
				1,
				2,
				2.8,
				1
			]
		},
		{
			"Target": "PartOpacity",
			"Id": "Part26",
			"Segments": [
				0,
				1,
				2,
				2.8,
				1
			]
		},
		{
			"Target": "PartOpacity",
			"Id": "ArtMesh133_Skinning",
			"Segments": [
				0,
				1,
				2,
				2.8,
				1
			]
		},
		{
			"Target": "PartOpacity",
			"Id": "ArtMesh122_Skinning2",
			"Segments": [
				0,
				1,
				2,
				2.8,
				1
			]
		}
	]
}