{
	"Version": 3,
	"Meta": {
		"Duration": 1.97,
		"Fps": 30.0,
		"Loop": true,
		"AreBeziersRestricted": false,
		"CurveCount": 298,
		"TotalSegmentCount": 514,
		"TotalPointCount": 1654,
		"UserDataCount": 0,
		"TotalUserDataSize": 0
	},
	"Curves": [
		{
			"Target": "Model",
			"Id": "Opacity",
			"Segments": [
				0,
				1,
				1,
				0.66,
				1,
				1.31,
				1,
				1.97,
				1
			]
		},
		{
			"Target": "Parameter",
			"Id": "Param2",
			"Segments": [
				0,
				-2.888,
				1,
				0.078,
				-2.888,
				0.156,
				-8.265,
				0.233,
				-8.265,
				1,
				0.278,
				-8.265,
				0.322,
				4,
				0.367,
				4,
				1,
				0.422,
				4,
				0.478,
				-6.975,
				0.533,
				-6.975,
				1,
				0.589,
				-6.975,
				0.644,
				2.442,
				0.7,
				2.442,
				1,
				0.767,
				2.442,
				0.833,
				-5.645,
				0.9,
				-5.645,
				1,
				0.967,
				-5.645,
				1.033,
				1,
				1.1,
				1,
				1,
				1.267,
				1,
				1.433,
				1.033,
				1.6,
				0.554,
				1,
				1.722,
				0.203,
				1.844,
				-2.888,
				1.967,
				-2.888
			]
		},
		{
			"Target": "Parameter",
			"Id": "Param180",
			"Segments": [
				0,
				0,
				0,
				1.967,
				0
			]
		},
		{
			"Target": "Parameter",
			"Id": "Param38",
			"Segments": [
				0,
				0,
				1,
				0.656,
				0,
				1.311,
				0,
				1.967,
				0
			]
		},
		{
			"Target": "Parameter",
			"Id": "Param129",
			"Segments": [
				0,
				0,
				1,
				0.656,
				0,
				1.311,
				0,
				1.967,
				0
			]
		},
		{
			"Target": "Parameter",
			"Id": "Param5",
			"Segments": [
				0,
				0.067,
				1,
				0.1,
				-0.19,
				0.2,
				-4,
				0.3,
				-4,
				1,
				0.344,
				-4,
				0.389,
				1,
				0.433,
				1,
				1,
				0.489,
				1,
				0.544,
				-3.166,
				0.6,
				-3.166,
				1,
				0.656,
				-3.166,
				0.711,
				0.94,
				0.767,
				0.94,
				1,
				0.833,
				0.94,
				0.9,
				-2.259,
				0.967,
				-2.259,
				1,
				1.033,
				-2.259,
				1.1,
				0.731,
				1.167,
				0.731,
				1,
				1.333,
				0.731,
				1.5,
				0.721,
				1.667,
				0.555,
				1,
				1.767,
				0.455,
				1.867,
				0.067,
				1.967,
				0.067
			]
		},
		{
			"Target": "Parameter",
			"Id": "Param",
			"Segments": [
				0,
				-14.398,
				1,
				0.111,
				-22.968,
				0.222,
				-27,
				0.333,
				-27,
				1,
				0.378,
				-27,
				0.422,
				2,
				0.467,
				2,
				1,
				0.522,
				2,
				0.578,
				-22.089,
				0.633,
				-22.089,
				1,
				0.689,
				-22.089,
				0.744,
				-3.584,
				0.8,
				-3.584,
				1,
				0.867,
				-3.584,
				0.933,
				-17,
				1,
				-17,
				1,
				1.067,
				-17,
				1.133,
				-4.582,
				1.2,
				-4.582,
				1,
				1.367,
				-4.582,
				1.533,
				-4.665,
				1.7,
				-6.11,
				1,
				1.789,
				-6.88,
				1.878,
				-14.398,
				1.967,
				-14.398
			]
		},
		{
			"Target": "Parameter",
			"Id": "Param131",
			"Segments": [
				0,
				0,
				1,
				0.656,
				0,
				1.311,
				0,
				1.967,
				0
			]
		},
		{
			"Target": "Parameter",
			"Id": "Param50",
			"Segments": [
				0,
				-2.23,
				1,
				0.656,
				-2.23,
				1.311,
				-2.23,
				1.967,
				-2.23
			]
		},
		{
			"Target": "Parameter",
			"Id": "Param39",
			"Segments": [
				0,
				-2.607,
				1,
				0.1,
				-2.607,
				0.2,
				-8,
				0.3,
				-8,
				1,
				0.344,
				-8,
				0.389,
				4,
				0.433,
				4,
				1,
				0.489,
				4,
				0.544,
				-7.05,
				0.6,
				-7.05,
				1,
				0.656,
				-7.05,
				0.711,
				2.063,
				0.767,
				2.063,
				1,
				0.833,
				2.063,
				0.9,
				-5.405,
				0.967,
				-5.405,
				1,
				1.033,
				-5.405,
				1.1,
				1.358,
				1.167,
				1.358,
				1,
				1.333,
				1.358,
				1.5,
				1.339,
				1.667,
				0.601,
				1,
				1.767,
				0.157,
				1.867,
				-2.607,
				1.967,
				-2.607
			]
		},
		{
			"Target": "Parameter",
			"Id": "Param41",
			"Segments": [
				0,
				0,
				1,
				0.656,
				0,
				1.311,
				0,
				1.967,
				0
			]
		},
		{
			"Target": "Parameter",
			"Id": "Param130",
			"Segments": [
				0,
				0,
				1,
				0.656,
				0,
				1.311,
				0,
				1.967,
				0
			]
		},
		{
			"Target": "Parameter",
			"Id": "Param40",
			"Segments": [
				0,
				0.133,
				1,
				0.122,
				-0.5,
				0.244,
				-4,
				0.367,
				-4,
				1,
				0.411,
				-4,
				0.456,
				1,
				0.5,
				1,
				1,
				0.556,
				1,
				0.611,
				-3.345,
				0.667,
				-3.345,
				1,
				0.722,
				-3.345,
				0.778,
				0.775,
				0.833,
				0.775,
				1,
				0.9,
				0.775,
				0.967,
				-2.397,
				1.033,
				-2.397,
				1,
				1.1,
				-2.397,
				1.167,
				0.588,
				1.233,
				0.588,
				1,
				1.4,
				0.588,
				1.567,
				0.577,
				1.733,
				0.47,
				1,
				1.811,
				0.42,
				1.889,
				0.133,
				1.967,
				0.133
			]
		},
		{
			"Target": "Parameter",
			"Id": "Param49",
			"Segments": [
				0,
				-7.844,
				1,
				0.133,
				-7.844,
				0.267,
				-1.228,
				0.4,
				-1.228,
				1,
				0.444,
				-1.228,
				0.489,
				-12.935,
				0.533,
				-12.935,
				1,
				0.589,
				-12.935,
				0.644,
				-2.001,
				0.7,
				-2.001,
				1,
				0.756,
				-2.001,
				0.811,
				-11.84,
				0.867,
				-11.84,
				1,
				0.933,
				-11.84,
				1,
				-2.71,
				1.067,
				-2.71,
				1,
				1.133,
				-2.71,
				1.2,
				-11.173,
				1.267,
				-11.173,
				1,
				1.433,
				-11.173,
				1.6,
				-11.052,
				1.767,
				-10.229,
				1,
				1.833,
				-9.899,
				1.9,
				-7.844,
				1.967,
				-7.844
			]
		},
		{
			"Target": "Parameter",
			"Id": "Param84",
			"Segments": [
				0,
				-2.23,
				1,
				0.656,
				-2.23,
				1.311,
				-2.23,
				1.967,
				-2.23
			]
		},
		{
			"Target": "Parameter",
			"Id": "Param139",
			"Segments": [
				0,
				0,
				1,
				0.656,
				0,
				1.311,
				0,
				1.967,
				0
			]
		},
		{
			"Target": "Parameter",
			"Id": "Param171",
			"Segments": [
				0,
				0,
				1,
				0.656,
				0,
				1.311,
				0,
				1.967,
				0
			]
		},
		{
			"Target": "Parameter",
			"Id": "Param170",
			"Segments": [
				0,
				0,
				1,
				0.656,
				0,
				1.311,
				0,
				1.967,
				0
			]
		},
		{
			"Target": "Parameter",
			"Id": "Param191",
			"Segments": [
				0,
				0,
				0,
				1.967,
				0
			]
		},
		{
			"Target": "Parameter",
			"Id": "ParamEyeLOpen",
			"Segments": [
				0,
				1,
				1,
				0.111,
				1,
				0.222,
				0,
				0.333,
				0,
				1,
				0.733,
				0,
				1.133,
				0,
				1.533,
				0,
				1,
				1.678,
				0,
				1.822,
				1,
				1.967,
				1
			]
		},
		{
			"Target": "Parameter",
			"Id": "ParamEyeLSmile",
			"Segments": [
				0,
				0,
				1,
				0.656,
				0,
				1.311,
				0,
				1.967,
				0
			]
		},
		{
			"Target": "Parameter",
			"Id": "ParamEyeROpen",
			"Segments": [
				0,
				1,
				1,
				0.111,
				1,
				0.222,
				0,
				0.333,
				0,
				1,
				0.733,
				0,
				1.133,
				0,
				1.533,
				0,
				1,
				1.678,
				0,
				1.822,
				1,
				1.967,
				1
			]
		},
		{
			"Target": "Parameter",
			"Id": "ParamEyeRSmile",
			"Segments": [
				0,
				0,
				1,
				0.656,
				0,
				1.311,
				0,
				1.967,
				0
			]
		},
		{
			"Target": "Parameter",
			"Id": "ParamEyeBallX",
			"Segments": [
				0,
				0,
				1,
				0.656,
				0,
				1.311,
				0,
				1.967,
				0
			]
		},
		{
			"Target": "Parameter",
			"Id": "ParamEyeBallY",
			"Segments": [
				0,
				0,
				1,
				0.656,
				0,
				1.311,
				0,
				1.967,
				0
			]
		},
		{
			"Target": "Parameter",
			"Id": "ParamBrowLY",
			"Segments": [
				0,
				0,
				1,
				0.656,
				0,
				1.311,
				0,
				1.967,
				0
			]
		},
		{
			"Target": "Parameter",
			"Id": "ParamBrowRY",
			"Segments": [
				0,
				0,
				1,
				0.656,
				0,
				1.311,
				0,
				1.967,
				0
			]
		},
		{
			"Target": "Parameter",
			"Id": "ParamBrowLForm",
			"Segments": [
				0,
				0,
				1,
				0.656,
				0,
				1.311,
				0,
				1.967,
				0
			]
		},
		{
			"Target": "Parameter",
			"Id": "ParamBrowRForm",
			"Segments": [
				0,
				0,
				1,
				0.656,
				0,
				1.311,
				0,
				1.967,
				0
			]
		},
		{
			"Target": "Parameter",
			"Id": "Param85",
			"Segments": [
				0,
				0,
				1,
				0.656,
				0,
				1.311,
				0,
				1.967,
				0
			]
		},
		{
			"Target": "Parameter",
			"Id": "Param86",
			"Segments": [
				0,
				0,
				1,
				0.656,
				0,
				1.311,
				0,
				1.967,
				0
			]
		},
		{
			"Target": "Parameter",
			"Id": "ParamMouthForm",
			"Segments": [
				0,
				0,
				1,
				0.1,
				0,
				0.2,
				0.8,
				0.3,
				0.8,
				1,
				0.756,
				0.8,
				1.211,
				0.8,
				1.667,
				0.8,
				1,
				1.767,
				0.8,
				1.867,
				0,
				1.967,
				0
			]
		},
		{
			"Target": "Parameter",
			"Id": "ParamMouthOpenY",
			"Segments": [
				0,
				0,
				1,
				0.1,
				0,
				0.2,
				0.754,
				0.3,
				0.754,
				1,
				0.344,
				0.754,
				0.389,
				0.4,
				0.433,
				0.4,
				1,
				0.489,
				0.4,
				0.544,
				0.834,
				0.6,
				0.834,
				1,
				0.656,
				0.834,
				0.711,
				0.475,
				0.767,
				0.475,
				1,
				0.833,
				0.475,
				0.9,
				0.879,
				0.967,
				0.879,
				1,
				1.033,
				0.879,
				1.1,
				0.552,
				1.167,
				0.547,
				1,
				1.333,
				0.535,
				1.5,
				0.535,
				1.667,
				0.522,
				1,
				1.767,
				0.514,
				1.867,
				0,
				1.967,
				0
			]
		},
		{
			"Target": "Parameter",
			"Id": "Param57",
			"Segments": [
				0,
				0,
				1,
				0.656,
				0,
				1.311,
				0,
				1.967,
				0
			]
		},
		{
			"Target": "Parameter",
			"Id": "Param71",
			"Segments": [
				0,
				0,
				1,
				0.656,
				0,
				1.311,
				0,
				1.967,
				0
			]
		},
		{
			"Target": "Parameter",
			"Id": "Param78",
			"Segments": [
				0,
				0,
				1,
				0.656,
				0,
				1.311,
				0,
				1.967,
				0
			]
		},
		{
			"Target": "Parameter",
			"Id": "Param58",
			"Segments": [
				0,
				0,
				1,
				0.656,
				0,
				1.311,
				0,
				1.967,
				0
			]
		},
		{
			"Target": "Parameter",
			"Id": "Param67",
			"Segments": [
				0,
				0,
				1,
				0.656,
				0,
				1.311,
				0,
				1.967,
				0
			]
		},
		{
			"Target": "Parameter",
			"Id": "Param68",
			"Segments": [
				0,
				0,
				1,
				0.111,
				0,
				0.222,
				1,
				0.333,
				1,
				1,
				0.733,
				1,
				1.133,
				1,
				1.533,
				1,
				1,
				1.678,
				1,
				1.822,
				0,
				1.967,
				0
			]
		},
		{
			"Target": "Parameter",
			"Id": "Param69",
			"Segments": [
				0,
				1,
				1,
				0.656,
				1,
				1.311,
				1,
				1.967,
				1
			]
		},
		{
			"Target": "Parameter",
			"Id": "Param193",
			"Segments": [
				0,
				0,
				0,
				1.967,
				0
			]
		},
		{
			"Target": "Parameter",
			"Id": "Param197",
			"Segments": [
				0,
				0,
				0,
				1.967,
				0
			]
		},
		{
			"Target": "Parameter",
			"Id": "Param195",
			"Segments": [
				0,
				0,
				0,
				1.967,
				0
			]
		},
		{
			"Target": "Parameter",
			"Id": "Param181",
			"Segments": [
				0,
				0,
				0,
				1.967,
				0
			]
		},
		{
			"Target": "Parameter",
			"Id": "Param184",
			"Segments": [
				0,
				0,
				0,
				1.967,
				0
			]
		},
		{
			"Target": "Parameter",
			"Id": "Param182",
			"Segments": [
				0,
				0,
				0,
				1.967,
				0
			]
		},
		{
			"Target": "Parameter",
			"Id": "Param183",
			"Segments": [
				0,
				0,
				0,
				1.967,
				0
			]
		},
		{
			"Target": "Parameter",
			"Id": "Param188",
			"Segments": [
				0,
				0,
				0,
				1.967,
				0
			]
		},
		{
			"Target": "Parameter",
			"Id": "Param149",
			"Segments": [
				0,
				0,
				1,
				0.111,
				0,
				0.222,
				1,
				0.333,
				1,
				1,
				0.733,
				1,
				1.133,
				1,
				1.533,
				1,
				1,
				1.678,
				1,
				1.822,
				0,
				1.967,
				0
			]
		},
		{
			"Target": "Parameter",
			"Id": "Param172",
			"Segments": [
				0,
				0,
				1,
				0.656,
				0,
				1.311,
				0.091,
				1.967,
				0.217
			]
		},
		{
			"Target": "Parameter",
			"Id": "Param163",
			"Segments": [
				0,
				-30,
				1,
				0.656,
				-30,
				1.311,
				-30,
				1.967,
				-30
			]
		},
		{
			"Target": "Parameter",
			"Id": "Param164",
			"Segments": [
				0,
				-30,
				1,
				0.656,
				-30,
				1.311,
				-30,
				1.967,
				-30
			]
		},
		{
			"Target": "Parameter",
			"Id": "Param165",
			"Segments": [
				0,
				-30,
				1,
				0.656,
				-30,
				1.311,
				-30,
				1.967,
				-30
			]
		},
		{
			"Target": "Parameter",
			"Id": "Param150",
			"Segments": [
				0,
				0,
				1,
				0.111,
				0,
				0.222,
				1,
				0.333,
				1,
				1,
				0.733,
				1,
				1.133,
				1,
				1.533,
				1,
				1,
				1.678,
				1,
				1.822,
				0,
				1.967,
				0
			]
		},
		{
			"Target": "Parameter",
			"Id": "Param151",
			"Segments": [
				0,
				0,
				1,
				0.656,
				0,
				1.311,
				0,
				1.967,
				0
			]
		},
		{
			"Target": "Parameter",
			"Id": "Param159",
			"Segments": [
				0,
				1,
				1,
				0.656,
				1,
				1.311,
				1,
				1.967,
				1
			]
		},
		{
			"Target": "Parameter",
			"Id": "Param160",
			"Segments": [
				0,
				1,
				1,
				0.656,
				1,
				1.311,
				1,
				1.967,
				1
			]
		},
		{
			"Target": "Parameter",
			"Id": "Param147",
			"Segments": [
				0,
				-30,
				0,
				1.967,
				-30
			]
		},
		{
			"Target": "Parameter",
			"Id": "Param148",
			"Segments": [
				0,
				-30,
				0,
				1.967,
				-30
			]
		},
		{
			"Target": "Parameter",
			"Id": "Param146",
			"Segments": [
				0,
				0,
				1,
				0.656,
				0,
				1.311,
				0,
				1.967,
				0
			]
		},
		{
			"Target": "Parameter",
			"Id": "Param144",
			"Segments": [
				0,
				0,
				1,
				0.656,
				0,
				1.311,
				0,
				1.967,
				0
			]
		},
		{
			"Target": "Parameter",
			"Id": "Param161",
			"Segments": [
				0,
				-30,
				1,
				0.656,
				-30,
				1.311,
				-30,
				1.967,
				-30
			]
		},
		{
			"Target": "Parameter",
			"Id": "Param162",
			"Segments": [
				0,
				0,
				1,
				0.656,
				0,
				1.311,
				0,
				1.967,
				0
			]
		},
		{
			"Target": "Parameter",
			"Id": "Param143",
			"Segments": [
				0,
				0,
				1,
				0.656,
				0,
				1.311,
				0,
				1.967,
				0
			]
		},
		{
			"Target": "Parameter",
			"Id": "Param145",
			"Segments": [
				0,
				0,
				1,
				0.656,
				0,
				1.311,
				0,
				1.967,
				0
			]
		},
		{
			"Target": "Parameter",
			"Id": "Param152",
			"Segments": [
				0,
				-30,
				1,
				0.656,
				-30,
				1.311,
				-30,
				1.967,
				-30
			]
		},
		{
			"Target": "Parameter",
			"Id": "Param157",
			"Segments": [
				0,
				0,
				1,
				0.656,
				0,
				1.311,
				0,
				1.967,
				0
			]
		},
		{
			"Target": "Parameter",
			"Id": "Param158",
			"Segments": [
				0,
				-30,
				1,
				0.656,
				-30,
				1.311,
				-30,
				1.967,
				-30
			]
		},
		{
			"Target": "Parameter",
			"Id": "Param154",
			"Segments": [
				0,
				0,
				1,
				0.656,
				0,
				1.311,
				0,
				1.967,
				0
			]
		},
		{
			"Target": "Parameter",
			"Id": "Param153",
			"Segments": [
				0,
				-30,
				1,
				0.656,
				-30,
				1.311,
				-30,
				1.967,
				-30
			]
		},
		{
			"Target": "Parameter",
			"Id": "Param155",
			"Segments": [
				0,
				0,
				1,
				0.656,
				0,
				1.311,
				0,
				1.967,
				0
			]
		},
		{
			"Target": "Parameter",
			"Id": "Param156",
			"Segments": [
				0,
				-30,
				1,
				0.656,
				-30,
				1.311,
				-30,
				1.967,
				-30
			]
		},
		{
			"Target": "Parameter",
			"Id": "Param65",
			"Segments": [
				0,
				0,
				1,
				0.656,
				0,
				1.311,
				0,
				1.967,
				0
			]
		},
		{
			"Target": "Parameter",
			"Id": "Param141",
			"Segments": [
				0,
				0,
				1,
				0.656,
				0,
				1.311,
				0,
				1.967,
				0
			]
		},
		{
			"Target": "Parameter",
			"Id": "Param66",
			"Segments": [
				0,
				0,
				1,
				0.656,
				0,
				1.311,
				0,
				1.967,
				0
			]
		},
		{
			"Target": "Parameter",
			"Id": "Param142",
			"Segments": [
				0,
				0,
				1,
				0.656,
				0,
				1.311,
				0,
				1.967,
				0
			]
		},
		{
			"Target": "Parameter",
			"Id": "Param166",
			"Segments": [
				0,
				-22,
				1,
				0.107,
				-22,
				1.052,
				-22,
				1.967,
				-22
			]
		},
		{
			"Target": "Parameter",
			"Id": "Param61",
			"Segments": [
				0,
				0,
				1,
				0.656,
				0,
				1.311,
				0,
				1.967,
				0
			]
		},
		{
			"Target": "Parameter",
			"Id": "Param62",
			"Segments": [
				0,
				0,
				1,
				0.656,
				0,
				1.311,
				0,
				1.967,
				0
			]
		},
		{
			"Target": "Parameter",
			"Id": "Param81",
			"Segments": [
				0,
				0,
				1,
				0.656,
				0,
				1.311,
				0,
				1.967,
				0
			]
		},
		{
			"Target": "Parameter",
			"Id": "Param59",
			"Segments": [
				0,
				0,
				1,
				0.656,
				0,
				1.311,
				0,
				1.967,
				0
			]
		},
		{
			"Target": "Parameter",
			"Id": "Param60",
			"Segments": [
				0,
				0,
				1,
				0.656,
				0,
				1.311,
				0,
				1.967,
				0
			]
		},
		{
			"Target": "Parameter",
			"Id": "Param4",
			"Segments": [
				0,
				0,
				1,
				0.656,
				0,
				1.311,
				0,
				1.967,
				0
			]
		},
		{
			"Target": "Parameter",
			"Id": "Param51",
			"Segments": [
				0,
				0,
				1,
				0.656,
				0,
				1.311,
				0,
				1.967,
				0
			]
		},
		{
			"Target": "Parameter",
			"Id": "Param52",
			"Segments": [
				0,
				0,
				1,
				0.656,
				0,
				1.311,
				0,
				1.967,
				0
			]
		},
		{
			"Target": "Parameter",
			"Id": "Param53",
			"Segments": [
				0,
				0,
				1,
				0.656,
				0,
				1.311,
				0,
				1.967,
				0
			]
		},
		{
			"Target": "Parameter",
			"Id": "Param54",
			"Segments": [
				0,
				0,
				1,
				0.656,
				0,
				1.311,
				0,
				1.967,
				0
			]
		},
		{
			"Target": "Parameter",
			"Id": "Param55",
			"Segments": [
				0,
				0,
				1,
				0.656,
				0,
				1.311,
				0,
				1.967,
				0
			]
		},
		{
			"Target": "Parameter",
			"Id": "Param3",
			"Segments": [
				0,
				0,
				1,
				0.656,
				0,
				1.311,
				0,
				1.967,
				0
			]
		},
		{
			"Target": "Parameter",
			"Id": "Param79",
			"Segments": [
				0,
				0,
				1,
				0.656,
				0,
				1.311,
				0,
				1.967,
				0
			]
		},
		{
			"Target": "Parameter",
			"Id": "Param80",
			"Segments": [
				0,
				0,
				1,
				0.656,
				0,
				1.311,
				0,
				1.967,
				0
			]
		},
		{
			"Target": "Parameter",
			"Id": "Param87",
			"Segments": [
				0,
				0,
				1,
				0.656,
				0,
				1.311,
				0,
				1.967,
				0
			]
		},
		{
			"Target": "Parameter",
			"Id": "Param88",
			"Segments": [
				0,
				0,
				1,
				0.656,
				0,
				1.311,
				0,
				1.967,
				0
			]
		},
		{
			"Target": "Parameter",
			"Id": "Param132",
			"Segments": [
				0,
				0,
				1,
				0.656,
				0,
				1.311,
				0,
				1.967,
				0
			]
		},
		{
			"Target": "Parameter",
			"Id": "Param133",
			"Segments": [
				0,
				0,
				1,
				0.656,
				0,
				1.311,
				0,
				1.967,
				0
			]
		},
		{
			"Target": "Parameter",
			"Id": "Param178",
			"Segments": [
				0,
				0,
				0,
				1.967,
				0
			]
		},
		{
			"Target": "Parameter",
			"Id": "Param48",
			"Segments": [
				0,
				0,
				1,
				0.656,
				0,
				1.311,
				0,
				1.967,
				0
			]
		},
		{
			"Target": "Parameter",
			"Id": "Param63",
			"Segments": [
				0,
				0,
				1,
				0.656,
				0,
				1.311,
				0,
				1.967,
				0
			]
		},
		{
			"Target": "Parameter",
			"Id": "Param64",
			"Segments": [
				0,
				0,
				1,
				0.656,
				0,
				1.311,
				0,
				1.967,
				0
			]
		},
		{
			"Target": "Parameter",
			"Id": "Param127",
			"Segments": [
				0,
				0,
				1,
				0.656,
				0,
				1.311,
				0,
				1.967,
				0
			]
		},
		{
			"Target": "Parameter",
			"Id": "Param138",
			"Segments": [
				0,
				0,
				1,
				0.656,
				0,
				1.311,
				0,
				1.967,
				0
			]
		},
		{
			"Target": "Parameter",
			"Id": "Param125",
			"Segments": [
				0,
				0,
				1,
				0.656,
				0,
				1.311,
				0,
				1.967,
				0
			]
		},
		{
			"Target": "Parameter",
			"Id": "Param128",
			"Segments": [
				0,
				0,
				1,
				0.656,
				0,
				1.311,
				0,
				1.967,
				0
			]
		},
		{
			"Target": "Parameter",
			"Id": "Param126",
			"Segments": [
				0,
				0,
				0,
				1.967,
				0
			]
		},
		{
			"Target": "Parameter",
			"Id": "Param124",
			"Segments": [
				0,
				0,
				1,
				0.656,
				0,
				1.311,
				0,
				1.967,
				0
			]
		},
		{
			"Target": "Parameter",
			"Id": "Param179",
			"Segments": [
				0,
				0,
				0,
				1.967,
				0
			]
		},
		{
			"Target": "Parameter",
			"Id": "Param192",
			"Segments": [
				0,
				0,
				0,
				1.967,
				0
			]
		},
		{
			"Target": "Parameter",
			"Id": "Param189",
			"Segments": [
				0,
				0,
				0,
				1.967,
				0
			]
		},
		{
			"Target": "Parameter",
			"Id": "Param137",
			"Segments": [
				0,
				0,
				1,
				0.656,
				0,
				1.311,
				0,
				1.967,
				0
			]
		},
		{
			"Target": "Parameter",
			"Id": "Param46",
			"Segments": [
				0,
				0,
				1,
				0.656,
				0,
				1.311,
				0,
				1.967,
				0
			]
		},
		{
			"Target": "Parameter",
			"Id": "Param47",
			"Segments": [
				0,
				0,
				1,
				0.656,
				0,
				1.311,
				0,
				1.967,
				0
			]
		},
		{
			"Target": "Parameter",
			"Id": "Param196",
			"Segments": [
				0,
				0,
				0,
				1.967,
				0
			]
		},
		{
			"Target": "Parameter",
			"Id": "Param123",
			"Segments": [
				0,
				0,
				1,
				0.656,
				0,
				1.311,
				0,
				1.967,
				0
			]
		},
		{
			"Target": "Parameter",
			"Id": "Param134",
			"Segments": [
				0,
				0,
				1,
				0.656,
				0,
				1.311,
				0,
				1.967,
				0
			]
		},
		{
			"Target": "Parameter",
			"Id": "Param135",
			"Segments": [
				0,
				0,
				1,
				0.656,
				0,
				1.311,
				0,
				1.967,
				0
			]
		},
		{
			"Target": "Parameter",
			"Id": "Param136",
			"Segments": [
				0,
				0,
				1,
				0.656,
				0,
				1.311,
				0,
				1.967,
				0
			]
		},
		{
			"Target": "Parameter",
			"Id": "Param_Angle_Rotation5",
			"Segments": [
				0,
				-3.15,
				1,
				0.1,
				-2.918,
				0.2,
				-2.055,
				0.3,
				-2.055,
				1,
				0.522,
				-2.055,
				0.744,
				-4.38,
				0.967,
				-4.38,
				1,
				1.144,
				-4.38,
				1.322,
				-2.055,
				1.5,
				-2.055,
				1,
				1.656,
				-2.055,
				1.811,
				-3.15,
				1.967,
				-3.15
			]
		},
		{
			"Target": "Parameter",
			"Id": "Param_Angle_Rotation6",
			"Segments": [
				0,
				0.259,
				1,
				0.122,
				0.39,
				0.244,
				0.906,
				0.367,
				0.906,
				1,
				0.578,
				0.906,
				0.789,
				-0.767,
				1,
				-0.767,
				1,
				1.189,
				-0.767,
				1.378,
				0.906,
				1.567,
				0.906,
				1,
				1.7,
				0.906,
				1.833,
				0.259,
				1.967,
				0.259
			]
		},
		{
			"Target": "Parameter",
			"Id": "Param_Angle_Rotation7",
			"Segments": [
				0,
				1.362,
				1,
				0.022,
				1.362,
				0.044,
				-0.282,
				0.067,
				-0.282,
				1,
				0.178,
				-0.282,
				0.289,
				16.1,
				0.4,
				16.1,
				1,
				0.622,
				16.1,
				0.844,
				3.138,
				1.067,
				3.138,
				1,
				1.244,
				3.138,
				1.422,
				16.1,
				1.6,
				16.1,
				1,
				1.722,
				16.1,
				1.844,
				1.362,
				1.967,
				1.362
			]
		},
		{
			"Target": "Parameter",
			"Id": "Param_Angle_Rotation8",
			"Segments": [
				0,
				5.224,
				1,
				0.044,
				5.224,
				0.089,
				1,
				0.133,
				1,
				1,
				0.244,
				1,
				0.356,
				10.159,
				0.467,
				10.159,
				1,
				0.678,
				10.159,
				0.889,
				-0.918,
				1.1,
				-0.918,
				1,
				1.289,
				-0.918,
				1.478,
				10.159,
				1.667,
				10.159,
				1,
				1.767,
				10.159,
				1.867,
				5.224,
				1.967,
				5.224
			]
		},
		{
			"Target": "Parameter",
			"Id": "Param8",
			"Segments": [
				0,
				8.006,
				1,
				0.056,
				7.406,
				0.111,
				3.259,
				0.167,
				3.259,
				1,
				0.289,
				3.259,
				0.411,
				14.226,
				0.533,
				14.226,
				1,
				0.756,
				14.226,
				0.978,
				3.68,
				1.2,
				3.68,
				1,
				1.378,
				3.68,
				1.556,
				14.226,
				1.733,
				14.226,
				1,
				1.811,
				14.226,
				1.889,
				8.006,
				1.967,
				8.006
			]
		},
		{
			"Target": "Parameter",
			"Id": "Param10",
			"Segments": [
				0,
				1.701,
				1,
				0.144,
				2.441,
				0.289,
				6.28,
				0.433,
				6.28,
				1,
				0.633,
				6.28,
				0.833,
				3.19,
				1.033,
				3.19,
				1,
				1.233,
				3.19,
				1.433,
				6.28,
				1.633,
				6.28,
				1,
				1.744,
				6.28,
				1.856,
				1.701,
				1.967,
				1.701
			]
		},
		{
			"Target": "Parameter",
			"Id": "Param11",
			"Segments": [
				0,
				-1.443,
				1,
				0.156,
				-0.353,
				0.311,
				5.068,
				0.467,
				5.068,
				1,
				0.667,
				5.068,
				0.867,
				-1.024,
				1.067,
				-1.024,
				1,
				1.267,
				-1.024,
				1.467,
				5.068,
				1.667,
				5.068,
				1,
				1.767,
				5.068,
				1.867,
				-1.443,
				1.967,
				-1.443
			]
		},
		{
			"Target": "Parameter",
			"Id": "Param12",
			"Segments": [
				0,
				-3.121,
				1,
				0.033,
				-3.144,
				0.067,
				-8,
				0.1,
				-8,
				1,
				0.256,
				-8,
				0.411,
				4.22,
				0.567,
				4.22,
				1,
				0.744,
				4.22,
				0.922,
				-4,
				1.1,
				-4,
				1,
				1.322,
				-4,
				1.544,
				4.22,
				1.767,
				4.22,
				1,
				1.833,
				4.22,
				1.9,
				-3.121,
				1.967,
				-3.121
			]
		},
		{
			"Target": "Parameter",
			"Id": "Param13",
			"Segments": [
				0,
				-9.832,
				1,
				0.056,
				-9.832,
				0.111,
				-12,
				0.167,
				-12,
				1,
				0.311,
				-12,
				0.456,
				-3.149,
				0.6,
				-3.149,
				1,
				0.8,
				-3.149,
				1,
				-11.836,
				1.2,
				-11.836,
				1,
				1.4,
				-11.836,
				1.6,
				-3.149,
				1.8,
				-3.149,
				1,
				1.856,
				-3.149,
				1.911,
				-9.832,
				1.967,
				-9.832
			]
		},
		{
			"Target": "Parameter",
			"Id": "Param14",
			"Segments": [
				0,
				17.992,
				1,
				0.067,
				17.992,
				0.133,
				14,
				0.2,
				14,
				1,
				0.356,
				14,
				0.511,
				23.103,
				0.667,
				23.103,
				1,
				0.856,
				23.103,
				1.044,
				16.08,
				1.233,
				16.08,
				1,
				1.444,
				16.08,
				1.656,
				23.103,
				1.867,
				23.103,
				1,
				1.9,
				23.103,
				1.933,
				17.992,
				1.967,
				17.992
			]
		},
		{
			"Target": "Parameter",
			"Id": "Param6",
			"Segments": [
				0,
				7.81,
				1,
				0.056,
				9.337,
				0.111,
				9.966,
				0.167,
				9.966,
				1,
				0.233,
				9.966,
				0.3,
				-4.008,
				0.367,
				-4.008,
				1,
				0.556,
				-4.008,
				0.744,
				4.722,
				0.933,
				4.722,
				1,
				1.144,
				4.722,
				1.356,
				-8.314,
				1.567,
				-8.314,
				1,
				1.7,
				-8.314,
				1.833,
				7.81,
				1.967,
				7.81
			]
		},
		{
			"Target": "Parameter",
			"Id": "Param7",
			"Segments": [
				0,
				-1.584,
				1,
				0.078,
				-1.584,
				0.156,
				3.333,
				0.233,
				3.333,
				1,
				0.322,
				3.333,
				0.411,
				-11.651,
				0.5,
				-11.651,
				1,
				0.678,
				-11.651,
				0.856,
				-4.212,
				1.033,
				-4.212,
				1,
				1.256,
				-4.212,
				1.478,
				-16.054,
				1.7,
				-16.054,
				1,
				1.789,
				-16.054,
				1.878,
				-1.584,
				1.967,
				-1.584
			]
		},
		{
			"Target": "Parameter",
			"Id": "Param15",
			"Segments": [
				0,
				0.597,
				1,
				0.144,
				2.85,
				0.289,
				12.756,
				0.433,
				12.756,
				1,
				0.622,
				12.756,
				0.811,
				5.161,
				1,
				5.161,
				1,
				1.211,
				5.161,
				1.422,
				12.756,
				1.633,
				12.756,
				1,
				1.744,
				12.756,
				1.856,
				0.597,
				1.967,
				0.597
			]
		},
		{
			"Target": "Parameter",
			"Id": "Param16",
			"Segments": [
				0,
				-4.877,
				1,
				0.178,
				-1.941,
				0.356,
				5.738,
				0.533,
				5.738,
				1,
				0.711,
				5.738,
				0.889,
				-0.191,
				1.067,
				-0.191,
				1,
				1.289,
				-0.191,
				1.511,
				5.738,
				1.733,
				5.738,
				1,
				1.811,
				5.738,
				1.889,
				-4.877,
				1.967,
				-4.877
			]
		},
		{
			"Target": "Parameter",
			"Id": "Param17",
			"Segments": [
				0,
				-0.898,
				1,
				0.122,
				0.875,
				0.244,
				11.151,
				0.367,
				11.151,
				1,
				0.556,
				11.151,
				0.744,
				4.648,
				0.933,
				4.648,
				1,
				1.144,
				4.648,
				1.356,
				11.151,
				1.567,
				11.151,
				1,
				1.7,
				11.151,
				1.833,
				-0.898,
				1.967,
				-0.898
			]
		},
		{
			"Target": "Parameter",
			"Id": "Param18",
			"Segments": [
				0,
				-6.337,
				1,
				0.144,
				-4.294,
				0.289,
				5.031,
				0.433,
				5.031,
				1,
				0.622,
				5.031,
				0.811,
				-1.711,
				1,
				-1.711,
				1,
				1.211,
				-1.711,
				1.422,
				5.031,
				1.633,
				5.031,
				1,
				1.744,
				5.031,
				1.856,
				-6.337,
				1.967,
				-6.337
			]
		},
		{
			"Target": "Parameter",
			"Id": "Param19",
			"Segments": [
				0,
				-1.778,
				1,
				0.178,
				0.858,
				0.356,
				10.335,
				0.533,
				10.335,
				1,
				0.711,
				10.335,
				0.889,
				0.822,
				1.067,
				0.822,
				1,
				1.289,
				0.822,
				1.511,
				10.335,
				1.733,
				10.335,
				1,
				1.811,
				10.335,
				1.889,
				-1.778,
				1.967,
				-1.778
			]
		},
		{
			"Target": "Parameter",
			"Id": "Param20",
			"Segments": [
				0,
				-7.029,
				1,
				0.189,
				-4.432,
				0.378,
				4.522,
				0.567,
				4.522,
				1,
				0.756,
				4.522,
				0.944,
				-3.652,
				1.133,
				-3.652,
				1,
				1.356,
				-3.652,
				1.578,
				4.522,
				1.8,
				4.522,
				1,
				1.856,
				4.522,
				1.911,
				-7.029,
				1.967,
				-7.029
			]
		},
		{
			"Target": "Parameter",
			"Id": "Param21",
			"Segments": [
				0,
				-2.647,
				1,
				0.189,
				-0.073,
				0.378,
				10.397,
				0.567,
				10.397,
				1,
				0.756,
				10.397,
				0.944,
				1.947,
				1.133,
				1.947,
				1,
				1.344,
				1.947,
				1.556,
				10.397,
				1.767,
				10.397,
				1,
				1.833,
				10.397,
				1.9,
				-2.647,
				1.967,
				-2.647
			]
		},
		{
			"Target": "Parameter",
			"Id": "Param22",
			"Segments": [
				0,
				-7.397,
				1,
				0.211,
				-4.509,
				0.422,
				6.254,
				0.633,
				6.254,
				1,
				0.856,
				6.254,
				1.078,
				-4.338,
				1.3,
				-4.338,
				1,
				1.478,
				-4.338,
				1.656,
				6.254,
				1.833,
				6.254,
				1,
				1.878,
				6.254,
				1.922,
				-7.397,
				1.967,
				-7.397
			]
		},
		{
			"Target": "Parameter",
			"Id": "Param23",
			"Segments": [
				0,
				-4.647,
				1,
				0.144,
				-2.788,
				0.289,
				7.548,
				0.433,
				7.548,
				1,
				0.611,
				7.548,
				0.789,
				-0.948,
				0.967,
				-0.948,
				1,
				1.189,
				-0.948,
				1.411,
				7.548,
				1.633,
				7.548,
				1,
				1.744,
				7.548,
				1.856,
				-4.647,
				1.967,
				-4.647
			]
		},
		{
			"Target": "Parameter",
			"Id": "Param24",
			"Segments": [
				0,
				-13.284,
				1,
				0.167,
				-10.801,
				0.333,
				3.479,
				0.5,
				3.479,
				1,
				0.711,
				3.479,
				0.922,
				-9.744,
				1.133,
				-9.744,
				1,
				1.322,
				-9.744,
				1.511,
				3.479,
				1.7,
				3.479,
				1,
				1.789,
				3.479,
				1.878,
				-13.284,
				1.967,
				-13.284
			]
		},
		{
			"Target": "Parameter",
			"Id": "Param25",
			"Segments": [
				0,
				-20.52,
				1,
				0.089,
				-16.718,
				0.178,
				-3.265,
				0.267,
				-3.265,
				1,
				0.456,
				-3.265,
				0.644,
				-28.464,
				0.833,
				-28.464,
				1,
				1.044,
				-28.464,
				1.256,
				-3.265,
				1.467,
				-3.265,
				1,
				1.633,
				-3.265,
				1.8,
				-20.52,
				1.967,
				-20.52
			]
		},
		{
			"Target": "Parameter",
			"Id": "Param31",
			"Segments": [
				0,
				-17.787,
				1,
				0.122,
				-17.787,
				0.244,
				3.482,
				0.367,
				3.482,
				1,
				0.544,
				3.482,
				0.722,
				-24.884,
				0.9,
				-24.884,
				1,
				1.122,
				-24.884,
				1.344,
				3.482,
				1.567,
				3.482,
				1,
				1.7,
				3.482,
				1.833,
				-17.787,
				1.967,
				-17.787
			]
		},
		{
			"Target": "Parameter",
			"Id": "Param26",
			"Segments": [
				0,
				15.684,
				1,
				0.144,
				15.684,
				0.289,
				27.695,
				0.433,
				27.695,
				1,
				0.622,
				27.695,
				0.811,
				-1.888,
				1,
				-1.888,
				1,
				1.211,
				-1.888,
				1.422,
				27.695,
				1.633,
				27.695,
				1,
				1.744,
				27.695,
				1.856,
				15.684,
				1.967,
				15.684
			]
		},
		{
			"Target": "Parameter",
			"Id": "Param32",
			"Segments": [
				0,
				11.179,
				1,
				0.178,
				19.907,
				0.356,
				25.107,
				0.533,
				25.107,
				1,
				0.711,
				25.107,
				0.889,
				-3.817,
				1.067,
				-3.817,
				1,
				1.289,
				-3.817,
				1.511,
				25.107,
				1.733,
				25.107,
				1,
				1.811,
				25.107,
				1.889,
				11.179,
				1.967,
				11.179
			]
		},
		{
			"Target": "Parameter",
			"Id": "Param27",
			"Segments": [
				0,
				-7.945,
				1,
				0.122,
				-7.945,
				0.244,
				6.674,
				0.367,
				6.674,
				1,
				0.544,
				6.674,
				0.722,
				-19.155,
				0.9,
				-19.155,
				1,
				1.122,
				-19.155,
				1.344,
				6.674,
				1.567,
				6.674,
				1,
				1.7,
				6.674,
				1.833,
				-7.945,
				1.967,
				-7.945
			]
		},
		{
			"Target": "Parameter",
			"Id": "Param29",
			"Segments": [
				0,
				1.942,
				1,
				0.144,
				1.942,
				0.289,
				15,
				0.433,
				15,
				1,
				0.611,
				15,
				0.789,
				-11.317,
				0.967,
				-11.317,
				1,
				1.189,
				-11.317,
				1.411,
				15,
				1.633,
				15,
				1,
				1.744,
				15,
				1.856,
				1.942,
				1.967,
				1.942
			]
		},
		{
			"Target": "Parameter",
			"Id": "Param28",
			"Segments": [
				0,
				10.922,
				1,
				0.167,
				19.347,
				0.333,
				24.107,
				0.5,
				24.107,
				1,
				0.678,
				24.107,
				0.856,
				-7.3,
				1.033,
				-7.3,
				1,
				1.256,
				-7.3,
				1.478,
				24.107,
				1.7,
				24.107,
				1,
				1.789,
				24.107,
				1.878,
				10.922,
				1.967,
				10.922
			]
		},
		{
			"Target": "Parameter",
			"Id": "Param30",
			"Segments": [
				0,
				-1.141,
				1,
				0.189,
				9.668,
				0.378,
				13.857,
				0.567,
				13.857,
				1,
				0.744,
				13.857,
				0.922,
				-17.597,
				1.1,
				-17.597,
				1,
				1.322,
				-17.597,
				1.544,
				13.857,
				1.767,
				13.857,
				1,
				1.833,
				13.857,
				1.9,
				-1.141,
				1.967,
				-1.141
			]
		},
		{
			"Target": "Parameter",
			"Id": "Param42",
			"Segments": [
				0,
				-10.929,
				1,
				0.122,
				-10.929,
				0.244,
				-1.557,
				0.367,
				-1.557,
				1,
				0.556,
				-1.557,
				0.744,
				-17.081,
				0.933,
				-17.081,
				1,
				1.144,
				-17.081,
				1.356,
				-1.557,
				1.567,
				-1.557,
				1,
				1.7,
				-1.557,
				1.833,
				-10.929,
				1.967,
				-10.929
			]
		},
		{
			"Target": "Parameter",
			"Id": "Param43",
			"Segments": [
				0,
				0,
				1,
				0.656,
				0,
				1.311,
				0,
				1.967,
				0
			]
		},
		{
			"Target": "Parameter",
			"Id": "Param44",
			"Segments": [
				0,
				-10.929,
				1,
				0.133,
				-15.623,
				0.267,
				-15.65,
				0.4,
				-15.65,
				1,
				0.578,
				-15.65,
				0.756,
				-2.788,
				0.933,
				-2.788,
				1,
				1.156,
				-2.788,
				1.378,
				-15.65,
				1.6,
				-15.65,
				1,
				1.722,
				-15.65,
				1.844,
				-10.929,
				1.967,
				-10.929
			]
		},
		{
			"Target": "Parameter",
			"Id": "Param45",
			"Segments": [
				0,
				0,
				1,
				0.656,
				0,
				1.311,
				0,
				1.967,
				0
			]
		},
		{
			"Target": "Parameter",
			"Id": "Param167",
			"Segments": [
				0,
				0,
				1,
				0.656,
				0,
				1.311,
				-0.132,
				1.967,
				-1.071
			]
		},
		{
			"Target": "Parameter",
			"Id": "Param194",
			"Segments": [
				0,
				0,
				0,
				1.967,
				0
			]
		},
		{
			"Target": "Parameter",
			"Id": "Param190",
			"Segments": [
				0,
				0,
				0,
				1.967,
				0
			]
		},
		{
			"Target": "Parameter",
			"Id": "Param185",
			"Segments": [
				0,
				0,
				0,
				1.967,
				0
			]
		},
		{
			"Target": "Parameter",
			"Id": "Param186",
			"Segments": [
				0,
				0,
				0,
				1.967,
				0
			]
		},
		{
			"Target": "Parameter",
			"Id": "Param187",
			"Segments": [
				0,
				0,
				0,
				1.967,
				0
			]
		},
		{
			"Target": "Parameter",
			"Id": "fajiafaguang",
			"Segments": [
				0,
				0,
				1,
				0.656,
				0,
				1.311,
				0,
				1.967,
				0
			]
		},
		{
			"Target": "Parameter",
			"Id": "Param70",
			"Segments": [
				0,
				0,
				1,
				0.656,
				0,
				1.311,
				0,
				1.967,
				0
			]
		},
		{
			"Target": "Parameter",
			"Id": "Param9",
			"Segments": [
				0,
				0,
				1,
				0.656,
				0,
				1.311,
				0,
				1.967,
				0
			]
		},
		{
			"Target": "Parameter",
			"Id": "Param72",
			"Segments": [
				0,
				0,
				1,
				0.656,
				0,
				1.311,
				0,
				1.967,
				0
			]
		},
		{
			"Target": "Parameter",
			"Id": "Param73",
			"Segments": [
				0,
				1.948,
				1,
				0.078,
				3.221,
				0.156,
				10,
				0.233,
				10,
				1,
				0.278,
				10,
				0.322,
				5.85,
				0.367,
				5.85,
				1,
				0.422,
				5.85,
				0.478,
				9.185,
				0.533,
				9.185,
				1,
				0.589,
				9.185,
				0.644,
				5.279,
				0.7,
				5.279,
				1,
				0.767,
				5.279,
				0.833,
				8.223,
				0.9,
				8.223,
				1,
				0.967,
				8.223,
				1.033,
				4.764,
				1.1,
				4.589,
				1,
				1.267,
				4.152,
				1.433,
				4.107,
				1.6,
				3.627,
				1,
				1.722,
				3.274,
				1.844,
				1.948,
				1.967,
				1.948
			]
		},
		{
			"Target": "Parameter",
			"Id": "Param77",
			"Segments": [
				0,
				0,
				1,
				0.1,
				0,
				0.2,
				-5.345,
				0.3,
				-5.345,
				1,
				0.344,
				-5.345,
				0.389,
				5.219,
				0.433,
				5.219,
				1,
				0.489,
				5.219,
				0.544,
				-6.678,
				0.6,
				-6.678,
				1,
				0.656,
				-6.678,
				0.711,
				7.588,
				0.767,
				7.588,
				1,
				0.833,
				7.588,
				0.9,
				-7.603,
				0.967,
				-7.603,
				1,
				1.033,
				-7.603,
				1.1,
				9.585,
				1.167,
				9.952,
				1,
				1.333,
				10.87,
				1.5,
				10.968,
				1.667,
				10.968,
				1,
				1.767,
				10.968,
				1.867,
				0,
				1.967,
				0
			]
		},
		{
			"Target": "Parameter",
			"Id": "Param119",
			"Segments": [
				0,
				0,
				1,
				0.656,
				0,
				1.311,
				0,
				1.967,
				0
			]
		},
		{
			"Target": "Parameter",
			"Id": "Param120",
			"Segments": [
				0,
				0,
				1,
				0.656,
				0,
				1.311,
				0,
				1.967,
				0
			]
		},
		{
			"Target": "Parameter",
			"Id": "Param56",
			"Segments": [
				0,
				0,
				1,
				0.656,
				0,
				1.311,
				0,
				1.967,
				0
			]
		},
		{
			"Target": "Parameter",
			"Id": "Param74",
			"Segments": [
				0,
				0,
				1,
				0.656,
				0,
				1.311,
				0,
				1.967,
				0
			]
		},
		{
			"Target": "Parameter",
			"Id": "Param75",
			"Segments": [
				0,
				2.709,
				1,
				0.1,
				2.709,
				0.2,
				10,
				0.3,
				10,
				1,
				0.344,
				10,
				0.389,
				5.85,
				0.433,
				5.85,
				1,
				0.489,
				5.85,
				0.544,
				9.198,
				0.6,
				9.198,
				1,
				0.656,
				9.198,
				0.711,
				5.279,
				0.767,
				5.279,
				1,
				0.833,
				5.279,
				0.9,
				8.223,
				0.967,
				8.223,
				1,
				1.033,
				8.223,
				1.1,
				4.764,
				1.167,
				4.589,
				1,
				1.333,
				4.152,
				1.5,
				4.058,
				1.667,
				3.627,
				1,
				1.767,
				3.368,
				1.867,
				2.709,
				1.967,
				2.709
			]
		},
		{
			"Target": "Parameter",
			"Id": "Param76",
			"Segments": [
				0,
				0,
				1,
				0.122,
				0,
				0.244,
				-5.345,
				0.367,
				-5.345,
				1,
				0.411,
				-5.345,
				0.456,
				5.219,
				0.5,
				5.219,
				1,
				0.556,
				5.219,
				0.611,
				-6.649,
				0.667,
				-6.649,
				1,
				0.722,
				-6.649,
				0.778,
				7.588,
				0.833,
				7.588,
				1,
				0.9,
				7.588,
				0.967,
				-7.603,
				1.033,
				-7.603,
				1,
				1.1,
				-7.603,
				1.167,
				9.591,
				1.233,
				9.952,
				1,
				1.4,
				10.856,
				1.567,
				10.952,
				1.733,
				10.952,
				1,
				1.811,
				10.952,
				1.889,
				0,
				1.967,
				0
			]
		},
		{
			"Target": "Parameter",
			"Id": "Param118",
			"Segments": [
				0,
				0,
				1,
				0.656,
				0,
				1.311,
				0,
				1.967,
				0
			]
		},
		{
			"Target": "Parameter",
			"Id": "Param33",
			"Segments": [
				0,
				0,
				1,
				0.656,
				0,
				1.311,
				0,
				1.967,
				0
			]
		},
		{
			"Target": "Parameter",
			"Id": "Param34",
			"Segments": [
				0,
				0,
				1,
				0.656,
				0,
				1.311,
				0,
				1.967,
				0
			]
		},
		{
			"Target": "Parameter",
			"Id": "Param35",
			"Segments": [
				0,
				0,
				1,
				0.656,
				0,
				1.311,
				0,
				1.967,
				0
			]
		},
		{
			"Target": "Parameter",
			"Id": "Param36",
			"Segments": [
				0,
				0,
				1,
				0.656,
				0,
				1.311,
				0,
				1.967,
				0
			]
		},
		{
			"Target": "Parameter",
			"Id": "Param89",
			"Segments": [
				0,
				0,
				1,
				0.656,
				0,
				1.311,
				0,
				1.967,
				0
			]
		},
		{
			"Target": "Parameter",
			"Id": "Param90",
			"Segments": [
				0,
				0,
				1,
				0.656,
				0,
				1.311,
				0,
				1.967,
				0
			]
		},
		{
			"Target": "Parameter",
			"Id": "Param91",
			"Segments": [
				0,
				-30,
				1,
				0.656,
				-30,
				1.311,
				-30,
				1.967,
				-30
			]
		},
		{
			"Target": "Parameter",
			"Id": "Param92",
			"Segments": [
				0,
				0,
				1,
				0.656,
				0,
				1.311,
				0,
				1.967,
				0
			]
		},
		{
			"Target": "Parameter",
			"Id": "Param93",
			"Segments": [
				0,
				0,
				1,
				0.656,
				0,
				1.311,
				0,
				1.967,
				0
			]
		},
		{
			"Target": "Parameter",
			"Id": "Param94",
			"Segments": [
				0,
				0,
				1,
				0.656,
				0,
				1.311,
				0,
				1.967,
				0
			]
		},
		{
			"Target": "Parameter",
			"Id": "Param95",
			"Segments": [
				0,
				0,
				1,
				0.656,
				0,
				1.311,
				0,
				1.967,
				0
			]
		},
		{
			"Target": "Parameter",
			"Id": "Param96",
			"Segments": [
				0,
				0,
				1,
				0.656,
				0,
				1.311,
				0,
				1.967,
				0
			]
		},
		{
			"Target": "Parameter",
			"Id": "Param98",
			"Segments": [
				0,
				0,
				1,
				0.656,
				0,
				1.311,
				0,
				1.967,
				0
			]
		},
		{
			"Target": "Parameter",
			"Id": "Param99",
			"Segments": [
				0,
				0,
				1,
				0.656,
				0,
				1.311,
				0,
				1.967,
				0
			]
		},
		{
			"Target": "Parameter",
			"Id": "Param100",
			"Segments": [
				0,
				0,
				1,
				0.656,
				0,
				1.311,
				0,
				1.967,
				0
			]
		},
		{
			"Target": "Parameter",
			"Id": "Param101",
			"Segments": [
				0,
				0,
				1,
				0.656,
				0,
				1.311,
				0,
				1.967,
				0
			]
		},
		{
			"Target": "Parameter",
			"Id": "Param102",
			"Segments": [
				0,
				0,
				1,
				0.656,
				0,
				1.311,
				0,
				1.967,
				0
			]
		},
		{
			"Target": "Parameter",
			"Id": "Param103",
			"Segments": [
				0,
				0,
				1,
				0.656,
				0,
				1.311,
				0,
				1.967,
				0
			]
		},
		{
			"Target": "Parameter",
			"Id": "Param97",
			"Segments": [
				0,
				-30,
				1,
				0.656,
				-30,
				1.311,
				-30,
				1.967,
				-30
			]
		},
		{
			"Target": "Parameter",
			"Id": "Param112",
			"Segments": [
				0,
				0,
				1,
				0.656,
				0,
				1.311,
				0,
				1.967,
				0
			]
		},
		{
			"Target": "Parameter",
			"Id": "Param113",
			"Segments": [
				0,
				0,
				1,
				0.656,
				0,
				1.311,
				0,
				1.967,
				0
			]
		},
		{
			"Target": "Parameter",
			"Id": "Param114",
			"Segments": [
				0,
				0,
				1,
				0.656,
				0,
				1.311,
				0,
				1.967,
				0
			]
		},
		{
			"Target": "Parameter",
			"Id": "Param115",
			"Segments": [
				0,
				0,
				1,
				0.656,
				0,
				1.311,
				0,
				1.967,
				0
			]
		},
		{
			"Target": "Parameter",
			"Id": "Param116",
			"Segments": [
				0,
				0,
				1,
				0.656,
				0,
				1.311,
				0,
				1.967,
				0
			]
		},
		{
			"Target": "Parameter",
			"Id": "Param117",
			"Segments": [
				0,
				0,
				1,
				0.656,
				0,
				1.311,
				0,
				1.967,
				0
			]
		},
		{
			"Target": "Parameter",
			"Id": "Param105",
			"Segments": [
				0,
				-30,
				1,
				0.656,
				-30,
				1.311,
				-30,
				1.967,
				-30
			]
		},
		{
			"Target": "Parameter",
			"Id": "Param106",
			"Segments": [
				0,
				0,
				1,
				0.656,
				0,
				1.311,
				0,
				1.967,
				0
			]
		},
		{
			"Target": "Parameter",
			"Id": "Param107",
			"Segments": [
				0,
				0,
				1,
				0.656,
				0,
				1.311,
				0,
				1.967,
				0
			]
		},
		{
			"Target": "Parameter",
			"Id": "Param108",
			"Segments": [
				0,
				0,
				1,
				0.656,
				0,
				1.311,
				0,
				1.967,
				0
			]
		},
		{
			"Target": "Parameter",
			"Id": "Param109",
			"Segments": [
				0,
				0,
				1,
				0.656,
				0,
				1.311,
				0,
				1.967,
				0
			]
		},
		{
			"Target": "Parameter",
			"Id": "Param110",
			"Segments": [
				0,
				0,
				1,
				0.656,
				0,
				1.311,
				0,
				1.967,
				0
			]
		},
		{
			"Target": "Parameter",
			"Id": "Param111",
			"Segments": [
				0,
				0,
				1,
				0.656,
				0,
				1.311,
				0,
				1.967,
				0
			]
		},
		{
			"Target": "Parameter",
			"Id": "Param104",
			"Segments": [
				0,
				-30,
				1,
				0.656,
				-30,
				1.311,
				-30,
				1.967,
				-30
			]
		},
		{
			"Target": "Parameter",
			"Id": "daimao",
			"Segments": [
				0,
				0,
				1,
				0.656,
				0,
				1.311,
				0,
				1.967,
				0
			]
		},
		{
			"Target": "Parameter",
			"Id": "Param168",
			"Segments": [
				0,
				0,
				1,
				0.656,
				0,
				1.311,
				0,
				1.967,
				0
			]
		},
		{
			"Target": "Parameter",
			"Id": "Param169",
			"Segments": [
				0,
				0,
				1,
				0.656,
				0,
				1.311,
				0,
				1.967,
				0
			]
		},
		{
			"Target": "Parameter",
			"Id": "Param173",
			"Segments": [
				0,
				0,
				1,
				0.656,
				0,
				1.311,
				0,
				1.967,
				0
			]
		},
		{
			"Target": "Parameter",
			"Id": "Param174",
			"Segments": [
				0,
				0,
				1,
				0.656,
				0,
				1.311,
				0,
				1.967,
				0
			]
		},
		{
			"Target": "Parameter",
			"Id": "Param175",
			"Segments": [
				0,
				0,
				1,
				0.656,
				0,
				1.311,
				0,
				1.967,
				0
			]
		},
		{
			"Target": "Parameter",
			"Id": "Param176",
			"Segments": [
				0,
				0,
				1,
				0.656,
				0,
				1.311,
				0,
				1.967,
				0
			]
		},
		{
			"Target": "Parameter",
			"Id": "Param177",
			"Segments": [
				0,
				0,
				0,
				1.967,
				0
			]
		},
		{
			"Target": "Parameter",
			"Id": "Param140",
			"Segments": [
				0,
				0,
				1,
				0.656,
				0,
				1.311,
				0,
				1.967,
				0
			]
		},
		{
			"Target": "Parameter",
			"Id": "ParamAngleX",
			"Segments": [
				0,
				0.497,
				1,
				0.233,
				2.039,
				0.467,
				2,
				0.7,
				2,
				1,
				1.044,
				2,
				1.389,
				2,
				1.733,
				2,
				1,
				1.811,
				2,
				1.889,
				0.497,
				1.967,
				0.497
			]
		},
		{
			"Target": "Parameter",
			"Id": "ParamAngleY",
			"Segments": [
				0,
				-1.019,
				1,
				0.033,
				-1.019,
				0.067,
				-12,
				0.1,
				-12,
				1,
				0.144,
				-12,
				0.189,
				14.971,
				0.233,
				14.971,
				1,
				0.278,
				14.971,
				0.322,
				-4.396,
				0.367,
				-4.396,
				1,
				0.422,
				-4.396,
				0.478,
				11.655,
				0.533,
				11.655,
				1,
				0.589,
				11.655,
				0.644,
				-7.482,
				0.7,
				-7.482,
				1,
				0.767,
				-7.482,
				0.833,
				6.567,
				0.9,
				6.567,
				1,
				0.967,
				6.567,
				1.033,
				-9.547,
				1.1,
				-9.862,
				1,
				1.267,
				-10.65,
				1.433,
				-10.731,
				1.6,
				-10.731,
				1,
				1.722,
				-10.731,
				1.844,
				-1.019,
				1.967,
				-1.019
			]
		},
		{
			"Target": "Parameter",
			"Id": "ParamAngleZ",
			"Segments": [
				0,
				0.398,
				1,
				0.211,
				1.656,
				0.422,
				14.713,
				0.633,
				16,
				1,
				0.978,
				18.099,
				1.322,
				18.18,
				1.667,
				18.18,
				1,
				1.767,
				18.18,
				1.867,
				0.398,
				1.967,
				0.398
			]
		},
		{
			"Target": "Parameter",
			"Id": "Param82",
			"Segments": [
				0,
				0,
				1,
				0.656,
				0,
				1.311,
				0,
				1.967,
				0
			]
		},
		{
			"Target": "Parameter",
			"Id": "Param83",
			"Segments": [
				0,
				0,
				1,
				0.656,
				0,
				1.311,
				0,
				1.967,
				0
			]
		},
		{
			"Target": "Parameter",
			"Id": "ParamBrowLX",
			"Segments": [
				0,
				0,
				1,
				0.656,
				0,
				1.311,
				0,
				1.967,
				0
			]
		},
		{
			"Target": "Parameter",
			"Id": "ParamBrowRX",
			"Segments": [
				0,
				0,
				1,
				0.656,
				0,
				1.311,
				0,
				1.967,
				0
			]
		},
		{
			"Target": "Parameter",
			"Id": "ParamBrowLAngle",
			"Segments": [
				0,
				0,
				1,
				0.656,
				0,
				1.311,
				0,
				1.967,
				0
			]
		},
		{
			"Target": "Parameter",
			"Id": "ParamBrowRAngle",
			"Segments": [
				0,
				0,
				1,
				0.656,
				0,
				1.311,
				0,
				1.967,
				0
			]
		},
		{
			"Target": "Parameter",
			"Id": "ParamCheek",
			"Segments": [
				0,
				0,
				1,
				0.656,
				0,
				1.311,
				0,
				1.967,
				0
			]
		},
		{
			"Target": "Parameter",
			"Id": "ParamBodyAngleX",
			"Segments": [
				0,
				0.099,
				1,
				0.211,
				0.099,
				0.422,
				-1,
				0.633,
				-1,
				1,
				0.978,
				-1,
				1.322,
				-1,
				1.667,
				-1,
				1,
				1.767,
				-1,
				1.867,
				0.099,
				1.967,
				0.099
			]
		},
		{
			"Target": "Parameter",
			"Id": "ParamBodyAngleY",
			"Segments": [
				0,
				3,
				1,
				0.056,
				3.716,
				0.111,
				5,
				0.167,
				5,
				1,
				0.211,
				5,
				0.256,
				0,
				0.3,
				0,
				1,
				0.356,
				0,
				0.411,
				3,
				0.467,
				3,
				1,
				0.522,
				3,
				0.578,
				-4,
				0.633,
				-4,
				1,
				0.7,
				-4,
				0.767,
				-1.194,
				0.833,
				-1.194,
				1,
				0.9,
				-1.194,
				0.967,
				-5.185,
				1.033,
				-5.467,
				1,
				1.2,
				-6.172,
				1.367,
				-6.253,
				1.533,
				-6.253,
				1,
				1.678,
				-6.253,
				1.822,
				3,
				1.967,
				3
			]
		},
		{
			"Target": "Parameter",
			"Id": "ParamBodyAngleZ",
			"Segments": [
				0,
				0.344,
				1,
				0.189,
				0.344,
				0.378,
				-0.306,
				0.567,
				-0.36,
				1,
				0.911,
				-0.459,
				1.256,
				-0.46,
				1.6,
				-0.46,
				1,
				1.722,
				-0.46,
				1.844,
				0.344,
				1.967,
				0.344
			]
		},
		{
			"Target": "Parameter",
			"Id": "ParamHairFront",
			"Segments": [
				0,
				0,
				1,
				0.656,
				0,
				1.311,
				0,
				1.967,
				0
			]
		},
		{
			"Target": "Parameter",
			"Id": "ParamHairSide",
			"Segments": [
				0,
				0,
				1,
				0.656,
				0,
				1.311,
				0,
				1.967,
				0
			]
		},
		{
			"Target": "Parameter",
			"Id": "ParamHairBack",
			"Segments": [
				0,
				0,
				1,
				0.656,
				0,
				1.311,
				0,
				1.967,
				0
			]
		},
		{
			"Target": "Parameter",
			"Id": "Param37",
			"Segments": [
				0,
				0,
				1,
				0.656,
				0,
				1.311,
				0,
				1.967,
				0
			]
		},
		{
			"Target": "Parameter",
			"Id": "Param122",
			"Segments": [
				0,
				0,
				1,
				0.656,
				0,
				1.311,
				0,
				1.967,
				0
			]
		},
		{
			"Target": "Parameter",
			"Id": "Param198pp",
			"Segments": [
				0,
				-30,
				0,
				1.967,
				-30
			]
		},
		{
			"Target": "Parameter",
			"Id": "Param199pp",
			"Segments": [
				0,
				-30,
				0,
				1.967,
				-30
			]
		},
		{
			"Target": "Parameter",
			"Id": "Param200pp",
			"Segments": [
				0,
				0,
				0,
				1.967,
				0
			]
		},
		{
			"Target": "Parameter",
			"Id": "Param201pp",
			"Segments": [
				0,
				0,
				0,
				1.967,
				0
			]
		},
		{
			"Target": "Parameter",
			"Id": "Param202pp",
			"Segments": [
				0,
				0,
				0,
				1.967,
				0
			]
		},
		{
			"Target": "Parameter",
			"Id": "Param203pp",
			"Segments": [
				0,
				0,
				0,
				1.967,
				0
			]
		},
		{
			"Target": "Parameter",
			"Id": "Param204pp",
			"Segments": [
				0,
				0,
				0,
				1.967,
				0
			]
		},
		{
			"Target": "Parameter",
			"Id": "Param205pp",
			"Segments": [
				0,
				0,
				0,
				1.967,
				0
			]
		},
		{
			"Target": "Parameter",
			"Id": "Param206pp",
			"Segments": [
				0,
				0,
				0,
				1.967,
				0
			]
		},
		{
			"Target": "Parameter",
			"Id": "Param207pp",
			"Segments": [
				0,
				0,
				0,
				1.967,
				0
			]
		},
		{
			"Target": "Parameter",
			"Id": "Param208pp",
			"Segments": [
				0,
				0,
				0,
				1.967,
				0
			]
		},
		{
			"Target": "Parameter",
			"Id": "Param209pp",
			"Segments": [
				0,
				0,
				0,
				1.967,
				0
			]
		},
		{
			"Target": "Parameter",
			"Id": "Param210pp",
			"Segments": [
				0,
				0,
				0,
				1.967,
				0
			]
		},
		{
			"Target": "Parameter",
			"Id": "Param211pp",
			"Segments": [
				0,
				0,
				0,
				1.967,
				0
			]
		},
		{
			"Target": "Parameter",
			"Id": "Param212pp",
			"Segments": [
				0,
				0,
				0,
				1.967,
				0
			]
		},
		{
			"Target": "Parameter",
			"Id": "Param213pp",
			"Segments": [
				0,
				0,
				0,
				1.967,
				0
			]
		},
		{
			"Target": "Parameter",
			"Id": "Param214pp",
			"Segments": [
				0,
				0,
				0,
				1.967,
				0
			]
		},
		{
			"Target": "Parameter",
			"Id": "Param215pp",
			"Segments": [
				0,
				0,
				0,
				1.967,
				0
			]
		},
		{
			"Target": "Parameter",
			"Id": "Param216pp",
			"Segments": [
				0,
				0,
				0,
				1.967,
				0
			]
		},
		{
			"Target": "Parameter",
			"Id": "Param217pp",
			"Segments": [
				0,
				0,
				0,
				1.967,
				0
			]
		},
		{
			"Target": "PartOpacity",
			"Id": "Part52",
			"Segments": [
				0,
				1,
				0,
				1.97,
				1
			]
		},
		{
			"Target": "PartOpacity",
			"Id": "Part40",
			"Segments": [
				0,
				1,
				0,
				1.97,
				1
			]
		},
		{
			"Target": "PartOpacity",
			"Id": "Part44",
			"Segments": [
				0,
				1,
				0,
				1.97,
				1
			]
		},
		{
			"Target": "PartOpacity",
			"Id": "Part45",
			"Segments": [
				0,
				1,
				0,
				1.97,
				1
			]
		},
		{
			"Target": "PartOpacity",
			"Id": "Part53",
			"Segments": [
				0,
				1,
				0,
				1.97,
				1
			]
		},
		{
			"Target": "PartOpacity",
			"Id": "Part41",
			"Segments": [
				0,
				1,
				0,
				1.97,
				1
			]
		},
		{
			"Target": "PartOpacity",
			"Id": "Part43",
			"Segments": [
				0,
				1,
				0,
				1.97,
				1
			]
		},
		{
			"Target": "PartOpacity",
			"Id": "Part39",
			"Segments": [
				0,
				1,
				2,
				1.97,
				1
			]
		},
		{
			"Target": "PartOpacity",
			"Id": "Part37",
			"Segments": [
				0,
				1,
				2,
				1.97,
				1
			]
		},
		{
			"Target": "PartOpacity",
			"Id": "Part36",
			"Segments": [
				0,
				1,
				2,
				1.97,
				1
			]
		},
		{
			"Target": "PartOpacity",
			"Id": "Part5",
			"Segments": [
				0,
				1,
				2,
				1.97,
				1
			]
		},
		{
			"Target": "PartOpacity",
			"Id": "Part2",
			"Segments": [
				0,
				1,
				2,
				1.97,
				1
			]
		},
		{
			"Target": "PartOpacity",
			"Id": "Part3",
			"Segments": [
				0,
				1,
				2,
				1.97,
				1
			]
		},
		{
			"Target": "PartOpacity",
			"Id": "Part6",
			"Segments": [
				0,
				1,
				2,
				1.97,
				1
			]
		},
		{
			"Target": "PartOpacity",
			"Id": "Part4",
			"Segments": [
				0,
				1,
				2,
				1.97,
				1
			]
		},
		{
			"Target": "PartOpacity",
			"Id": "Part",
			"Segments": [
				0,
				1,
				2,
				1.97,
				1
			]
		},
		{
			"Target": "PartOpacity",
			"Id": "Part31",
			"Segments": [
				0,
				1,
				2,
				1.97,
				1
			]
		},
		{
			"Target": "PartOpacity",
			"Id": "Part29",
			"Segments": [
				0,
				1,
				2,
				1.97,
				1
			]
		},
		{
			"Target": "PartOpacity",
			"Id": "Part13",
			"Segments": [
				0,
				1,
				2,
				1.97,
				1
			]
		},
		{
			"Target": "PartOpacity",
			"Id": "Part14",
			"Segments": [
				0,
				1,
				2,
				1.97,
				1
			]
		},
		{
			"Target": "PartOpacity",
			"Id": "Part15",
			"Segments": [
				0,
				1,
				2,
				1.97,
				1
			]
		},
		{
			"Target": "PartOpacity",
			"Id": "Part11",
			"Segments": [
				0,
				1,
				2,
				1.97,
				1
			]
		},
		{
			"Target": "PartOpacity",
			"Id": "Part12",
			"Segments": [
				0,
				1,
				2,
				1.97,
				1
			]
		},
		{
			"Target": "PartOpacity",
			"Id": "Part16",
			"Segments": [
				0,
				1,
				2,
				1.97,
				1
			]
		},
		{
			"Target": "PartOpacity",
			"Id": "Part30",
			"Segments": [
				0,
				1,
				2,
				1.97,
				1
			]
		},
		{
			"Target": "PartOpacity",
			"Id": "Part17",
			"Segments": [
				0,
				1,
				2,
				1.97,
				1
			]
		},
		{
			"Target": "PartOpacity",
			"Id": "Part18",
			"Segments": [
				0,
				1,
				2,
				1.97,
				1
			]
		},
		{
			"Target": "PartOpacity",
			"Id": "Part28",
			"Segments": [
				0,
				1,
				2,
				1.97,
				1
			]
		},
		{
			"Target": "PartOpacity",
			"Id": "Part19",
			"Segments": [
				0,
				1,
				2,
				1.97,
				1
			]
		},
		{
			"Target": "PartOpacity",
			"Id": "Part20",
			"Segments": [
				0,
				1,
				2,
				1.97,
				1
			]
		},
		{
			"Target": "PartOpacity",
			"Id": "Part33",
			"Segments": [
				0,
				1,
				2,
				1.97,
				1
			]
		},
		{
			"Target": "PartOpacity",
			"Id": "Part32",
			"Segments": [
				0,
				1,
				2,
				1.97,
				1
			]
		},
		{
			"Target": "PartOpacity",
			"Id": "Part38",
			"Segments": [
				0,
				1,
				2,
				1.97,
				1
			]
		},
		{
			"Target": "PartOpacity",
			"Id": "Part7",
			"Segments": [
				0,
				1,
				2,
				1.97,
				1
			]
		},
		{
			"Target": "PartOpacity",
			"Id": "Part35",
			"Segments": [
				0,
				1,
				2,
				1.97,
				1
			]
		},
		{
			"Target": "PartOpacity",
			"Id": "Part10",
			"Segments": [
				0,
				1,
				2,
				1.97,
				1
			]
		},
		{
			"Target": "PartOpacity",
			"Id": "Part27",
			"Segments": [
				0,
				1,
				2,
				1.97,
				1
			]
		},
		{
			"Target": "PartOpacity",
			"Id": "Part34",
			"Segments": [
				0,
				1,
				2,
				1.97,
				1
			]
		},
		{
			"Target": "PartOpacity",
			"Id": "Part8",
			"Segments": [
				0,
				1,
				2,
				1.97,
				1
			]
		},
		{
			"Target": "PartOpacity",
			"Id": "Part9",
			"Segments": [
				0,
				1,
				2,
				1.97,
				1
			]
		},
		{
			"Target": "PartOpacity",
			"Id": "ArtMesh122_Skinning",
			"Segments": [
				0,
				1,
				2,
				1.97,
				1
			]
		},
		{
			"Target": "PartOpacity",
			"Id": "Part21",
			"Segments": [
				0,
				1,
				2,
				1.97,
				1
			]
		},
		{
			"Target": "PartOpacity",
			"Id": "Part22",
			"Segments": [
				0,
				1,
				2,
				1.97,
				1
			]
		},
		{
			"Target": "PartOpacity",
			"Id": "Part23",
			"Segments": [
				0,
				1,
				2,
				1.97,
				1
			]
		},
		{
			"Target": "PartOpacity",
			"Id": "Part24",
			"Segments": [
				0,
				1,
				2,
				1.97,
				1
			]
		},
		{
			"Target": "PartOpacity",
			"Id": "Part25",
			"Segments": [
				0,
				1,
				2,
				1.97,
				1
			]
		},
		{
			"Target": "PartOpacity",
			"Id": "Part26",
			"Segments": [
				0,
				1,
				2,
				1.97,
				1
			]
		},
		{
			"Target": "PartOpacity",
			"Id": "ArtMesh133_Skinning",
			"Segments": [
				0,
				1,
				2,
				1.97,
				1
			]
		},
		{
			"Target": "PartOpacity",
			"Id": "ArtMesh122_Skinning2",
			"Segments": [
				0,
				1,
				2,
				1.97,
				1
			]
		}
	]
}