{
	"Version": 3,
	"Meta": {
		"Duration": 2.27,
		"Fps": 30.0,
		"Loop": true,
		"AreBeziersRestricted": false,
		"CurveCount": 298,
		"TotalSegmentCount": 499,
		"TotalPointCount": 1539,
		"UserDataCount": 0,
		"TotalUserDataSize": 0
	},
	"Curves": [
		{
			"Target": "Model",
			"Id": "Opacity",
			"Segments": [
				0,
				1,
				1,
				0.76,
				1,
				1.51,
				1,
				2.27,
				1
			]
		},
		{
			"Target": "Parameter",
			"Id": "Param2",
			"Segments": [
				0,
				-2.888,
				1,
				0.089,
				-2.888,
				0.178,
				-5,
				0.267,
				-5,
				1,
				0.378,
				-5,
				0.489,
				30,
				0.6,
				30,
				1,
				1.011,
				30,
				1.422,
				29.635,
				1.833,
				27.159,
				1,
				1.978,
				26.289,
				2.122,
				-2.888,
				2.267,
				-2.888
			]
		},
		{
			"Target": "Parameter",
			"Id": "Param180",
			"Segments": [
				0,
				0,
				0,
				2.267,
				0
			]
		},
		{
			"Target": "Parameter",
			"Id": "Param38",
			"Segments": [
				0,
				0,
				1,
				0.756,
				0,
				1.511,
				0,
				2.267,
				0
			]
		},
		{
			"Target": "Parameter",
			"Id": "Param129",
			"Segments": [
				0,
				0,
				1,
				0.756,
				0,
				1.511,
				0,
				2.267,
				0
			]
		},
		{
			"Target": "Parameter",
			"Id": "Param5",
			"Segments": [
				0,
				0.067,
				1,
				0.1,
				-0.175,
				0.2,
				-1,
				0.3,
				-1,
				1,
				0.411,
				-1,
				0.522,
				1.761,
				0.633,
				1.761,
				1,
				1.044,
				1.761,
				1.456,
				1.739,
				1.867,
				1.591,
				1,
				2,
				1.542,
				2.133,
				0.067,
				2.267,
				0.067
			]
		},
		{
			"Target": "Parameter",
			"Id": "Param",
			"Segments": [
				0,
				-14.398,
				1,
				0.111,
				-14.398,
				0.222,
				-13.943,
				0.333,
				-6,
				1,
				0.444,
				1.943,
				0.556,
				17,
				0.667,
				17,
				1,
				1.078,
				17,
				1.489,
				17,
				1.9,
				17,
				1,
				2.022,
				17,
				2.144,
				-14.398,
				2.267,
				-14.398
			]
		},
		{
			"Target": "Parameter",
			"Id": "Param131",
			"Segments": [
				0,
				0,
				1,
				0.756,
				0,
				1.511,
				0,
				2.267,
				0
			]
		},
		{
			"Target": "Parameter",
			"Id": "Param50",
			"Segments": [
				0,
				-2.23,
				1,
				0.756,
				-2.23,
				1.511,
				-2.23,
				2.267,
				-2.23
			]
		},
		{
			"Target": "Parameter",
			"Id": "Param39",
			"Segments": [
				0,
				-2.607,
				1,
				0.089,
				-2.607,
				0.178,
				-5,
				0.267,
				-5,
				1,
				0.378,
				-5,
				0.489,
				30,
				0.6,
				30,
				1,
				1.011,
				30,
				1.422,
				29.635,
				1.833,
				27.159,
				1,
				1.978,
				26.289,
				2.122,
				-2.607,
				2.267,
				-2.607
			]
		},
		{
			"Target": "Parameter",
			"Id": "Param41",
			"Segments": [
				0,
				0,
				1,
				0.756,
				0,
				1.511,
				0,
				2.267,
				0
			]
		},
		{
			"Target": "Parameter",
			"Id": "Param130",
			"Segments": [
				0,
				0,
				1,
				0.756,
				0,
				1.511,
				0,
				2.267,
				0
			]
		},
		{
			"Target": "Parameter",
			"Id": "Param40",
			"Segments": [
				0,
				0.133,
				1,
				0.1,
				-0.319,
				0.2,
				-1,
				0.3,
				-1,
				1,
				0.411,
				-1,
				0.522,
				1.764,
				0.633,
				1.764,
				1,
				1.044,
				1.764,
				1.456,
				1.742,
				1.867,
				1.591,
				1,
				2,
				1.542,
				2.133,
				0.133,
				2.267,
				0.133
			]
		},
		{
			"Target": "Parameter",
			"Id": "Param49",
			"Segments": [
				0,
				-7.844,
				1,
				0.111,
				-15.894,
				0.222,
				-26,
				0.333,
				-26,
				1,
				0.444,
				-26,
				0.556,
				-25,
				0.667,
				-25,
				1,
				1.078,
				-25,
				1.489,
				-25,
				1.9,
				-25,
				1,
				2.022,
				-25,
				2.144,
				-7.844,
				2.267,
				-7.844
			]
		},
		{
			"Target": "Parameter",
			"Id": "Param84",
			"Segments": [
				0,
				-2.23,
				1,
				0.756,
				-2.23,
				1.511,
				-2.23,
				2.267,
				-2.23
			]
		},
		{
			"Target": "Parameter",
			"Id": "Param139",
			"Segments": [
				0,
				0,
				1,
				0.756,
				0,
				1.511,
				0,
				2.267,
				0
			]
		},
		{
			"Target": "Parameter",
			"Id": "Param171",
			"Segments": [
				0,
				0,
				0,
				2.267,
				0
			]
		},
		{
			"Target": "Parameter",
			"Id": "Param170",
			"Segments": [
				0,
				0,
				0,
				2.267,
				0
			]
		},
		{
			"Target": "Parameter",
			"Id": "Param191",
			"Segments": [
				0,
				0,
				0,
				2.267,
				0
			]
		},
		{
			"Target": "Parameter",
			"Id": "ParamEyeLOpen",
			"Segments": [
				0,
				1,
				1,
				0.078,
				1,
				0.156,
				0,
				0.233,
				0,
				1,
				0.344,
				0,
				0.456,
				0.697,
				0.567,
				0.697,
				1,
				0.978,
				0.697,
				1.389,
				0.684,
				1.8,
				0.628,
				1,
				1.889,
				0.616,
				1.978,
				0,
				2.067,
				0,
				1,
				2.133,
				0,
				2.2,
				1,
				2.267,
				1
			]
		},
		{
			"Target": "Parameter",
			"Id": "ParamEyeLSmile",
			"Segments": [
				0,
				0,
				1,
				0.167,
				0,
				0.333,
				0,
				0.5,
				0,
				1,
				0.911,
				0,
				1.322,
				0,
				1.733,
				0,
				1,
				1.911,
				0,
				2.089,
				0,
				2.267,
				0
			]
		},
		{
			"Target": "Parameter",
			"Id": "ParamEyeROpen",
			"Segments": [
				0,
				1,
				1,
				0.078,
				1,
				0.156,
				0,
				0.233,
				0,
				1,
				0.344,
				0,
				0.456,
				0.697,
				0.567,
				0.697,
				1,
				0.978,
				0.697,
				1.389,
				0.684,
				1.8,
				0.628,
				1,
				1.889,
				0.616,
				1.978,
				0,
				2.067,
				0,
				1,
				2.133,
				0,
				2.2,
				1,
				2.267,
				1
			]
		},
		{
			"Target": "Parameter",
			"Id": "ParamEyeRSmile",
			"Segments": [
				0,
				0,
				1,
				0.167,
				0,
				0.333,
				0,
				0.5,
				0,
				1,
				0.911,
				0,
				1.322,
				0,
				1.733,
				0,
				1,
				1.911,
				0,
				2.089,
				0,
				2.267,
				0
			]
		},
		{
			"Target": "Parameter",
			"Id": "ParamEyeBallX",
			"Segments": [
				0,
				0,
				1,
				0.167,
				0,
				0.333,
				0.8,
				0.5,
				0.8,
				1,
				0.911,
				0.8,
				1.322,
				0.8,
				1.733,
				0.8,
				1,
				1.911,
				0.8,
				2.089,
				0,
				2.267,
				0
			]
		},
		{
			"Target": "Parameter",
			"Id": "ParamEyeBallY",
			"Segments": [
				0,
				0,
				1,
				0.167,
				0,
				0.333,
				-0.727,
				0.5,
				-0.8,
				1,
				0.911,
				-0.98,
				1.322,
				-1,
				1.733,
				-1,
				1,
				1.911,
				-1,
				2.089,
				0,
				2.267,
				0
			]
		},
		{
			"Target": "Parameter",
			"Id": "ParamBrowLY",
			"Segments": [
				0,
				0,
				1,
				0.167,
				0,
				0.333,
				-0.5,
				0.5,
				-0.5,
				1,
				0.911,
				-0.5,
				1.322,
				-0.5,
				1.733,
				-0.5,
				1,
				1.911,
				-0.5,
				2.089,
				0,
				2.267,
				0
			]
		},
		{
			"Target": "Parameter",
			"Id": "ParamBrowRY",
			"Segments": [
				0,
				0,
				1,
				0.167,
				0,
				0.333,
				-0.3,
				0.5,
				-0.3,
				1,
				0.911,
				-0.3,
				1.322,
				-0.3,
				1.733,
				-0.3,
				1,
				1.911,
				-0.3,
				2.089,
				0,
				2.267,
				0
			]
		},
		{
			"Target": "Parameter",
			"Id": "ParamBrowLForm",
			"Segments": [
				0,
				0,
				1,
				0.167,
				0,
				0.333,
				-0.3,
				0.5,
				-0.3,
				1,
				0.911,
				-0.3,
				1.322,
				-0.3,
				1.733,
				-0.3,
				1,
				1.911,
				-0.3,
				2.089,
				0,
				2.267,
				0
			]
		},
		{
			"Target": "Parameter",
			"Id": "ParamBrowRForm",
			"Segments": [
				0,
				0,
				1,
				0.167,
				0,
				0.333,
				-1,
				0.5,
				-1,
				1,
				0.911,
				-1,
				1.322,
				-1,
				1.733,
				-1,
				1,
				1.911,
				-1,
				2.089,
				0,
				2.267,
				0
			]
		},
		{
			"Target": "Parameter",
			"Id": "Param85",
			"Segments": [
				0,
				0,
				1,
				0.167,
				0,
				0.333,
				-24.56,
				0.5,
				-26,
				1,
				0.911,
				-29.553,
				1.322,
				-30,
				1.733,
				-30,
				1,
				1.911,
				-30,
				2.089,
				0,
				2.267,
				0
			]
		},
		{
			"Target": "Parameter",
			"Id": "Param86",
			"Segments": [
				0,
				0,
				1,
				0.167,
				0,
				0.333,
				-23.218,
				0.5,
				-25,
				1,
				0.911,
				-29.395,
				1.322,
				-30,
				1.733,
				-30,
				1,
				1.911,
				-30,
				2.089,
				0,
				2.267,
				0
			]
		},
		{
			"Target": "Parameter",
			"Id": "ParamMouthForm",
			"Segments": [
				0,
				0,
				1,
				0.167,
				0,
				0.333,
				-0.8,
				0.5,
				-0.8,
				1,
				0.911,
				-0.8,
				1.322,
				-0.8,
				1.733,
				-0.8,
				1,
				1.911,
				-0.8,
				2.089,
				0,
				2.267,
				0
			]
		},
		{
			"Target": "Parameter",
			"Id": "ParamMouthOpenY",
			"Segments": [
				0,
				0,
				1,
				0.167,
				0,
				0.333,
				0,
				0.5,
				0,
				1,
				0.911,
				0,
				1.322,
				0,
				1.733,
				0,
				1,
				1.911,
				0,
				2.089,
				0,
				2.267,
				0
			]
		},
		{
			"Target": "Parameter",
			"Id": "Param57",
			"Segments": [
				0,
				0,
				1,
				0.167,
				0,
				0.333,
				0.8,
				0.5,
				0.8,
				1,
				0.911,
				0.8,
				1.322,
				0.8,
				1.733,
				0.8,
				1,
				1.911,
				0.8,
				2.089,
				0,
				2.267,
				0
			]
		},
		{
			"Target": "Parameter",
			"Id": "Param71",
			"Segments": [
				0,
				0,
				1,
				0.167,
				0,
				0.333,
				0,
				0.5,
				0,
				1,
				0.911,
				0,
				1.322,
				0,
				1.733,
				0,
				1,
				1.911,
				0,
				2.089,
				0,
				2.267,
				0
			]
		},
		{
			"Target": "Parameter",
			"Id": "Param78",
			"Segments": [
				0,
				0,
				1,
				0.167,
				0,
				0.333,
				0,
				0.5,
				0,
				1,
				0.911,
				0,
				1.322,
				0,
				1.733,
				0,
				1,
				1.911,
				0,
				2.089,
				0,
				2.267,
				0
			]
		},
		{
			"Target": "Parameter",
			"Id": "Param58",
			"Segments": [
				0,
				0,
				1,
				0.167,
				0,
				0.333,
				0,
				0.5,
				0,
				1,
				0.911,
				0,
				1.322,
				0,
				1.733,
				0,
				1,
				1.911,
				0,
				2.089,
				0,
				2.267,
				0
			]
		},
		{
			"Target": "Parameter",
			"Id": "Param67",
			"Segments": [
				0,
				0,
				1,
				0.167,
				0,
				0.333,
				0,
				0.5,
				0,
				1,
				0.911,
				0,
				1.322,
				0,
				1.733,
				0,
				1,
				1.911,
				0,
				2.089,
				0,
				2.267,
				0
			]
		},
		{
			"Target": "Parameter",
			"Id": "Param68",
			"Segments": [
				0,
				0,
				1,
				0.167,
				0,
				0.333,
				0,
				0.5,
				0,
				1,
				0.911,
				0,
				1.322,
				0,
				1.733,
				0,
				1,
				1.911,
				0,
				2.089,
				0,
				2.267,
				0
			]
		},
		{
			"Target": "Parameter",
			"Id": "Param69",
			"Segments": [
				0,
				1,
				1,
				0.756,
				1,
				1.511,
				1,
				2.267,
				1
			]
		},
		{
			"Target": "Parameter",
			"Id": "Param193",
			"Segments": [
				0,
				0,
				0,
				2.267,
				0
			]
		},
		{
			"Target": "Parameter",
			"Id": "Param197",
			"Segments": [
				0,
				0,
				0,
				2.267,
				0
			]
		},
		{
			"Target": "Parameter",
			"Id": "Param195",
			"Segments": [
				0,
				0,
				0,
				2.267,
				0
			]
		},
		{
			"Target": "Parameter",
			"Id": "Param181",
			"Segments": [
				0,
				0,
				0,
				2.267,
				0
			]
		},
		{
			"Target": "Parameter",
			"Id": "Param184",
			"Segments": [
				0,
				0,
				0,
				2.267,
				0
			]
		},
		{
			"Target": "Parameter",
			"Id": "Param182",
			"Segments": [
				0,
				0,
				0,
				2.267,
				0
			]
		},
		{
			"Target": "Parameter",
			"Id": "Param183",
			"Segments": [
				0,
				0,
				0,
				2.267,
				0
			]
		},
		{
			"Target": "Parameter",
			"Id": "Param188",
			"Segments": [
				0,
				0,
				0,
				2.267,
				0
			]
		},
		{
			"Target": "Parameter",
			"Id": "Param149",
			"Segments": [
				0,
				0,
				0,
				2.267,
				0
			]
		},
		{
			"Target": "Parameter",
			"Id": "Param172",
			"Segments": [
				0,
				0,
				0,
				2.267,
				0
			]
		},
		{
			"Target": "Parameter",
			"Id": "Param163",
			"Segments": [
				0,
				-30,
				0,
				2.267,
				-30
			]
		},
		{
			"Target": "Parameter",
			"Id": "Param164",
			"Segments": [
				0,
				-30,
				0,
				2.267,
				-30
			]
		},
		{
			"Target": "Parameter",
			"Id": "Param165",
			"Segments": [
				0,
				-30,
				0,
				2.267,
				-30
			]
		},
		{
			"Target": "Parameter",
			"Id": "Param150",
			"Segments": [
				0,
				0,
				0,
				2.267,
				0
			]
		},
		{
			"Target": "Parameter",
			"Id": "Param151",
			"Segments": [
				0,
				0,
				0,
				2.267,
				0
			]
		},
		{
			"Target": "Parameter",
			"Id": "Param159",
			"Segments": [
				0,
				1,
				0,
				2.267,
				1
			]
		},
		{
			"Target": "Parameter",
			"Id": "Param160",
			"Segments": [
				0,
				1,
				0,
				2.267,
				1
			]
		},
		{
			"Target": "Parameter",
			"Id": "Param147",
			"Segments": [
				0,
				-30,
				0,
				2.267,
				-30
			]
		},
		{
			"Target": "Parameter",
			"Id": "Param148",
			"Segments": [
				0,
				-30,
				0,
				2.267,
				-30
			]
		},
		{
			"Target": "Parameter",
			"Id": "Param146",
			"Segments": [
				0,
				0,
				0,
				2.267,
				0
			]
		},
		{
			"Target": "Parameter",
			"Id": "Param144",
			"Segments": [
				0,
				0,
				0,
				2.267,
				0
			]
		},
		{
			"Target": "Parameter",
			"Id": "Param161",
			"Segments": [
				0,
				-30,
				0,
				2.267,
				-30
			]
		},
		{
			"Target": "Parameter",
			"Id": "Param162",
			"Segments": [
				0,
				0,
				0,
				2.267,
				0
			]
		},
		{
			"Target": "Parameter",
			"Id": "Param143",
			"Segments": [
				0,
				0,
				0,
				2.267,
				0
			]
		},
		{
			"Target": "Parameter",
			"Id": "Param145",
			"Segments": [
				0,
				0,
				0,
				2.267,
				0
			]
		},
		{
			"Target": "Parameter",
			"Id": "Param152",
			"Segments": [
				0,
				-30,
				0,
				2.267,
				-30
			]
		},
		{
			"Target": "Parameter",
			"Id": "Param157",
			"Segments": [
				0,
				0,
				0,
				2.267,
				0
			]
		},
		{
			"Target": "Parameter",
			"Id": "Param158",
			"Segments": [
				0,
				-30,
				0,
				2.267,
				-30
			]
		},
		{
			"Target": "Parameter",
			"Id": "Param154",
			"Segments": [
				0,
				0,
				0,
				2.267,
				0
			]
		},
		{
			"Target": "Parameter",
			"Id": "Param153",
			"Segments": [
				0,
				-30,
				0,
				2.267,
				-30
			]
		},
		{
			"Target": "Parameter",
			"Id": "Param155",
			"Segments": [
				0,
				0,
				0,
				2.267,
				0
			]
		},
		{
			"Target": "Parameter",
			"Id": "Param156",
			"Segments": [
				0,
				-30,
				0,
				2.267,
				-30
			]
		},
		{
			"Target": "Parameter",
			"Id": "Param65",
			"Segments": [
				0,
				0,
				1,
				0.756,
				0,
				1.511,
				0,
				2.267,
				0
			]
		},
		{
			"Target": "Parameter",
			"Id": "Param141",
			"Segments": [
				0,
				0,
				0,
				2.267,
				0
			]
		},
		{
			"Target": "Parameter",
			"Id": "Param66",
			"Segments": [
				0,
				0,
				1,
				0.756,
				0,
				1.511,
				0,
				2.267,
				0
			]
		},
		{
			"Target": "Parameter",
			"Id": "Param142",
			"Segments": [
				0,
				0,
				0,
				2.267,
				0
			]
		},
		{
			"Target": "Parameter",
			"Id": "Param166",
			"Segments": [
				0,
				-22,
				0,
				2.267,
				-22
			]
		},
		{
			"Target": "Parameter",
			"Id": "Param61",
			"Segments": [
				0,
				0,
				1,
				0.756,
				0,
				1.511,
				0,
				2.267,
				0
			]
		},
		{
			"Target": "Parameter",
			"Id": "Param62",
			"Segments": [
				0,
				0,
				1,
				0.756,
				0,
				1.511,
				0,
				2.267,
				0
			]
		},
		{
			"Target": "Parameter",
			"Id": "Param81",
			"Segments": [
				0,
				0,
				1,
				0.756,
				0,
				1.511,
				0,
				2.267,
				0
			]
		},
		{
			"Target": "Parameter",
			"Id": "Param59",
			"Segments": [
				0,
				0,
				1,
				0.756,
				0,
				1.511,
				0,
				2.267,
				0
			]
		},
		{
			"Target": "Parameter",
			"Id": "Param60",
			"Segments": [
				0,
				0,
				1,
				0.756,
				0,
				1.511,
				0,
				2.267,
				0
			]
		},
		{
			"Target": "Parameter",
			"Id": "Param4",
			"Segments": [
				0,
				0,
				1,
				0.756,
				0,
				1.511,
				0,
				2.267,
				0
			]
		},
		{
			"Target": "Parameter",
			"Id": "Param51",
			"Segments": [
				0,
				0,
				1,
				0.756,
				0,
				1.511,
				0,
				2.267,
				0
			]
		},
		{
			"Target": "Parameter",
			"Id": "Param52",
			"Segments": [
				0,
				0,
				1,
				0.756,
				0,
				1.511,
				0,
				2.267,
				0
			]
		},
		{
			"Target": "Parameter",
			"Id": "Param53",
			"Segments": [
				0,
				0,
				1,
				0.756,
				0,
				1.511,
				0,
				2.267,
				0
			]
		},
		{
			"Target": "Parameter",
			"Id": "Param54",
			"Segments": [
				0,
				0,
				1,
				0.756,
				0,
				1.511,
				0,
				2.267,
				0
			]
		},
		{
			"Target": "Parameter",
			"Id": "Param55",
			"Segments": [
				0,
				0,
				1,
				0.756,
				0,
				1.511,
				0,
				2.267,
				0
			]
		},
		{
			"Target": "Parameter",
			"Id": "Param3",
			"Segments": [
				0,
				0,
				1,
				0.756,
				0,
				1.511,
				0,
				2.267,
				0
			]
		},
		{
			"Target": "Parameter",
			"Id": "Param79",
			"Segments": [
				0,
				0,
				1,
				0.756,
				0,
				1.511,
				0,
				2.267,
				0
			]
		},
		{
			"Target": "Parameter",
			"Id": "Param80",
			"Segments": [
				0,
				0,
				1,
				0.756,
				0,
				1.511,
				0,
				2.267,
				0
			]
		},
		{
			"Target": "Parameter",
			"Id": "Param87",
			"Segments": [
				0,
				0,
				1,
				0.756,
				0,
				1.511,
				0,
				2.267,
				0
			]
		},
		{
			"Target": "Parameter",
			"Id": "Param88",
			"Segments": [
				0,
				0,
				1,
				0.756,
				0,
				1.511,
				0,
				2.267,
				0
			]
		},
		{
			"Target": "Parameter",
			"Id": "Param132",
			"Segments": [
				0,
				0,
				1,
				0.756,
				0,
				1.511,
				0,
				2.267,
				0
			]
		},
		{
			"Target": "Parameter",
			"Id": "Param133",
			"Segments": [
				0,
				0,
				1,
				0.756,
				0,
				1.511,
				0,
				2.267,
				0
			]
		},
		{
			"Target": "Parameter",
			"Id": "Param178",
			"Segments": [
				0,
				0,
				0,
				2.267,
				0
			]
		},
		{
			"Target": "Parameter",
			"Id": "Param48",
			"Segments": [
				0,
				0,
				1,
				0.756,
				0,
				1.511,
				0,
				2.267,
				0
			]
		},
		{
			"Target": "Parameter",
			"Id": "Param63",
			"Segments": [
				0,
				0,
				1,
				0.756,
				0,
				1.511,
				0,
				2.267,
				0
			]
		},
		{
			"Target": "Parameter",
			"Id": "Param64",
			"Segments": [
				0,
				0,
				1,
				0.756,
				0,
				1.511,
				0,
				2.267,
				0
			]
		},
		{
			"Target": "Parameter",
			"Id": "Param127",
			"Segments": [
				0,
				0,
				1,
				0.756,
				0,
				1.511,
				0,
				2.267,
				0
			]
		},
		{
			"Target": "Parameter",
			"Id": "Param138",
			"Segments": [
				0,
				0,
				1,
				0.756,
				0,
				1.511,
				0,
				2.267,
				0
			]
		},
		{
			"Target": "Parameter",
			"Id": "Param125",
			"Segments": [
				0,
				0,
				1,
				0.756,
				0,
				1.511,
				0,
				2.267,
				0
			]
		},
		{
			"Target": "Parameter",
			"Id": "Param128",
			"Segments": [
				0,
				0,
				1,
				0.756,
				0,
				1.511,
				0,
				2.267,
				0
			]
		},
		{
			"Target": "Parameter",
			"Id": "Param126",
			"Segments": [
				0,
				0,
				0,
				2.267,
				0
			]
		},
		{
			"Target": "Parameter",
			"Id": "Param124",
			"Segments": [
				0,
				0,
				1,
				0.756,
				0,
				1.511,
				0,
				2.267,
				0
			]
		},
		{
			"Target": "Parameter",
			"Id": "Param179",
			"Segments": [
				0,
				0,
				0,
				2.267,
				0
			]
		},
		{
			"Target": "Parameter",
			"Id": "Param192",
			"Segments": [
				0,
				0,
				0,
				2.267,
				0
			]
		},
		{
			"Target": "Parameter",
			"Id": "Param189",
			"Segments": [
				0,
				0,
				0,
				2.267,
				0
			]
		},
		{
			"Target": "Parameter",
			"Id": "Param137",
			"Segments": [
				0,
				0,
				1,
				0.167,
				0,
				0.333,
				0,
				0.5,
				0,
				1,
				0.911,
				0,
				1.322,
				0,
				1.733,
				0,
				1,
				1.911,
				0,
				2.089,
				0,
				2.267,
				0
			]
		},
		{
			"Target": "Parameter",
			"Id": "Param46",
			"Segments": [
				0,
				0,
				1,
				0.756,
				0,
				1.511,
				0,
				2.267,
				0
			]
		},
		{
			"Target": "Parameter",
			"Id": "Param47",
			"Segments": [
				0,
				0,
				1,
				0.756,
				0,
				1.511,
				0,
				2.267,
				0
			]
		},
		{
			"Target": "Parameter",
			"Id": "Param196",
			"Segments": [
				0,
				0,
				0,
				2.267,
				0
			]
		},
		{
			"Target": "Parameter",
			"Id": "Param123",
			"Segments": [
				0,
				0,
				1,
				0.056,
				0,
				0.111,
				0,
				0.167,
				0,
				1,
				0.278,
				0,
				0.389,
				1,
				0.5,
				1,
				1,
				0.911,
				1,
				1.322,
				1,
				1.733,
				1,
				1,
				1.911,
				1,
				2.089,
				0,
				2.267,
				0
			]
		},
		{
			"Target": "Parameter",
			"Id": "Param134",
			"Segments": [
				0,
				0,
				1,
				0.756,
				0,
				1.511,
				0,
				2.267,
				0
			]
		},
		{
			"Target": "Parameter",
			"Id": "Param135",
			"Segments": [
				0,
				0,
				1,
				0.756,
				0,
				1.511,
				0,
				2.267,
				0
			]
		},
		{
			"Target": "Parameter",
			"Id": "Param136",
			"Segments": [
				0,
				0,
				1,
				0.756,
				0,
				1.511,
				0,
				2.267,
				0
			]
		},
		{
			"Target": "Parameter",
			"Id": "Param_Angle_Rotation5",
			"Segments": [
				0,
				-3.15,
				1,
				0.067,
				-2.998,
				0.133,
				5.313,
				0.2,
				5.313,
				1,
				0.311,
				5.313,
				0.422,
				-9.374,
				0.533,
				-9.374,
				1,
				0.8,
				-9.374,
				1.067,
				2,
				1.333,
				2,
				1,
				1.644,
				2,
				1.956,
				-3.15,
				2.267,
				-3.15
			]
		},
		{
			"Target": "Parameter",
			"Id": "Param_Angle_Rotation6",
			"Segments": [
				0,
				0.259,
				1,
				0.089,
				0.354,
				0.178,
				4.368,
				0.267,
				4.368,
				1,
				0.378,
				4.368,
				0.489,
				-3.33,
				0.6,
				-3.33,
				1,
				0.867,
				-3.33,
				1.133,
				2.273,
				1.4,
				2.273,
				1,
				1.689,
				2.273,
				1.978,
				0.259,
				2.267,
				0.259
			]
		},
		{
			"Target": "Parameter",
			"Id": "Param_Angle_Rotation7",
			"Segments": [
				0,
				1.362,
				1,
				0.111,
				1.664,
				0.222,
				4,
				0.333,
				4,
				1,
				0.444,
				4,
				0.556,
				-2,
				0.667,
				-2,
				1,
				0.933,
				-2,
				1.2,
				3.433,
				1.467,
				3.433,
				1,
				1.733,
				3.433,
				2,
				1.362,
				2.267,
				1.362
			]
		},
		{
			"Target": "Parameter",
			"Id": "Param_Angle_Rotation8",
			"Segments": [
				0,
				5.224,
				1,
				0.144,
				6.087,
				0.289,
				11.969,
				0.433,
				11.969,
				1,
				0.544,
				11.969,
				0.656,
				-7,
				0.767,
				-7,
				1,
				1.033,
				-7,
				1.3,
				9.318,
				1.567,
				9.318,
				1,
				1.8,
				9.318,
				2.033,
				5.224,
				2.267,
				5.224
			]
		},
		{
			"Target": "Parameter",
			"Id": "Param8",
			"Segments": [
				0,
				8.006,
				1,
				0.178,
				8.006,
				0.356,
				13.386,
				0.533,
				13.386,
				1,
				0.644,
				13.386,
				0.756,
				-6,
				0.867,
				-6,
				1,
				1.133,
				-6,
				1.4,
				10,
				1.667,
				10,
				1,
				1.867,
				10,
				2.067,
				8.006,
				2.267,
				8.006
			]
		},
		{
			"Target": "Parameter",
			"Id": "Param10",
			"Segments": [
				0,
				1.701,
				1,
				0.111,
				2.248,
				0.222,
				7.018,
				0.333,
				7.018,
				1,
				0.444,
				7.018,
				0.556,
				0,
				0.667,
				0,
				1,
				0.933,
				0,
				1.2,
				3.196,
				1.467,
				3.196,
				1,
				1.733,
				3.196,
				2,
				1.701,
				2.267,
				1.701
			]
		},
		{
			"Target": "Parameter",
			"Id": "Param11",
			"Segments": [
				0,
				-1.443,
				1,
				0.133,
				-0.513,
				0.267,
				11.132,
				0.4,
				11.132,
				1,
				0.511,
				11.132,
				0.622,
				-9.978,
				0.733,
				-9.978,
				1,
				1,
				-9.978,
				1.267,
				3.906,
				1.533,
				3.906,
				1,
				1.778,
				3.906,
				2.022,
				-1.443,
				2.267,
				-1.443
			]
		},
		{
			"Target": "Parameter",
			"Id": "Param12",
			"Segments": [
				0,
				-3.121,
				1,
				0.156,
				-3.121,
				0.311,
				8,
				0.467,
				8,
				1,
				0.578,
				8,
				0.689,
				-7.409,
				0.8,
				-7.409,
				1,
				1.067,
				-7.409,
				1.333,
				1.031,
				1.6,
				1.031,
				1,
				1.822,
				1.031,
				2.044,
				-3.121,
				2.267,
				-3.121
			]
		},
		{
			"Target": "Parameter",
			"Id": "Param13",
			"Segments": [
				0,
				-9.832,
				1,
				0.189,
				-8.747,
				0.378,
				11,
				0.567,
				11,
				1,
				0.678,
				11,
				0.789,
				-19.018,
				0.9,
				-19.018,
				1,
				1.167,
				-19.018,
				1.433,
				5.121,
				1.7,
				5.121,
				1,
				1.889,
				5.121,
				2.078,
				-9.832,
				2.267,
				-9.832
			]
		},
		{
			"Target": "Parameter",
			"Id": "Param14",
			"Segments": [
				0,
				17.992,
				1,
				0.222,
				20.92,
				0.444,
				22.346,
				0.667,
				22.346,
				1,
				0.778,
				22.346,
				0.889,
				-6,
				1,
				-6,
				1,
				1.267,
				-6,
				1.533,
				28.33,
				1.8,
				28.33,
				1,
				1.956,
				28.33,
				2.111,
				17.992,
				2.267,
				17.992
			]
		},
		{
			"Target": "Parameter",
			"Id": "Param6",
			"Segments": [
				0,
				7.81,
				1,
				0.078,
				7.81,
				0.156,
				12,
				0.233,
				12,
				1,
				0.344,
				12,
				0.456,
				3,
				0.567,
				3,
				1,
				0.833,
				3,
				1.1,
				10,
				1.367,
				10,
				1,
				1.667,
				10,
				1.967,
				7.81,
				2.267,
				7.81
			]
		},
		{
			"Target": "Parameter",
			"Id": "Param7",
			"Segments": [
				0,
				-1.584,
				1,
				0.089,
				-1.584,
				0.178,
				8,
				0.267,
				8,
				1,
				0.378,
				8,
				0.489,
				-1,
				0.6,
				-1,
				1,
				0.867,
				-1,
				1.133,
				13,
				1.4,
				13,
				1,
				1.689,
				13,
				1.978,
				-1.584,
				2.267,
				-1.584
			]
		},
		{
			"Target": "Parameter",
			"Id": "Param15",
			"Segments": [
				0,
				0.597,
				1,
				0.089,
				1.844,
				0.178,
				5,
				0.267,
				5,
				1,
				0.378,
				5,
				0.489,
				-2,
				0.6,
				-2,
				1,
				0.867,
				-2,
				1.133,
				4,
				1.4,
				4,
				1,
				1.689,
				4,
				1.978,
				0.597,
				2.267,
				0.597
			]
		},
		{
			"Target": "Parameter",
			"Id": "Param16",
			"Segments": [
				0,
				-4.877,
				1,
				0.111,
				-3.21,
				0.222,
				3,
				0.333,
				3,
				1,
				0.444,
				3,
				0.556,
				-8,
				0.667,
				-8,
				1,
				0.933,
				-8,
				1.2,
				5,
				1.467,
				5,
				1,
				1.733,
				5,
				2,
				-4.877,
				2.267,
				-4.877
			]
		},
		{
			"Target": "Parameter",
			"Id": "Param17",
			"Segments": [
				0,
				-0.898,
				1,
				0.056,
				-0.186,
				0.111,
				4,
				0.167,
				4,
				1,
				0.278,
				4,
				0.389,
				-5,
				0.5,
				-5,
				1,
				0.767,
				-5,
				1.033,
				4,
				1.3,
				4,
				1,
				1.622,
				4,
				1.944,
				-0.898,
				2.267,
				-0.898
			]
		},
		{
			"Target": "Parameter",
			"Id": "Param18",
			"Segments": [
				0,
				-6.337,
				1,
				0.078,
				-5.408,
				0.156,
				3,
				0.233,
				3,
				1,
				0.344,
				3,
				0.456,
				-7,
				0.567,
				-7,
				1,
				0.833,
				-7,
				1.1,
				9,
				1.367,
				9,
				1,
				1.667,
				9,
				1.967,
				-6.337,
				2.267,
				-6.337
			]
		},
		{
			"Target": "Parameter",
			"Id": "Param19",
			"Segments": [
				0,
				-1.778,
				1,
				0.122,
				-0.166,
				0.244,
				4,
				0.367,
				4,
				1,
				0.478,
				4,
				0.589,
				-4,
				0.7,
				-4,
				1,
				0.967,
				-4,
				1.233,
				11,
				1.5,
				11,
				1,
				1.756,
				11,
				2.011,
				-1.778,
				2.267,
				-1.778
			]
		},
		{
			"Target": "Parameter",
			"Id": "Param20",
			"Segments": [
				0,
				-7.029,
				1,
				0.144,
				-5.236,
				0.289,
				2,
				0.433,
				2,
				1,
				0.544,
				2,
				0.656,
				-10,
				0.767,
				-10,
				1,
				1.033,
				-10,
				1.3,
				12,
				1.567,
				12,
				1,
				1.8,
				12,
				2.033,
				-7.029,
				2.267,
				-7.029
			]
		},
		{
			"Target": "Parameter",
			"Id": "Param21",
			"Segments": [
				0,
				-2.647,
				1,
				0.078,
				-1.785,
				0.156,
				2,
				0.233,
				2,
				1,
				0.344,
				2,
				0.456,
				-9,
				0.567,
				-9,
				1,
				0.833,
				-9,
				1.1,
				7,
				1.367,
				7,
				1,
				1.667,
				7,
				1.967,
				-2.647,
				2.267,
				-2.647
			]
		},
		{
			"Target": "Parameter",
			"Id": "Param22",
			"Segments": [
				0,
				-7.397,
				1,
				0.111,
				-6.186,
				0.222,
				10,
				0.333,
				10,
				1,
				0.444,
				10,
				0.556,
				-13,
				0.667,
				-13,
				1,
				0.933,
				-13,
				1.2,
				10,
				1.467,
				10,
				1,
				1.733,
				10,
				2,
				-7.397,
				2.267,
				-7.397
			]
		},
		{
			"Target": "Parameter",
			"Id": "Param23",
			"Segments": [
				0,
				-4.647,
				1,
				0.1,
				-3.465,
				0.2,
				4,
				0.3,
				4,
				1,
				0.411,
				4,
				0.522,
				-10,
				0.633,
				-10,
				1,
				0.9,
				-10,
				1.167,
				6,
				1.433,
				6,
				1,
				1.711,
				6,
				1.989,
				-4.647,
				2.267,
				-4.647
			]
		},
		{
			"Target": "Parameter",
			"Id": "Param24",
			"Segments": [
				0,
				-13.284,
				1,
				0.133,
				-11.453,
				0.267,
				5,
				0.4,
				5,
				1,
				0.511,
				5,
				0.622,
				-11,
				0.733,
				-11,
				1,
				1,
				-11,
				1.267,
				9,
				1.533,
				9,
				1,
				1.778,
				9,
				2.022,
				-13.284,
				2.267,
				-13.284
			]
		},
		{
			"Target": "Parameter",
			"Id": "Param25",
			"Segments": [
				0,
				-20.52,
				1,
				0.067,
				-17.925,
				0.133,
				-3,
				0.2,
				-3,
				1,
				0.311,
				-3,
				0.422,
				-14,
				0.533,
				-14,
				1,
				0.8,
				-14,
				1.067,
				5,
				1.333,
				5,
				1,
				1.644,
				5,
				1.956,
				-20.52,
				2.267,
				-20.52
			]
		},
		{
			"Target": "Parameter",
			"Id": "Param31",
			"Segments": [
				0,
				-17.787,
				1,
				0.078,
				-17.787,
				0.156,
				-4,
				0.233,
				-4,
				1,
				0.344,
				-4,
				0.456,
				-19,
				0.567,
				-19,
				1,
				0.833,
				-19,
				1.1,
				9,
				1.367,
				9,
				1,
				1.667,
				9,
				1.967,
				-17.787,
				2.267,
				-17.787
			]
		},
		{
			"Target": "Parameter",
			"Id": "Param26",
			"Segments": [
				0,
				15.684,
				1,
				0.089,
				15.684,
				0.178,
				22,
				0.267,
				22,
				1,
				0.378,
				22,
				0.489,
				3,
				0.6,
				3,
				1,
				0.867,
				3,
				1.133,
				17,
				1.4,
				17,
				1,
				1.689,
				17,
				1.978,
				15.684,
				2.267,
				15.684
			]
		},
		{
			"Target": "Parameter",
			"Id": "Param32",
			"Segments": [
				0,
				11.179,
				1,
				0.1,
				16.184,
				0.2,
				20,
				0.3,
				20,
				1,
				0.411,
				20,
				0.522,
				-4,
				0.633,
				-4,
				1,
				0.9,
				-4,
				1.167,
				18,
				1.433,
				18,
				1,
				1.711,
				18,
				1.989,
				11.179,
				2.267,
				11.179
			]
		},
		{
			"Target": "Parameter",
			"Id": "Param27",
			"Segments": [
				0,
				-7.945,
				1,
				0.078,
				-7.945,
				0.156,
				8,
				0.233,
				8,
				1,
				0.344,
				8,
				0.456,
				-9,
				0.567,
				-9,
				1,
				0.833,
				-9,
				1.1,
				12,
				1.367,
				12,
				1,
				1.667,
				12,
				1.967,
				-7.945,
				2.267,
				-7.945
			]
		},
		{
			"Target": "Parameter",
			"Id": "Param29",
			"Segments": [
				0,
				1.942,
				1,
				0.089,
				1.942,
				0.178,
				12,
				0.267,
				12,
				1,
				0.378,
				12,
				0.489,
				-16,
				0.6,
				-16,
				1,
				0.867,
				-16,
				1.133,
				16,
				1.4,
				16,
				1,
				1.689,
				16,
				1.978,
				1.942,
				2.267,
				1.942
			]
		},
		{
			"Target": "Parameter",
			"Id": "Param28",
			"Segments": [
				0,
				10.922,
				1,
				0.1,
				15.967,
				0.2,
				19,
				0.3,
				19,
				1,
				0.411,
				19,
				0.522,
				-4,
				0.633,
				-4,
				1,
				0.9,
				-4,
				1.167,
				13,
				1.433,
				13,
				1,
				1.711,
				13,
				1.989,
				10.922,
				2.267,
				10.922
			]
		},
		{
			"Target": "Parameter",
			"Id": "Param30",
			"Segments": [
				0,
				-1.141,
				1,
				0.111,
				7.064,
				0.222,
				15,
				0.333,
				15,
				1,
				0.444,
				15,
				0.556,
				-9,
				0.667,
				-9,
				1,
				0.933,
				-9,
				1.2,
				15,
				1.467,
				15,
				1,
				1.733,
				15,
				2,
				-1.141,
				2.267,
				-1.141
			]
		},
		{
			"Target": "Parameter",
			"Id": "Param42",
			"Segments": [
				0,
				-10.929,
				1,
				0.111,
				-10.929,
				0.222,
				14.588,
				0.333,
				14.588,
				1,
				0.444,
				14.588,
				0.556,
				-17.469,
				0.667,
				-17.469,
				1,
				0.933,
				-17.469,
				1.2,
				7,
				1.467,
				7,
				1,
				1.733,
				7,
				2,
				-10.929,
				2.267,
				-10.929
			]
		},
		{
			"Target": "Parameter",
			"Id": "Param43",
			"Segments": [
				0,
				0,
				1,
				0.756,
				0,
				1.511,
				0,
				2.267,
				0
			]
		},
		{
			"Target": "Parameter",
			"Id": "Param44",
			"Segments": [
				0,
				-10.929,
				1,
				0.122,
				-17.393,
				0.244,
				-30,
				0.367,
				-30,
				1,
				0.478,
				-30,
				0.589,
				7.013,
				0.7,
				7.013,
				1,
				0.967,
				7.013,
				1.233,
				-23.258,
				1.5,
				-23.258,
				1,
				1.756,
				-23.258,
				2.011,
				-10.929,
				2.267,
				-10.929
			]
		},
		{
			"Target": "Parameter",
			"Id": "Param45",
			"Segments": [
				0,
				0,
				1,
				0.756,
				0,
				1.511,
				0,
				2.267,
				0
			]
		},
		{
			"Target": "Parameter",
			"Id": "Param167",
			"Segments": [
				0,
				0,
				0,
				2.267,
				0
			]
		},
		{
			"Target": "Parameter",
			"Id": "Param194",
			"Segments": [
				0,
				0,
				0,
				2.267,
				0
			]
		},
		{
			"Target": "Parameter",
			"Id": "Param190",
			"Segments": [
				0,
				0,
				0,
				2.267,
				0
			]
		},
		{
			"Target": "Parameter",
			"Id": "Param185",
			"Segments": [
				0,
				0,
				0,
				2.267,
				0
			]
		},
		{
			"Target": "Parameter",
			"Id": "Param186",
			"Segments": [
				0,
				0,
				0,
				2.267,
				0
			]
		},
		{
			"Target": "Parameter",
			"Id": "Param187",
			"Segments": [
				0,
				0,
				0,
				2.267,
				0
			]
		},
		{
			"Target": "Parameter",
			"Id": "fajiafaguang",
			"Segments": [
				0,
				0,
				1,
				0.756,
				0,
				1.511,
				0,
				2.267,
				0
			]
		},
		{
			"Target": "Parameter",
			"Id": "Param70",
			"Segments": [
				0,
				0,
				1,
				0.756,
				0,
				1.511,
				0,
				2.267,
				0
			]
		},
		{
			"Target": "Parameter",
			"Id": "Param9",
			"Segments": [
				0,
				0,
				1,
				0.756,
				0,
				1.511,
				0,
				2.267,
				0
			]
		},
		{
			"Target": "Parameter",
			"Id": "Param72",
			"Segments": [
				0,
				0,
				1,
				0.756,
				0,
				1.511,
				0,
				2.267,
				0
			]
		},
		{
			"Target": "Parameter",
			"Id": "Param73",
			"Segments": [
				0,
				1.948,
				1,
				0.1,
				3.303,
				0.2,
				4,
				0.3,
				4,
				1,
				0.411,
				4,
				0.522,
				-3,
				0.633,
				-3,
				1,
				1.044,
				-3,
				1.456,
				-3,
				1.867,
				-3,
				1,
				2,
				-3,
				2.133,
				1.948,
				2.267,
				1.948
			]
		},
		{
			"Target": "Parameter",
			"Id": "Param77",
			"Segments": [
				0,
				0,
				1,
				0.133,
				0,
				0.267,
				-10,
				0.4,
				-10,
				1,
				0.511,
				-10,
				0.622,
				-3,
				0.733,
				-3,
				1,
				1.144,
				-3,
				1.556,
				-7,
				1.967,
				-7,
				1,
				2.067,
				-7,
				2.167,
				0,
				2.267,
				0
			]
		},
		{
			"Target": "Parameter",
			"Id": "Param119",
			"Segments": [
				0,
				0,
				1,
				0.756,
				0,
				1.511,
				0,
				2.267,
				0
			]
		},
		{
			"Target": "Parameter",
			"Id": "Param120",
			"Segments": [
				0,
				0,
				1,
				0.756,
				0,
				1.511,
				0,
				2.267,
				0
			]
		},
		{
			"Target": "Parameter",
			"Id": "Param56",
			"Segments": [
				0,
				0,
				1,
				0.756,
				0,
				1.511,
				0,
				2.267,
				0
			]
		},
		{
			"Target": "Parameter",
			"Id": "Param74",
			"Segments": [
				0,
				0,
				1,
				0.756,
				0,
				1.511,
				0,
				2.267,
				0
			]
		},
		{
			"Target": "Parameter",
			"Id": "Param75",
			"Segments": [
				0,
				2.709,
				1,
				0.1,
				2.709,
				0.2,
				3,
				0.3,
				3,
				1,
				0.411,
				3,
				0.522,
				-3,
				0.633,
				-3,
				1,
				1.044,
				-3,
				1.456,
				-3,
				1.867,
				-3,
				1,
				2,
				-3,
				2.133,
				2.709,
				2.267,
				2.709
			]
		},
		{
			"Target": "Parameter",
			"Id": "Param76",
			"Segments": [
				0,
				0,
				1,
				0.133,
				0,
				0.267,
				10,
				0.4,
				10,
				1,
				0.511,
				10,
				0.622,
				3,
				0.733,
				3,
				1,
				1.144,
				3,
				1.556,
				7,
				1.967,
				7,
				1,
				2.067,
				7,
				2.167,
				0,
				2.267,
				0
			]
		},
		{
			"Target": "Parameter",
			"Id": "Param118",
			"Segments": [
				0,
				0,
				1,
				0.756,
				0,
				1.511,
				0,
				2.267,
				0
			]
		},
		{
			"Target": "Parameter",
			"Id": "Param33",
			"Segments": [
				0,
				0,
				1,
				0.756,
				0,
				1.511,
				0,
				2.267,
				0
			]
		},
		{
			"Target": "Parameter",
			"Id": "Param34",
			"Segments": [
				0,
				0,
				1,
				0.756,
				0,
				1.511,
				0,
				2.267,
				0
			]
		},
		{
			"Target": "Parameter",
			"Id": "Param35",
			"Segments": [
				0,
				0,
				1,
				0.756,
				0,
				1.511,
				0,
				2.267,
				0
			]
		},
		{
			"Target": "Parameter",
			"Id": "Param36",
			"Segments": [
				0,
				0,
				1,
				0.756,
				0,
				1.511,
				0,
				2.267,
				0
			]
		},
		{
			"Target": "Parameter",
			"Id": "Param89",
			"Segments": [
				0,
				0,
				1,
				0.756,
				0,
				1.511,
				0,
				2.267,
				0
			]
		},
		{
			"Target": "Parameter",
			"Id": "Param90",
			"Segments": [
				0,
				0,
				1,
				0.756,
				0,
				1.511,
				0,
				2.267,
				0
			]
		},
		{
			"Target": "Parameter",
			"Id": "Param91",
			"Segments": [
				0,
				-30,
				1,
				0.756,
				-30,
				1.511,
				-30,
				2.267,
				-30
			]
		},
		{
			"Target": "Parameter",
			"Id": "Param92",
			"Segments": [
				0,
				0,
				1,
				0.756,
				0,
				1.511,
				0,
				2.267,
				0
			]
		},
		{
			"Target": "Parameter",
			"Id": "Param93",
			"Segments": [
				0,
				0,
				1,
				0.756,
				0,
				1.511,
				0,
				2.267,
				0
			]
		},
		{
			"Target": "Parameter",
			"Id": "Param94",
			"Segments": [
				0,
				0,
				1,
				0.756,
				0,
				1.511,
				0,
				2.267,
				0
			]
		},
		{
			"Target": "Parameter",
			"Id": "Param95",
			"Segments": [
				0,
				0,
				1,
				0.756,
				0,
				1.511,
				0,
				2.267,
				0
			]
		},
		{
			"Target": "Parameter",
			"Id": "Param96",
			"Segments": [
				0,
				0,
				1,
				0.756,
				0,
				1.511,
				0,
				2.267,
				0
			]
		},
		{
			"Target": "Parameter",
			"Id": "Param98",
			"Segments": [
				0,
				0,
				1,
				0.756,
				0,
				1.511,
				0,
				2.267,
				0
			]
		},
		{
			"Target": "Parameter",
			"Id": "Param99",
			"Segments": [
				0,
				0,
				1,
				0.756,
				0,
				1.511,
				0,
				2.267,
				0
			]
		},
		{
			"Target": "Parameter",
			"Id": "Param100",
			"Segments": [
				0,
				0,
				1,
				0.756,
				0,
				1.511,
				0,
				2.267,
				0
			]
		},
		{
			"Target": "Parameter",
			"Id": "Param101",
			"Segments": [
				0,
				0,
				1,
				0.756,
				0,
				1.511,
				0,
				2.267,
				0
			]
		},
		{
			"Target": "Parameter",
			"Id": "Param102",
			"Segments": [
				0,
				0,
				1,
				0.756,
				0,
				1.511,
				0,
				2.267,
				0
			]
		},
		{
			"Target": "Parameter",
			"Id": "Param103",
			"Segments": [
				0,
				0,
				1,
				0.756,
				0,
				1.511,
				0,
				2.267,
				0
			]
		},
		{
			"Target": "Parameter",
			"Id": "Param97",
			"Segments": [
				0,
				-30,
				1,
				0.756,
				-30,
				1.511,
				-30,
				2.267,
				-30
			]
		},
		{
			"Target": "Parameter",
			"Id": "Param112",
			"Segments": [
				0,
				0,
				1,
				0.756,
				0,
				1.511,
				0,
				2.267,
				0
			]
		},
		{
			"Target": "Parameter",
			"Id": "Param113",
			"Segments": [
				0,
				0,
				1,
				0.756,
				0,
				1.511,
				0,
				2.267,
				0
			]
		},
		{
			"Target": "Parameter",
			"Id": "Param114",
			"Segments": [
				0,
				0,
				1,
				0.756,
				0,
				1.511,
				0,
				2.267,
				0
			]
		},
		{
			"Target": "Parameter",
			"Id": "Param115",
			"Segments": [
				0,
				0,
				1,
				0.756,
				0,
				1.511,
				0,
				2.267,
				0
			]
		},
		{
			"Target": "Parameter",
			"Id": "Param116",
			"Segments": [
				0,
				0,
				1,
				0.756,
				0,
				1.511,
				0,
				2.267,
				0
			]
		},
		{
			"Target": "Parameter",
			"Id": "Param117",
			"Segments": [
				0,
				0,
				1,
				0.756,
				0,
				1.511,
				0,
				2.267,
				0
			]
		},
		{
			"Target": "Parameter",
			"Id": "Param105",
			"Segments": [
				0,
				-30,
				1,
				0.756,
				-30,
				1.511,
				-30,
				2.267,
				-30
			]
		},
		{
			"Target": "Parameter",
			"Id": "Param106",
			"Segments": [
				0,
				0,
				1,
				0.756,
				0,
				1.511,
				0,
				2.267,
				0
			]
		},
		{
			"Target": "Parameter",
			"Id": "Param107",
			"Segments": [
				0,
				0,
				1,
				0.756,
				0,
				1.511,
				0,
				2.267,
				0
			]
		},
		{
			"Target": "Parameter",
			"Id": "Param108",
			"Segments": [
				0,
				0,
				1,
				0.756,
				0,
				1.511,
				0,
				2.267,
				0
			]
		},
		{
			"Target": "Parameter",
			"Id": "Param109",
			"Segments": [
				0,
				0,
				1,
				0.756,
				0,
				1.511,
				0,
				2.267,
				0
			]
		},
		{
			"Target": "Parameter",
			"Id": "Param110",
			"Segments": [
				0,
				0,
				1,
				0.756,
				0,
				1.511,
				0,
				2.267,
				0
			]
		},
		{
			"Target": "Parameter",
			"Id": "Param111",
			"Segments": [
				0,
				0,
				1,
				0.756,
				0,
				1.511,
				0,
				2.267,
				0
			]
		},
		{
			"Target": "Parameter",
			"Id": "Param104",
			"Segments": [
				0,
				-30,
				1,
				0.756,
				-30,
				1.511,
				-30,
				2.267,
				-30
			]
		},
		{
			"Target": "Parameter",
			"Id": "daimao",
			"Segments": [
				0,
				0,
				0,
				2.267,
				0
			]
		},
		{
			"Target": "Parameter",
			"Id": "Param168",
			"Segments": [
				0,
				0,
				0,
				2.267,
				0
			]
		},
		{
			"Target": "Parameter",
			"Id": "Param169",
			"Segments": [
				0,
				0,
				0,
				2.267,
				0
			]
		},
		{
			"Target": "Parameter",
			"Id": "Param173",
			"Segments": [
				0,
				0,
				0,
				2.267,
				0
			]
		},
		{
			"Target": "Parameter",
			"Id": "Param174",
			"Segments": [
				0,
				0,
				0,
				2.267,
				0
			]
		},
		{
			"Target": "Parameter",
			"Id": "Param175",
			"Segments": [
				0,
				0,
				0,
				2.267,
				0
			]
		},
		{
			"Target": "Parameter",
			"Id": "Param176",
			"Segments": [
				0,
				0,
				0,
				2.267,
				0
			]
		},
		{
			"Target": "Parameter",
			"Id": "Param177",
			"Segments": [
				0,
				0,
				0,
				2.267,
				0
			]
		},
		{
			"Target": "Parameter",
			"Id": "Param140",
			"Segments": [
				0,
				0,
				1,
				0.756,
				0,
				1.511,
				0,
				2.267,
				0
			]
		},
		{
			"Target": "Parameter",
			"Id": "ParamAngleX",
			"Segments": [
				0,
				0.497,
				1,
				0.211,
				3.341,
				0.422,
				10.024,
				0.633,
				10.024,
				1,
				0.767,
				10.024,
				0.9,
				9.497,
				1.033,
				9.444,
				1,
				1.311,
				9.333,
				1.589,
				9.324,
				1.867,
				9.207,
				1,
				2,
				9.152,
				2.133,
				0.497,
				2.267,
				0.497
			]
		},
		{
			"Target": "Parameter",
			"Id": "ParamAngleY",
			"Segments": [
				0,
				-1.019,
				1,
				0.089,
				0.311,
				0.178,
				19,
				0.267,
				19,
				1,
				0.367,
				19,
				0.467,
				-14.131,
				0.567,
				-14.13,
				1,
				0.633,
				-14.131,
				0.7,
				-5.607,
				0.767,
				-5.561,
				1,
				1.111,
				-5.324,
				1.456,
				-5.262,
				1.8,
				-5.262,
				1,
				1.889,
				-5.262,
				1.978,
				-6.397,
				2.067,
				-6.397,
				1,
				2.133,
				-6.397,
				2.2,
				-1.019,
				2.267,
				-1.019
			]
		},
		{
			"Target": "Parameter",
			"Id": "ParamAngleZ",
			"Segments": [
				0,
				0.398,
				1,
				0.1,
				0.398,
				0.2,
				-15,
				0.3,
				-15,
				1,
				0.411,
				-15,
				0.522,
				-11.186,
				0.633,
				-11.186,
				1,
				0.7,
				-11.186,
				0.767,
				-12.776,
				0.833,
				-12.888,
				1,
				1.178,
				-13.463,
				1.522,
				-13.623,
				1.867,
				-13.623,
				1,
				1.956,
				-13.623,
				2.044,
				-4.069,
				2.133,
				-0.826,
				1,
				2.178,
				0.796,
				2.222,
				0.398,
				2.267,
				0.398
			]
		},
		{
			"Target": "Parameter",
			"Id": "Param82",
			"Segments": [
				0,
				0,
				1,
				0.756,
				0,
				1.511,
				0,
				2.267,
				0
			]
		},
		{
			"Target": "Parameter",
			"Id": "Param83",
			"Segments": [
				0,
				0,
				1,
				0.756,
				0,
				1.511,
				0,
				2.267,
				0
			]
		},
		{
			"Target": "Parameter",
			"Id": "ParamBrowLX",
			"Segments": [
				0,
				0,
				1,
				0.756,
				0,
				1.511,
				0,
				2.267,
				0
			]
		},
		{
			"Target": "Parameter",
			"Id": "ParamBrowRX",
			"Segments": [
				0,
				0,
				1,
				0.756,
				0,
				1.511,
				0,
				2.267,
				0
			]
		},
		{
			"Target": "Parameter",
			"Id": "ParamBrowLAngle",
			"Segments": [
				0,
				0,
				1,
				0.756,
				0,
				1.511,
				0,
				2.267,
				0
			]
		},
		{
			"Target": "Parameter",
			"Id": "ParamBrowRAngle",
			"Segments": [
				0,
				0,
				1,
				0.756,
				0,
				1.511,
				0,
				2.267,
				0
			]
		},
		{
			"Target": "Parameter",
			"Id": "ParamCheek",
			"Segments": [
				0,
				0,
				1,
				0.756,
				0,
				1.511,
				0,
				2.267,
				0
			]
		},
		{
			"Target": "Parameter",
			"Id": "ParamBodyAngleX",
			"Segments": [
				0,
				0.099,
				1,
				0.178,
				0.579,
				0.356,
				2,
				0.533,
				2,
				1,
				0.6,
				2,
				0.667,
				1.835,
				0.733,
				1.835,
				1,
				1.078,
				1.835,
				1.422,
				1.835,
				1.767,
				1.835,
				1,
				1.933,
				1.835,
				2.1,
				0.099,
				2.267,
				0.099
			]
		},
		{
			"Target": "Parameter",
			"Id": "ParamBodyAngleY",
			"Segments": [
				0,
				3,
				1,
				0.056,
				3.722,
				0.111,
				5.294,
				0.167,
				5.294,
				1,
				0.278,
				5.294,
				0.389,
				-9.662,
				0.5,
				-9.662,
				1,
				0.567,
				-9.662,
				0.633,
				-8.347,
				0.7,
				-8.243,
				1,
				1.044,
				-7.707,
				1.389,
				-7.556,
				1.733,
				-7.556,
				1,
				1.822,
				-7.556,
				1.911,
				-9.048,
				2,
				-9.048,
				1,
				2.089,
				-9.048,
				2.178,
				3,
				2.267,
				3
			]
		},
		{
			"Target": "Parameter",
			"Id": "ParamBodyAngleZ",
			"Segments": [
				0,
				0.344,
				1,
				0.078,
				0.344,
				0.156,
				-3.15,
				0.233,
				-3.15,
				1,
				0.344,
				-3.15,
				0.456,
				6.224,
				0.567,
				6.224,
				1,
				0.633,
				6.224,
				0.7,
				5.368,
				0.767,
				5.326,
				1,
				1.111,
				5.108,
				1.456,
				5.049,
				1.8,
				5.049,
				1,
				1.889,
				5.049,
				1.978,
				6.513,
				2.067,
				6.513,
				1,
				2.133,
				6.513,
				2.2,
				0.344,
				2.267,
				0.344
			]
		},
		{
			"Target": "Parameter",
			"Id": "ParamHairFront",
			"Segments": [
				0,
				0,
				1,
				0.756,
				0,
				1.511,
				0,
				2.267,
				0
			]
		},
		{
			"Target": "Parameter",
			"Id": "ParamHairSide",
			"Segments": [
				0,
				0,
				1,
				0.756,
				0,
				1.511,
				0,
				2.267,
				0
			]
		},
		{
			"Target": "Parameter",
			"Id": "ParamHairBack",
			"Segments": [
				0,
				0,
				1,
				0.756,
				0,
				1.511,
				0,
				2.267,
				0
			]
		},
		{
			"Target": "Parameter",
			"Id": "Param37",
			"Segments": [
				0,
				0,
				1,
				0.756,
				0,
				1.511,
				0,
				2.267,
				0
			]
		},
		{
			"Target": "Parameter",
			"Id": "Param122",
			"Segments": [
				0,
				0,
				1,
				0.756,
				0,
				1.511,
				0,
				2.267,
				0
			]
		},
		{
			"Target": "Parameter",
			"Id": "Param198pp",
			"Segments": [
				0,
				-30,
				0,
				2.267,
				-30
			]
		},
		{
			"Target": "Parameter",
			"Id": "Param199pp",
			"Segments": [
				0,
				-30,
				0,
				2.267,
				-30
			]
		},
		{
			"Target": "Parameter",
			"Id": "Param200pp",
			"Segments": [
				0,
				0,
				0,
				2.267,
				0
			]
		},
		{
			"Target": "Parameter",
			"Id": "Param201pp",
			"Segments": [
				0,
				0,
				0,
				2.267,
				0
			]
		},
		{
			"Target": "Parameter",
			"Id": "Param202pp",
			"Segments": [
				0,
				0,
				0,
				2.267,
				0
			]
		},
		{
			"Target": "Parameter",
			"Id": "Param203pp",
			"Segments": [
				0,
				0,
				0,
				2.267,
				0
			]
		},
		{
			"Target": "Parameter",
			"Id": "Param204pp",
			"Segments": [
				0,
				0,
				0,
				2.267,
				0
			]
		},
		{
			"Target": "Parameter",
			"Id": "Param205pp",
			"Segments": [
				0,
				0,
				0,
				2.267,
				0
			]
		},
		{
			"Target": "Parameter",
			"Id": "Param206pp",
			"Segments": [
				0,
				0,
				0,
				2.267,
				0
			]
		},
		{
			"Target": "Parameter",
			"Id": "Param207pp",
			"Segments": [
				0,
				0,
				0,
				2.267,
				0
			]
		},
		{
			"Target": "Parameter",
			"Id": "Param208pp",
			"Segments": [
				0,
				0,
				0,
				2.267,
				0
			]
		},
		{
			"Target": "Parameter",
			"Id": "Param209pp",
			"Segments": [
				0,
				0,
				0,
				2.267,
				0
			]
		},
		{
			"Target": "Parameter",
			"Id": "Param210pp",
			"Segments": [
				0,
				0,
				0,
				2.267,
				0
			]
		},
		{
			"Target": "Parameter",
			"Id": "Param211pp",
			"Segments": [
				0,
				0,
				0,
				2.267,
				0
			]
		},
		{
			"Target": "Parameter",
			"Id": "Param212pp",
			"Segments": [
				0,
				0,
				0,
				2.267,
				0
			]
		},
		{
			"Target": "Parameter",
			"Id": "Param213pp",
			"Segments": [
				0,
				0,
				0,
				2.267,
				0
			]
		},
		{
			"Target": "Parameter",
			"Id": "Param214pp",
			"Segments": [
				0,
				0,
				0,
				2.267,
				0
			]
		},
		{
			"Target": "Parameter",
			"Id": "Param215pp",
			"Segments": [
				0,
				0,
				0,
				2.267,
				0
			]
		},
		{
			"Target": "Parameter",
			"Id": "Param216pp",
			"Segments": [
				0,
				0,
				0,
				2.267,
				0
			]
		},
		{
			"Target": "Parameter",
			"Id": "Param217pp",
			"Segments": [
				0,
				0,
				0,
				2.267,
				0
			]
		},
		{
			"Target": "PartOpacity",
			"Id": "Part52",
			"Segments": [
				0,
				1,
				0,
				2.27,
				1
			]
		},
		{
			"Target": "PartOpacity",
			"Id": "Part40",
			"Segments": [
				0,
				1,
				0,
				2.27,
				1
			]
		},
		{
			"Target": "PartOpacity",
			"Id": "Part44",
			"Segments": [
				0,
				1,
				0,
				2.27,
				1
			]
		},
		{
			"Target": "PartOpacity",
			"Id": "Part45",
			"Segments": [
				0,
				1,
				0,
				2.27,
				1
			]
		},
		{
			"Target": "PartOpacity",
			"Id": "Part53",
			"Segments": [
				0,
				1,
				0,
				2.27,
				1
			]
		},
		{
			"Target": "PartOpacity",
			"Id": "Part41",
			"Segments": [
				0,
				1,
				0,
				2.27,
				1
			]
		},
		{
			"Target": "PartOpacity",
			"Id": "Part43",
			"Segments": [
				0,
				1,
				0,
				2.27,
				1
			]
		},
		{
			"Target": "PartOpacity",
			"Id": "Part39",
			"Segments": [
				0,
				1,
				2,
				2.27,
				1
			]
		},
		{
			"Target": "PartOpacity",
			"Id": "Part37",
			"Segments": [
				0,
				1,
				2,
				2.27,
				1
			]
		},
		{
			"Target": "PartOpacity",
			"Id": "Part36",
			"Segments": [
				0,
				1,
				2,
				2.27,
				1
			]
		},
		{
			"Target": "PartOpacity",
			"Id": "Part5",
			"Segments": [
				0,
				1,
				2,
				2.27,
				1
			]
		},
		{
			"Target": "PartOpacity",
			"Id": "Part2",
			"Segments": [
				0,
				1,
				2,
				2.27,
				1
			]
		},
		{
			"Target": "PartOpacity",
			"Id": "Part3",
			"Segments": [
				0,
				1,
				2,
				2.27,
				1
			]
		},
		{
			"Target": "PartOpacity",
			"Id": "Part6",
			"Segments": [
				0,
				1,
				2,
				2.27,
				1
			]
		},
		{
			"Target": "PartOpacity",
			"Id": "Part4",
			"Segments": [
				0,
				1,
				2,
				2.27,
				1
			]
		},
		{
			"Target": "PartOpacity",
			"Id": "Part",
			"Segments": [
				0,
				1,
				2,
				2.27,
				1
			]
		},
		{
			"Target": "PartOpacity",
			"Id": "Part31",
			"Segments": [
				0,
				1,
				2,
				2.27,
				1
			]
		},
		{
			"Target": "PartOpacity",
			"Id": "Part29",
			"Segments": [
				0,
				1,
				2,
				2.27,
				1
			]
		},
		{
			"Target": "PartOpacity",
			"Id": "Part13",
			"Segments": [
				0,
				1,
				2,
				2.27,
				1
			]
		},
		{
			"Target": "PartOpacity",
			"Id": "Part14",
			"Segments": [
				0,
				1,
				2,
				2.27,
				1
			]
		},
		{
			"Target": "PartOpacity",
			"Id": "Part15",
			"Segments": [
				0,
				1,
				2,
				2.27,
				1
			]
		},
		{
			"Target": "PartOpacity",
			"Id": "Part11",
			"Segments": [
				0,
				1,
				2,
				2.27,
				1
			]
		},
		{
			"Target": "PartOpacity",
			"Id": "Part12",
			"Segments": [
				0,
				1,
				2,
				2.27,
				1
			]
		},
		{
			"Target": "PartOpacity",
			"Id": "Part16",
			"Segments": [
				0,
				1,
				2,
				2.27,
				1
			]
		},
		{
			"Target": "PartOpacity",
			"Id": "Part30",
			"Segments": [
				0,
				1,
				2,
				2.27,
				1
			]
		},
		{
			"Target": "PartOpacity",
			"Id": "Part17",
			"Segments": [
				0,
				1,
				2,
				2.27,
				1
			]
		},
		{
			"Target": "PartOpacity",
			"Id": "Part18",
			"Segments": [
				0,
				1,
				2,
				2.27,
				1
			]
		},
		{
			"Target": "PartOpacity",
			"Id": "Part28",
			"Segments": [
				0,
				1,
				2,
				2.27,
				1
			]
		},
		{
			"Target": "PartOpacity",
			"Id": "Part19",
			"Segments": [
				0,
				1,
				2,
				2.27,
				1
			]
		},
		{
			"Target": "PartOpacity",
			"Id": "Part20",
			"Segments": [
				0,
				1,
				2,
				2.27,
				1
			]
		},
		{
			"Target": "PartOpacity",
			"Id": "Part33",
			"Segments": [
				0,
				1,
				2,
				2.27,
				1
			]
		},
		{
			"Target": "PartOpacity",
			"Id": "Part32",
			"Segments": [
				0,
				1,
				2,
				2.27,
				1
			]
		},
		{
			"Target": "PartOpacity",
			"Id": "Part38",
			"Segments": [
				0,
				1,
				2,
				2.27,
				1
			]
		},
		{
			"Target": "PartOpacity",
			"Id": "Part7",
			"Segments": [
				0,
				1,
				2,
				2.27,
				1
			]
		},
		{
			"Target": "PartOpacity",
			"Id": "Part35",
			"Segments": [
				0,
				1,
				2,
				2.27,
				1
			]
		},
		{
			"Target": "PartOpacity",
			"Id": "Part10",
			"Segments": [
				0,
				1,
				2,
				2.27,
				1
			]
		},
		{
			"Target": "PartOpacity",
			"Id": "Part27",
			"Segments": [
				0,
				1,
				2,
				2.27,
				1
			]
		},
		{
			"Target": "PartOpacity",
			"Id": "Part34",
			"Segments": [
				0,
				1,
				2,
				2.27,
				1
			]
		},
		{
			"Target": "PartOpacity",
			"Id": "Part8",
			"Segments": [
				0,
				1,
				2,
				2.27,
				1
			]
		},
		{
			"Target": "PartOpacity",
			"Id": "Part9",
			"Segments": [
				0,
				1,
				2,
				2.27,
				1
			]
		},
		{
			"Target": "PartOpacity",
			"Id": "ArtMesh122_Skinning",
			"Segments": [
				0,
				1,
				2,
				2.27,
				1
			]
		},
		{
			"Target": "PartOpacity",
			"Id": "Part21",
			"Segments": [
				0,
				1,
				2,
				2.27,
				1
			]
		},
		{
			"Target": "PartOpacity",
			"Id": "Part22",
			"Segments": [
				0,
				1,
				2,
				2.27,
				1
			]
		},
		{
			"Target": "PartOpacity",
			"Id": "Part23",
			"Segments": [
				0,
				1,
				2,
				2.27,
				1
			]
		},
		{
			"Target": "PartOpacity",
			"Id": "Part24",
			"Segments": [
				0,
				1,
				2,
				2.27,
				1
			]
		},
		{
			"Target": "PartOpacity",
			"Id": "Part25",
			"Segments": [
				0,
				1,
				2,
				2.27,
				1
			]
		},
		{
			"Target": "PartOpacity",
			"Id": "Part26",
			"Segments": [
				0,
				1,
				2,
				2.27,
				1
			]
		},
		{
			"Target": "PartOpacity",
			"Id": "ArtMesh133_Skinning",
			"Segments": [
				0,
				1,
				2,
				2.27,
				1
			]
		},
		{
			"Target": "PartOpacity",
			"Id": "ArtMesh122_Skinning2",
			"Segments": [
				0,
				1,
				2,
				2.27,
				1
			]
		}
	]
}