{
	"Version": 3,
	"Meta": {
		"Duration": 3.07,
		"Fps": 30.0,
		"Loop": true,
		"AreBeziersRestricted": false,
		"CurveCount": 298,
		"TotalSegmentCount": 804,
		"TotalPointCount": 2370,
		"UserDataCount": 0,
		"TotalUserDataSize": 0
	},
	"Curves": [
		{
			"Target": "Model",
			"Id": "Opacity",
			"Segments": [
				0,
				1,
				1,
				0.9,
				1,
				1.8,
				1,
				2.7,
				1,
				1,
				2.82,
				1,
				2.94,
				1,
				3.07,
				1
			]
		},
		{
			"Target": "Parameter",
			"Id": "Param2",
			"Segments": [
				0,
				-2.888,
				1,
				0.156,
				-1.309,
				0.311,
				14.137,
				0.467,
				14.137,
				1,
				0.611,
				14.137,
				0.756,
				-12.861,
				0.9,
				-12.861,
				1,
				1.044,
				-12.861,
				1.189,
				11.011,
				1.333,
				11.011,
				1,
				1.478,
				11.011,
				1.622,
				-11.248,
				1.767,
				-11.248,
				1,
				1.933,
				-11.248,
				2.1,
				6.201,
				2.267,
				6.201,
				1,
				2.422,
				6.201,
				2.578,
				-8.572,
				2.733,
				-8.572,
				1,
				2.844,
				-8.572,
				2.956,
				-2.888,
				3.067,
				-2.888
			]
		},
		{
			"Target": "Parameter",
			"Id": "Param180",
			"Segments": [
				0,
				0,
				0,
				3.067,
				0
			]
		},
		{
			"Target": "Parameter",
			"Id": "Param38",
			"Segments": [
				0,
				0,
				1,
				1.022,
				0,
				2.044,
				0,
				3.067,
				0
			]
		},
		{
			"Target": "Parameter",
			"Id": "Param129",
			"Segments": [
				0,
				0,
				1,
				1.022,
				0,
				2.044,
				0,
				3.067,
				0
			]
		},
		{
			"Target": "Parameter",
			"Id": "Param5",
			"Segments": [
				0,
				0.067,
				1,
				0.178,
				0.067,
				0.356,
				1,
				0.533,
				1,
				1,
				0.678,
				1,
				0.822,
				-1.39,
				0.967,
				-1.39,
				1,
				1.111,
				-1.39,
				1.256,
				0.82,
				1.4,
				0.82,
				1,
				1.544,
				0.82,
				1.689,
				-1.068,
				1.833,
				-1.068,
				1,
				2,
				-1.068,
				2.167,
				0.553,
				2.333,
				0.553,
				1,
				2.489,
				0.553,
				2.644,
				-0.699,
				2.8,
				-0.699,
				1,
				2.889,
				-0.699,
				2.978,
				0.067,
				3.067,
				0.067
			]
		},
		{
			"Target": "Parameter",
			"Id": "Param",
			"Segments": [
				0,
				-14.398,
				1,
				0.2,
				-14.398,
				0.4,
				4.608,
				0.6,
				4.608,
				1,
				0.744,
				4.608,
				0.889,
				-25.577,
				1.033,
				-25.577,
				1,
				1.178,
				-25.577,
				1.322,
				-0.057,
				1.467,
				-0.057,
				1,
				1.611,
				-0.057,
				1.756,
				-22.563,
				1.9,
				-22.563,
				1,
				2.067,
				-22.563,
				2.233,
				-4.136,
				2.4,
				-4.136,
				1,
				2.556,
				-4.136,
				2.711,
				-19.834,
				2.867,
				-19.834,
				1,
				2.933,
				-19.834,
				3,
				-14.398,
				3.067,
				-14.398
			]
		},
		{
			"Target": "Parameter",
			"Id": "Param131",
			"Segments": [
				0,
				0,
				1,
				1.022,
				0,
				2.044,
				0,
				3.067,
				0
			]
		},
		{
			"Target": "Parameter",
			"Id": "Param50",
			"Segments": [
				0,
				-2.23,
				1,
				1.022,
				-2.23,
				2.044,
				-2.23,
				3.067,
				-2.23
			]
		},
		{
			"Target": "Parameter",
			"Id": "Param39",
			"Segments": [
				0,
				-2.607,
				1,
				0.178,
				1.411,
				0.356,
				7.535,
				0.533,
				7.535,
				1,
				0.678,
				7.535,
				0.822,
				-13.238,
				0.967,
				-13.238,
				1,
				1.111,
				-13.238,
				1.256,
				6.458,
				1.4,
				6.458,
				1,
				1.544,
				6.458,
				1.689,
				-11.63,
				1.833,
				-11.63,
				1,
				2,
				-11.63,
				2.167,
				4.751,
				2.333,
				4.751,
				1,
				2.489,
				4.751,
				2.644,
				-9.775,
				2.8,
				-9.775,
				1,
				2.889,
				-9.775,
				2.978,
				-2.607,
				3.067,
				-2.607
			]
		},
		{
			"Target": "Parameter",
			"Id": "Param41",
			"Segments": [
				0,
				0,
				1,
				1.022,
				0,
				2.044,
				0,
				3.067,
				0
			]
		},
		{
			"Target": "Parameter",
			"Id": "Param130",
			"Segments": [
				0,
				0,
				1,
				1.022,
				0,
				2.044,
				0,
				3.067,
				0
			]
		},
		{
			"Target": "Parameter",
			"Id": "Param40",
			"Segments": [
				0,
				0.133,
				1,
				0.2,
				0.133,
				0.4,
				1.578,
				0.6,
				1.579,
				1,
				0.744,
				1.578,
				0.889,
				-1.287,
				1.033,
				-1.287,
				1,
				1.178,
				-1.287,
				1.322,
				1.385,
				1.467,
				1.385,
				1,
				1.611,
				1.385,
				1.756,
				-0.942,
				1.9,
				-0.942,
				1,
				2.067,
				-0.942,
				2.233,
				0.893,
				2.4,
				0.893,
				1,
				2.556,
				0.893,
				2.711,
				-0.444,
				2.867,
				-0.444,
				1,
				2.933,
				-0.444,
				3,
				0.133,
				3.067,
				0.133
			]
		},
		{
			"Target": "Parameter",
			"Id": "Param49",
			"Segments": [
				0,
				-7.844,
				1,
				0.222,
				-19.819,
				0.444,
				-22.901,
				0.667,
				-22.901,
				1,
				0.811,
				-22.901,
				0.956,
				8,
				1.1,
				8,
				1,
				1.244,
				8,
				1.389,
				-17.975,
				1.533,
				-17.975,
				1,
				1.678,
				-17.975,
				1.822,
				5.197,
				1.967,
				5.197,
				1,
				2.133,
				5.197,
				2.3,
				-13.497,
				2.467,
				-13.497,
				1,
				2.622,
				-13.497,
				2.778,
				1.279,
				2.933,
				1.279,
				1,
				2.978,
				1.279,
				3.022,
				-7.844,
				3.067,
				-7.844
			]
		},
		{
			"Target": "Parameter",
			"Id": "Param84",
			"Segments": [
				0,
				-2.23,
				1,
				1.022,
				-2.23,
				2.044,
				-2.23,
				3.067,
				-2.23
			]
		},
		{
			"Target": "Parameter",
			"Id": "Param139",
			"Segments": [
				0,
				0,
				1,
				1.022,
				0,
				2.044,
				0,
				3.067,
				0
			]
		},
		{
			"Target": "Parameter",
			"Id": "Param171",
			"Segments": [
				0,
				0,
				0,
				3.067,
				0
			]
		},
		{
			"Target": "Parameter",
			"Id": "Param170",
			"Segments": [
				0,
				0,
				0,
				3.067,
				0
			]
		},
		{
			"Target": "Parameter",
			"Id": "Param191",
			"Segments": [
				0,
				0,
				0,
				3.067,
				0
			]
		},
		{
			"Target": "Parameter",
			"Id": "ParamEyeLOpen",
			"Segments": [
				0,
				1,
				1,
				0.067,
				1,
				0.133,
				0,
				0.2,
				0,
				1,
				0.278,
				0,
				0.356,
				0,
				0.433,
				0,
				1,
				1.189,
				0,
				1.944,
				0,
				2.7,
				0,
				1,
				2.822,
				0,
				2.944,
				1,
				3.067,
				1
			]
		},
		{
			"Target": "Parameter",
			"Id": "ParamEyeLSmile",
			"Segments": [
				0,
				0,
				1,
				0.9,
				0,
				1.8,
				0,
				2.7,
				0,
				1,
				2.822,
				0,
				2.944,
				0,
				3.067,
				0
			]
		},
		{
			"Target": "Parameter",
			"Id": "ParamEyeROpen",
			"Segments": [
				0,
				1,
				1,
				0.067,
				1,
				0.133,
				0,
				0.2,
				0,
				1,
				0.278,
				0,
				0.356,
				0,
				0.433,
				0,
				1,
				1.189,
				0,
				1.944,
				0,
				2.7,
				0,
				1,
				2.822,
				0,
				2.944,
				1,
				3.067,
				1
			]
		},
		{
			"Target": "Parameter",
			"Id": "ParamEyeRSmile",
			"Segments": [
				0,
				0,
				1,
				0.9,
				0,
				1.8,
				0,
				2.7,
				0,
				1,
				2.822,
				0,
				2.944,
				0,
				3.067,
				0
			]
		},
		{
			"Target": "Parameter",
			"Id": "ParamEyeBallX",
			"Segments": [
				0,
				0,
				1,
				0.9,
				0,
				1.8,
				0,
				2.7,
				0,
				1,
				2.822,
				0,
				2.944,
				0,
				3.067,
				0
			]
		},
		{
			"Target": "Parameter",
			"Id": "ParamEyeBallY",
			"Segments": [
				0,
				0,
				1,
				0.9,
				0,
				1.8,
				0,
				2.7,
				0,
				1,
				2.822,
				0,
				2.944,
				0,
				3.067,
				0
			]
		},
		{
			"Target": "Parameter",
			"Id": "ParamBrowLY",
			"Segments": [
				0,
				0,
				1,
				0.9,
				0,
				1.8,
				0,
				2.7,
				0,
				1,
				2.822,
				0,
				2.944,
				0,
				3.067,
				0
			]
		},
		{
			"Target": "Parameter",
			"Id": "ParamBrowRY",
			"Segments": [
				0,
				0,
				1,
				0.9,
				0,
				1.8,
				0,
				2.7,
				0,
				1,
				2.822,
				0,
				2.944,
				0,
				3.067,
				0
			]
		},
		{
			"Target": "Parameter",
			"Id": "ParamBrowLForm",
			"Segments": [
				0,
				0,
				1,
				0.9,
				0,
				1.8,
				0,
				2.7,
				0,
				1,
				2.822,
				0,
				2.944,
				0,
				3.067,
				0
			]
		},
		{
			"Target": "Parameter",
			"Id": "ParamBrowRForm",
			"Segments": [
				0,
				0,
				1,
				0.9,
				0,
				1.8,
				0,
				2.7,
				0,
				1,
				2.822,
				0,
				2.944,
				0,
				3.067,
				0
			]
		},
		{
			"Target": "Parameter",
			"Id": "Param85",
			"Segments": [
				0,
				0,
				1,
				0.9,
				0,
				1.8,
				0,
				2.7,
				0,
				1,
				2.822,
				0,
				2.944,
				0,
				3.067,
				0
			]
		},
		{
			"Target": "Parameter",
			"Id": "Param86",
			"Segments": [
				0,
				0,
				1,
				0.9,
				0,
				1.8,
				0,
				2.7,
				0,
				1,
				2.822,
				0,
				2.944,
				0,
				3.067,
				0
			]
		},
		{
			"Target": "Parameter",
			"Id": "ParamMouthForm",
			"Segments": [
				0,
				0,
				1,
				0.9,
				0,
				1.8,
				0,
				2.7,
				0,
				1,
				2.822,
				0,
				2.944,
				0,
				3.067,
				0
			]
		},
		{
			"Target": "Parameter",
			"Id": "ParamMouthOpenY",
			"Segments": [
				0,
				0,
				1,
				0.2,
				0,
				0.4,
				0.502,
				0.6,
				0.8,
				1,
				0.744,
				1,
				0.889,
				1,
				1.033,
				1,
				1,
				1.178,
				1,
				1.322,
				0.8,
				1.467,
				0.8,
				1,
				1.611,
				0.8,
				1.756,
				1,
				1.9,
				1,
				1,
				2.067,
				1,
				2.233,
				0.8,
				2.4,
				0.8,
				1,
				2.544,
				0.8,
				2.689,
				1,
				2.833,
				1,
				1,
				2.911,
				1,
				2.989,
				0,
				3.067,
				0
			]
		},
		{
			"Target": "Parameter",
			"Id": "Param57",
			"Segments": [
				0,
				0,
				1,
				1.022,
				0,
				2.044,
				0,
				3.067,
				0
			]
		},
		{
			"Target": "Parameter",
			"Id": "Param71",
			"Segments": [
				0,
				0,
				1,
				0.144,
				0,
				0.289,
				1,
				0.433,
				1,
				1,
				1.189,
				1,
				1.944,
				1,
				2.7,
				1,
				1,
				2.822,
				1,
				2.944,
				0,
				3.067,
				0
			]
		},
		{
			"Target": "Parameter",
			"Id": "Param78",
			"Segments": [
				0,
				0,
				1,
				0.9,
				0,
				1.8,
				0,
				2.7,
				0,
				1,
				2.822,
				0,
				2.944,
				0,
				3.067,
				0
			]
		},
		{
			"Target": "Parameter",
			"Id": "Param58",
			"Segments": [
				0,
				0,
				1,
				0.9,
				0,
				1.8,
				0,
				2.7,
				0,
				1,
				2.822,
				0,
				2.944,
				0,
				3.067,
				0
			]
		},
		{
			"Target": "Parameter",
			"Id": "Param67",
			"Segments": [
				0,
				0,
				1,
				0.9,
				0,
				1.8,
				0,
				2.7,
				0,
				1,
				2.822,
				0,
				2.944,
				0,
				3.067,
				0
			]
		},
		{
			"Target": "Parameter",
			"Id": "Param68",
			"Segments": [
				0,
				0,
				1,
				0.9,
				0,
				1.8,
				0,
				2.7,
				0,
				1,
				2.822,
				0,
				2.944,
				0,
				3.067,
				0
			]
		},
		{
			"Target": "Parameter",
			"Id": "Param69",
			"Segments": [
				0,
				1,
				1,
				0.9,
				1,
				1.8,
				1,
				2.7,
				1,
				1,
				2.822,
				1,
				2.944,
				1,
				3.067,
				1
			]
		},
		{
			"Target": "Parameter",
			"Id": "Param193",
			"Segments": [
				0,
				0,
				0,
				3.067,
				0
			]
		},
		{
			"Target": "Parameter",
			"Id": "Param197",
			"Segments": [
				0,
				0,
				0,
				3.067,
				0
			]
		},
		{
			"Target": "Parameter",
			"Id": "Param195",
			"Segments": [
				0,
				0,
				0,
				3.067,
				0
			]
		},
		{
			"Target": "Parameter",
			"Id": "Param181",
			"Segments": [
				0,
				0,
				0,
				3.067,
				0
			]
		},
		{
			"Target": "Parameter",
			"Id": "Param184",
			"Segments": [
				0,
				0,
				0,
				3.067,
				0
			]
		},
		{
			"Target": "Parameter",
			"Id": "Param182",
			"Segments": [
				0,
				0,
				0,
				3.067,
				0
			]
		},
		{
			"Target": "Parameter",
			"Id": "Param183",
			"Segments": [
				0,
				0,
				0,
				3.067,
				0
			]
		},
		{
			"Target": "Parameter",
			"Id": "Param188",
			"Segments": [
				0,
				0,
				0,
				3.067,
				0
			]
		},
		{
			"Target": "Parameter",
			"Id": "Param149",
			"Segments": [
				0,
				0,
				1,
				0.144,
				0,
				0.289,
				1,
				0.433,
				1,
				1,
				1.189,
				1,
				1.944,
				1,
				2.7,
				1,
				1,
				2.822,
				1,
				2.944,
				0,
				3.067,
				0
			]
		},
		{
			"Target": "Parameter",
			"Id": "Param172",
			"Segments": [
				0,
				0,
				0,
				3.067,
				0
			]
		},
		{
			"Target": "Parameter",
			"Id": "Param163",
			"Segments": [
				0,
				-30,
				1,
				0.9,
				-30,
				1.8,
				-30,
				2.7,
				-30,
				1,
				2.822,
				-30,
				2.944,
				-30,
				3.067,
				-30
			]
		},
		{
			"Target": "Parameter",
			"Id": "Param164",
			"Segments": [
				0,
				-30,
				1,
				0.9,
				-30,
				1.8,
				-30,
				2.7,
				-30,
				1,
				2.822,
				-30,
				2.944,
				-30,
				3.067,
				-30
			]
		},
		{
			"Target": "Parameter",
			"Id": "Param165",
			"Segments": [
				0,
				-30,
				1,
				0.9,
				-30,
				1.8,
				-30,
				2.7,
				-30,
				1,
				2.822,
				-30,
				2.944,
				-30,
				3.067,
				-30
			]
		},
		{
			"Target": "Parameter",
			"Id": "Param150",
			"Segments": [
				0,
				0,
				1,
				0.9,
				0,
				1.8,
				0,
				2.7,
				0,
				1,
				2.822,
				0,
				2.944,
				0,
				3.067,
				0
			]
		},
		{
			"Target": "Parameter",
			"Id": "Param151",
			"Segments": [
				0,
				0,
				1,
				0.9,
				0,
				1.8,
				0,
				2.7,
				0,
				1,
				2.822,
				0,
				2.944,
				0,
				3.067,
				0
			]
		},
		{
			"Target": "Parameter",
			"Id": "Param159",
			"Segments": [
				0,
				1,
				1,
				0.9,
				1,
				1.8,
				1,
				2.7,
				1,
				1,
				2.822,
				1,
				2.944,
				1,
				3.067,
				1
			]
		},
		{
			"Target": "Parameter",
			"Id": "Param160",
			"Segments": [
				0,
				1,
				1,
				0.9,
				1,
				1.8,
				1,
				2.7,
				1,
				1,
				2.822,
				1,
				2.944,
				1,
				3.067,
				1
			]
		},
		{
			"Target": "Parameter",
			"Id": "Param147",
			"Segments": [
				0,
				-30,
				0,
				0.633,
				30,
				0,
				0.667,
				-30,
				0,
				1.3,
				30,
				0,
				1.333,
				-30,
				0,
				2,
				30,
				0,
				2.033,
				-30,
				0,
				2.667,
				30,
				0,
				2.7,
				-30,
				0,
				3.067,
				-30
			]
		},
		{
			"Target": "Parameter",
			"Id": "Param148",
			"Segments": [
				0,
				-30,
				0,
				0.633,
				30,
				0,
				0.667,
				-30,
				0,
				1.3,
				30,
				0,
				1.333,
				-30,
				0,
				2,
				30,
				0,
				2.033,
				-30,
				0,
				2.667,
				30,
				0,
				2.7,
				-30,
				0,
				3.067,
				-30
			]
		},
		{
			"Target": "Parameter",
			"Id": "Param146",
			"Segments": [
				0,
				0,
				1,
				0.144,
				0,
				0.289,
				1,
				0.433,
				1,
				1,
				1.189,
				1,
				1.944,
				1,
				2.7,
				1,
				1,
				2.822,
				1,
				2.944,
				0,
				3.067,
				0
			]
		},
		{
			"Target": "Parameter",
			"Id": "Param144",
			"Segments": [
				0,
				0,
				1,
				0.9,
				0,
				1.8,
				0,
				2.7,
				0,
				1,
				2.822,
				0,
				2.944,
				0,
				3.067,
				0
			]
		},
		{
			"Target": "Parameter",
			"Id": "Param161",
			"Segments": [
				0,
				-30,
				1,
				0.9,
				-30,
				1.8,
				-30,
				2.7,
				-30,
				1,
				2.822,
				-30,
				2.944,
				-30,
				3.067,
				-30
			]
		},
		{
			"Target": "Parameter",
			"Id": "Param162",
			"Segments": [
				0,
				0,
				1,
				0.9,
				0,
				1.8,
				0,
				2.7,
				0,
				1,
				2.822,
				0,
				2.944,
				0,
				3.067,
				0
			]
		},
		{
			"Target": "Parameter",
			"Id": "Param143",
			"Segments": [
				0,
				0,
				1,
				0.9,
				0,
				1.8,
				0,
				2.7,
				0,
				1,
				2.822,
				0,
				2.944,
				0,
				3.067,
				0
			]
		},
		{
			"Target": "Parameter",
			"Id": "Param145",
			"Segments": [
				0,
				0,
				1,
				0.9,
				0,
				1.8,
				0,
				2.7,
				0,
				1,
				2.822,
				0,
				2.944,
				0,
				3.067,
				0
			]
		},
		{
			"Target": "Parameter",
			"Id": "Param152",
			"Segments": [
				0,
				-30,
				1,
				0.9,
				-30,
				1.8,
				-30,
				2.7,
				-30,
				1,
				2.822,
				-30,
				2.944,
				-30,
				3.067,
				-30
			]
		},
		{
			"Target": "Parameter",
			"Id": "Param157",
			"Segments": [
				0,
				0,
				1,
				0.9,
				0,
				1.8,
				0,
				2.7,
				0,
				1,
				2.822,
				0,
				2.944,
				0,
				3.067,
				0
			]
		},
		{
			"Target": "Parameter",
			"Id": "Param158",
			"Segments": [
				0,
				-30,
				1,
				0.9,
				-30,
				1.8,
				-30,
				2.7,
				-30,
				1,
				2.822,
				-30,
				2.944,
				-30,
				3.067,
				-30
			]
		},
		{
			"Target": "Parameter",
			"Id": "Param154",
			"Segments": [
				0,
				0,
				1,
				0.9,
				0,
				1.8,
				0,
				2.7,
				0,
				1,
				2.822,
				0,
				2.944,
				0,
				3.067,
				0
			]
		},
		{
			"Target": "Parameter",
			"Id": "Param153",
			"Segments": [
				0,
				-30,
				1,
				0.9,
				-30,
				1.8,
				-30,
				2.7,
				-30,
				1,
				2.822,
				-30,
				2.944,
				-30,
				3.067,
				-30
			]
		},
		{
			"Target": "Parameter",
			"Id": "Param155",
			"Segments": [
				0,
				0,
				1,
				0.9,
				0,
				1.8,
				0,
				2.7,
				0,
				1,
				2.822,
				0,
				2.944,
				0,
				3.067,
				0
			]
		},
		{
			"Target": "Parameter",
			"Id": "Param156",
			"Segments": [
				0,
				-30,
				1,
				0.9,
				-30,
				1.8,
				-30,
				2.7,
				-30,
				1,
				2.822,
				-30,
				2.944,
				-30,
				3.067,
				-30
			]
		},
		{
			"Target": "Parameter",
			"Id": "Param65",
			"Segments": [
				0,
				0,
				1,
				0.9,
				0,
				1.8,
				0,
				2.7,
				0,
				1,
				2.822,
				0,
				2.944,
				0,
				3.067,
				0
			]
		},
		{
			"Target": "Parameter",
			"Id": "Param141",
			"Segments": [
				0,
				0,
				1,
				0.9,
				0,
				1.8,
				0,
				2.7,
				0,
				1,
				2.822,
				0,
				2.944,
				0,
				3.067,
				0
			]
		},
		{
			"Target": "Parameter",
			"Id": "Param66",
			"Segments": [
				0,
				0,
				1,
				0.9,
				0,
				1.8,
				0,
				2.7,
				0,
				1,
				2.822,
				0,
				2.944,
				0,
				3.067,
				0
			]
		},
		{
			"Target": "Parameter",
			"Id": "Param142",
			"Segments": [
				0,
				0,
				1,
				0.9,
				0,
				1.8,
				0,
				2.7,
				0,
				1,
				2.822,
				0,
				2.944,
				0,
				3.067,
				0
			]
		},
		{
			"Target": "Parameter",
			"Id": "Param166",
			"Segments": [
				0,
				0,
				2,
				3.067,
				0
			]
		},
		{
			"Target": "Parameter",
			"Id": "Param61",
			"Segments": [
				0,
				0,
				1,
				0.9,
				0,
				1.8,
				0,
				2.7,
				0,
				1,
				2.822,
				0,
				2.944,
				0,
				3.067,
				0
			]
		},
		{
			"Target": "Parameter",
			"Id": "Param62",
			"Segments": [
				0,
				0,
				1,
				0.9,
				0,
				1.8,
				0,
				2.7,
				0,
				1,
				2.822,
				0,
				2.944,
				0,
				3.067,
				0
			]
		},
		{
			"Target": "Parameter",
			"Id": "Param81",
			"Segments": [
				0,
				0,
				1,
				0.9,
				0,
				1.8,
				0,
				2.7,
				0,
				1,
				2.822,
				0,
				2.944,
				0,
				3.067,
				0
			]
		},
		{
			"Target": "Parameter",
			"Id": "Param59",
			"Segments": [
				0,
				0,
				1,
				0.9,
				0,
				1.8,
				0,
				2.7,
				0,
				1,
				2.822,
				0,
				2.944,
				0,
				3.067,
				0
			]
		},
		{
			"Target": "Parameter",
			"Id": "Param60",
			"Segments": [
				0,
				0,
				1,
				0.9,
				0,
				1.8,
				0,
				2.7,
				0,
				1,
				2.822,
				0,
				2.944,
				0,
				3.067,
				0
			]
		},
		{
			"Target": "Parameter",
			"Id": "Param4",
			"Segments": [
				0,
				0,
				1,
				0.9,
				0,
				1.8,
				0,
				2.7,
				0,
				1,
				2.822,
				0,
				2.944,
				0,
				3.067,
				0
			]
		},
		{
			"Target": "Parameter",
			"Id": "Param51",
			"Segments": [
				0,
				0,
				1,
				0.9,
				0,
				1.8,
				0,
				2.7,
				0,
				1,
				2.822,
				0,
				2.944,
				0,
				3.067,
				0
			]
		},
		{
			"Target": "Parameter",
			"Id": "Param52",
			"Segments": [
				0,
				0,
				1,
				0.9,
				0,
				1.8,
				0,
				2.7,
				0,
				1,
				2.822,
				0,
				2.944,
				0,
				3.067,
				0
			]
		},
		{
			"Target": "Parameter",
			"Id": "Param53",
			"Segments": [
				0,
				0,
				1,
				0.9,
				0,
				1.8,
				0,
				2.7,
				0,
				1,
				2.822,
				0,
				2.944,
				0,
				3.067,
				0
			]
		},
		{
			"Target": "Parameter",
			"Id": "Param54",
			"Segments": [
				0,
				0,
				1,
				0.9,
				0,
				1.8,
				0,
				2.7,
				0,
				1,
				2.822,
				0,
				2.944,
				0,
				3.067,
				0
			]
		},
		{
			"Target": "Parameter",
			"Id": "Param55",
			"Segments": [
				0,
				0,
				1,
				0.9,
				0,
				1.8,
				0,
				2.7,
				0,
				1,
				2.822,
				0,
				2.944,
				0,
				3.067,
				0
			]
		},
		{
			"Target": "Parameter",
			"Id": "Param3",
			"Segments": [
				0,
				0,
				1,
				0.9,
				0,
				1.8,
				0,
				2.7,
				0,
				1,
				2.822,
				0,
				2.944,
				0,
				3.067,
				0
			]
		},
		{
			"Target": "Parameter",
			"Id": "Param79",
			"Segments": [
				0,
				0,
				1,
				0.9,
				0,
				1.8,
				0,
				2.7,
				0,
				1,
				2.822,
				0,
				2.944,
				0,
				3.067,
				0
			]
		},
		{
			"Target": "Parameter",
			"Id": "Param80",
			"Segments": [
				0,
				0,
				1,
				0.9,
				0,
				1.8,
				0,
				2.7,
				0,
				1,
				2.822,
				0,
				2.944,
				0,
				3.067,
				0
			]
		},
		{
			"Target": "Parameter",
			"Id": "Param87",
			"Segments": [
				0,
				0,
				1,
				0.9,
				0,
				1.8,
				0,
				2.7,
				0,
				1,
				2.822,
				0,
				2.944,
				0,
				3.067,
				0
			]
		},
		{
			"Target": "Parameter",
			"Id": "Param88",
			"Segments": [
				0,
				0,
				1,
				0.9,
				0,
				1.8,
				0,
				2.7,
				0,
				1,
				2.822,
				0,
				2.944,
				0,
				3.067,
				0
			]
		},
		{
			"Target": "Parameter",
			"Id": "Param132",
			"Segments": [
				0,
				0,
				1,
				0.9,
				0,
				1.8,
				0,
				2.7,
				0,
				1,
				2.822,
				0,
				2.944,
				0,
				3.067,
				0
			]
		},
		{
			"Target": "Parameter",
			"Id": "Param133",
			"Segments": [
				0,
				0,
				1,
				0.9,
				0,
				1.8,
				0,
				2.7,
				0,
				1,
				2.822,
				0,
				2.944,
				0,
				3.067,
				0
			]
		},
		{
			"Target": "Parameter",
			"Id": "Param178",
			"Segments": [
				0,
				0,
				0,
				3.067,
				0
			]
		},
		{
			"Target": "Parameter",
			"Id": "Param48",
			"Segments": [
				0,
				0,
				1,
				0.9,
				0,
				1.8,
				0,
				2.7,
				0,
				1,
				2.822,
				0,
				2.944,
				0,
				3.067,
				0
			]
		},
		{
			"Target": "Parameter",
			"Id": "Param63",
			"Segments": [
				0,
				0,
				1,
				0.9,
				0,
				1.8,
				0,
				2.7,
				0,
				1,
				2.822,
				0,
				2.944,
				0,
				3.067,
				0
			]
		},
		{
			"Target": "Parameter",
			"Id": "Param64",
			"Segments": [
				0,
				0,
				1,
				0.9,
				0,
				1.8,
				0,
				2.7,
				0,
				1,
				2.822,
				0,
				2.944,
				0,
				3.067,
				0
			]
		},
		{
			"Target": "Parameter",
			"Id": "Param127",
			"Segments": [
				0,
				0,
				1,
				0.9,
				0,
				1.8,
				0,
				2.7,
				0,
				1,
				2.822,
				0,
				2.944,
				0,
				3.067,
				0
			]
		},
		{
			"Target": "Parameter",
			"Id": "Param138",
			"Segments": [
				0,
				0,
				1,
				0.9,
				0,
				1.8,
				0,
				2.7,
				0,
				1,
				2.822,
				0,
				2.944,
				0,
				3.067,
				0
			]
		},
		{
			"Target": "Parameter",
			"Id": "Param125",
			"Segments": [
				0,
				0,
				1,
				0.9,
				0,
				1.8,
				0,
				2.7,
				0,
				1,
				2.822,
				0,
				2.944,
				0,
				3.067,
				0
			]
		},
		{
			"Target": "Parameter",
			"Id": "Param128",
			"Segments": [
				0,
				0,
				1,
				0.9,
				0,
				1.8,
				0,
				2.7,
				0,
				1,
				2.822,
				0,
				2.944,
				0,
				3.067,
				0
			]
		},
		{
			"Target": "Parameter",
			"Id": "Param126",
			"Segments": [
				0,
				0,
				0,
				2.7,
				0,
				0,
				3.067,
				0
			]
		},
		{
			"Target": "Parameter",
			"Id": "Param124",
			"Segments": [
				0,
				0,
				1,
				0.9,
				0,
				1.8,
				0,
				2.7,
				0,
				1,
				2.822,
				0,
				2.944,
				0,
				3.067,
				0
			]
		},
		{
			"Target": "Parameter",
			"Id": "Param179",
			"Segments": [
				0,
				0,
				0,
				3.067,
				0
			]
		},
		{
			"Target": "Parameter",
			"Id": "Param192",
			"Segments": [
				0,
				0,
				0,
				3.067,
				0
			]
		},
		{
			"Target": "Parameter",
			"Id": "Param189",
			"Segments": [
				0,
				0,
				0,
				3.067,
				0
			]
		},
		{
			"Target": "Parameter",
			"Id": "Param137",
			"Segments": [
				0,
				0,
				1,
				0.9,
				0,
				1.8,
				0,
				2.7,
				0,
				1,
				2.822,
				0,
				2.944,
				0,
				3.067,
				0
			]
		},
		{
			"Target": "Parameter",
			"Id": "Param46",
			"Segments": [
				0,
				0,
				1,
				0.9,
				0,
				1.8,
				0,
				2.7,
				0,
				1,
				2.822,
				0,
				2.944,
				0,
				3.067,
				0
			]
		},
		{
			"Target": "Parameter",
			"Id": "Param47",
			"Segments": [
				0,
				0,
				1,
				0.9,
				0,
				1.8,
				0,
				2.7,
				0,
				1,
				2.822,
				0,
				2.944,
				0,
				3.067,
				0
			]
		},
		{
			"Target": "Parameter",
			"Id": "Param196",
			"Segments": [
				0,
				0,
				0,
				3.067,
				0
			]
		},
		{
			"Target": "Parameter",
			"Id": "Param123",
			"Segments": [
				0,
				0,
				1,
				0.9,
				0,
				1.8,
				0,
				2.7,
				0,
				1,
				2.822,
				0,
				2.944,
				0,
				3.067,
				0
			]
		},
		{
			"Target": "Parameter",
			"Id": "Param134",
			"Segments": [
				0,
				0,
				1,
				0.9,
				0,
				1.8,
				0,
				2.7,
				0,
				1,
				2.822,
				0,
				2.944,
				0,
				3.067,
				0
			]
		},
		{
			"Target": "Parameter",
			"Id": "Param135",
			"Segments": [
				0,
				0,
				1,
				0.9,
				0,
				1.8,
				0,
				2.7,
				0,
				1,
				2.822,
				0,
				2.944,
				0,
				3.067,
				0
			]
		},
		{
			"Target": "Parameter",
			"Id": "Param136",
			"Segments": [
				0,
				0,
				1,
				0.9,
				0,
				1.8,
				0,
				2.7,
				0,
				1,
				2.822,
				0,
				2.944,
				0,
				3.067,
				0
			]
		},
		{
			"Target": "Parameter",
			"Id": "Param_Angle_Rotation5",
			"Segments": [
				0,
				-3.15,
				1,
				0.1,
				-2.917,
				0.2,
				-1.96,
				0.3,
				-1.96,
				1,
				0.456,
				-1.96,
				0.611,
				-4.343,
				0.767,
				-4.343,
				1,
				0.922,
				-4.343,
				1.078,
				-1.96,
				1.233,
				-1.96,
				1,
				1.389,
				-1.96,
				1.544,
				-4.343,
				1.7,
				-4.343,
				1,
				1.844,
				-4.343,
				1.989,
				-1.96,
				2.133,
				-1.96,
				1,
				2.3,
				-1.96,
				2.467,
				-4.343,
				2.633,
				-4.343,
				1,
				2.778,
				-4.343,
				2.922,
				-3.15,
				3.067,
				-3.15
			]
		},
		{
			"Target": "Parameter",
			"Id": "Param_Angle_Rotation6",
			"Segments": [
				0,
				0.259,
				1,
				0.111,
				0.378,
				0.222,
				1.001,
				0.333,
				1.002,
				1,
				0.5,
				1.001,
				0.667,
				-1.335,
				0.833,
				-1.335,
				1,
				0.989,
				-1.335,
				1.144,
				1.001,
				1.3,
				1.002,
				1,
				1.444,
				1.001,
				1.589,
				-1.335,
				1.733,
				-1.335,
				1,
				1.889,
				-1.335,
				2.044,
				1.001,
				2.2,
				1.002,
				1,
				2.356,
				1.001,
				2.511,
				-1.335,
				2.667,
				-1.335,
				1,
				2.8,
				-1.335,
				2.933,
				0.259,
				3.067,
				0.259
			]
		},
		{
			"Target": "Parameter",
			"Id": "Param_Angle_Rotation7",
			"Segments": [
				0,
				1.362,
				1,
				0.144,
				1.825,
				0.289,
				20.01,
				0.433,
				20.01,
				1,
				0.589,
				20.01,
				0.744,
				-12.475,
				0.9,
				-12.475,
				1,
				1.056,
				-12.475,
				1.211,
				20.01,
				1.367,
				20.01,
				1,
				1.522,
				20.01,
				1.678,
				-12.475,
				1.833,
				-12.475,
				1,
				1.978,
				-12.475,
				2.122,
				20.01,
				2.267,
				20.01,
				1,
				2.433,
				20.01,
				2.6,
				-12.475,
				2.767,
				-12.475,
				1,
				2.867,
				-12.475,
				2.967,
				1.362,
				3.067,
				1.362
			]
		},
		{
			"Target": "Parameter",
			"Id": "Param_Angle_Rotation8",
			"Segments": [
				0,
				5.224,
				1,
				0.167,
				6.364,
				0.333,
				21.464,
				0.5,
				21.464,
				1,
				0.667,
				21.464,
				0.833,
				-9.217,
				1,
				-9.217,
				1,
				1.156,
				-9.217,
				1.311,
				21.464,
				1.467,
				21.464,
				1,
				1.622,
				21.464,
				1.778,
				-9.217,
				1.933,
				-9.217,
				1,
				2.078,
				-9.217,
				2.222,
				21.464,
				2.367,
				21.464,
				1,
				2.533,
				21.464,
				2.7,
				-9.217,
				2.867,
				-9.217,
				1,
				2.933,
				-9.217,
				3,
				5.224,
				3.067,
				5.224
			]
		},
		{
			"Target": "Parameter",
			"Id": "Param8",
			"Segments": [
				0,
				8.006,
				1,
				0.067,
				7.273,
				0.133,
				-5,
				0.2,
				-5,
				1,
				0.322,
				-5,
				0.444,
				18.545,
				0.567,
				18.544,
				1,
				0.733,
				18.545,
				0.9,
				-5.532,
				1.067,
				-5.532,
				1,
				1.222,
				-5.532,
				1.378,
				18.545,
				1.533,
				18.544,
				1,
				1.689,
				18.545,
				1.844,
				-5.532,
				2,
				-5.532,
				1,
				2.156,
				-5.532,
				2.311,
				18.545,
				2.467,
				18.544,
				1,
				2.622,
				18.545,
				2.778,
				-5.532,
				2.933,
				-5.532,
				1,
				2.978,
				-5.532,
				3.022,
				8.006,
				3.067,
				8.006
			]
		},
		{
			"Target": "Parameter",
			"Id": "Param10",
			"Segments": [
				0,
				1.701,
				1,
				0.089,
				2.106,
				0.178,
				3.744,
				0.267,
				3.744,
				1,
				0.411,
				3.744,
				0.556,
				0.653,
				0.7,
				0.653,
				1,
				0.856,
				0.653,
				1.011,
				3.744,
				1.167,
				3.744,
				1,
				1.322,
				3.744,
				1.478,
				0.653,
				1.633,
				0.653,
				1,
				1.789,
				0.653,
				1.944,
				3.744,
				2.1,
				3.744,
				1,
				2.256,
				3.744,
				2.411,
				0.653,
				2.567,
				0.653,
				1,
				2.733,
				0.653,
				2.9,
				1.701,
				3.067,
				1.701
			]
		},
		{
			"Target": "Parameter",
			"Id": "Param11",
			"Segments": [
				0,
				-1.443,
				1,
				0.1,
				-0.821,
				0.2,
				2.531,
				0.3,
				2.531,
				1,
				0.456,
				2.531,
				0.611,
				-3.561,
				0.767,
				-3.561,
				1,
				0.922,
				-3.561,
				1.078,
				2.531,
				1.233,
				2.531,
				1,
				1.389,
				2.531,
				1.544,
				-3.561,
				1.7,
				-3.561,
				1,
				1.856,
				-3.561,
				2.011,
				2.531,
				2.167,
				2.531,
				1,
				2.322,
				2.531,
				2.478,
				-3.561,
				2.633,
				-3.561,
				1,
				2.778,
				-3.561,
				2.922,
				-1.443,
				3.067,
				-1.443
			]
		},
		{
			"Target": "Parameter",
			"Id": "Param12",
			"Segments": [
				0,
				-3.121,
				1,
				0.122,
				-3.121,
				0.244,
				11.928,
				0.367,
				11.928,
				1,
				0.522,
				11.928,
				0.678,
				-16.648,
				0.833,
				-16.648,
				1,
				1,
				-16.648,
				1.167,
				11.928,
				1.333,
				11.928,
				1,
				1.478,
				11.928,
				1.622,
				-16.648,
				1.767,
				-16.648,
				1,
				1.933,
				-16.648,
				2.1,
				11.928,
				2.267,
				11.928,
				1,
				2.411,
				11.928,
				2.556,
				-16.648,
				2.7,
				-16.648,
				1,
				2.822,
				-16.648,
				2.944,
				-3.121,
				3.067,
				-3.121
			]
		},
		{
			"Target": "Parameter",
			"Id": "Param13",
			"Segments": [
				0,
				-9.832,
				1,
				0.144,
				-9.127,
				0.289,
				9.098,
				0.433,
				9.098,
				1,
				0.6,
				9.098,
				0.767,
				-22.215,
				0.933,
				-22.215,
				1,
				1.089,
				-22.215,
				1.244,
				9.098,
				1.4,
				9.098,
				1,
				1.556,
				9.098,
				1.711,
				-22.215,
				1.867,
				-22.215,
				1,
				2.022,
				-22.215,
				2.178,
				9.098,
				2.333,
				9.098,
				1,
				2.489,
				9.098,
				2.644,
				-22.215,
				2.8,
				-22.215,
				1,
				2.889,
				-22.215,
				2.978,
				-9.832,
				3.067,
				-9.832
			]
		},
		{
			"Target": "Parameter",
			"Id": "Param14",
			"Segments": [
				0,
				17.992,
				1,
				0.167,
				20.54,
				0.333,
				30,
				0.5,
				30,
				1,
				0.678,
				30,
				0.856,
				0.607,
				1.033,
				0.607,
				1,
				1.189,
				0.607,
				1.344,
				30,
				1.5,
				30,
				1,
				1.644,
				30,
				1.789,
				0.607,
				1.933,
				0.607,
				1,
				2.1,
				0.607,
				2.267,
				30,
				2.433,
				30,
				1,
				2.578,
				30,
				2.722,
				0.607,
				2.867,
				0.607,
				1,
				2.933,
				0.607,
				3,
				17.992,
				3.067,
				17.992
			]
		},
		{
			"Target": "Parameter",
			"Id": "Param6",
			"Segments": [
				0,
				7.81,
				1,
				0.1,
				5.647,
				0.2,
				-7.98,
				0.3,
				-7.98,
				1,
				0.444,
				-7.98,
				0.589,
				21.751,
				0.733,
				21.751,
				1,
				0.9,
				21.751,
				1.067,
				-7.98,
				1.233,
				-7.98,
				1,
				1.378,
				-7.98,
				1.522,
				21.751,
				1.667,
				21.751,
				1,
				1.833,
				21.751,
				2,
				-7.98,
				2.167,
				-7.98,
				1,
				2.311,
				-7.98,
				2.456,
				21.751,
				2.6,
				21.751,
				1,
				2.756,
				21.751,
				2.911,
				7.81,
				3.067,
				7.81
			]
		},
		{
			"Target": "Parameter",
			"Id": "Param7",
			"Segments": [
				0,
				-1.584,
				1,
				0.144,
				-7.992,
				0.289,
				-19.577,
				0.433,
				-19.577,
				1,
				0.578,
				-19.577,
				0.722,
				14.719,
				0.867,
				14.719,
				1,
				1.033,
				14.719,
				1.2,
				-19.577,
				1.367,
				-19.577,
				1,
				1.511,
				-19.577,
				1.656,
				14.719,
				1.8,
				14.719,
				1,
				1.967,
				14.719,
				2.133,
				-19.577,
				2.3,
				-19.577,
				1,
				2.444,
				-19.577,
				2.589,
				14.719,
				2.733,
				14.719,
				1,
				2.844,
				14.719,
				2.956,
				-1.584,
				3.067,
				-1.584
			]
		},
		{
			"Target": "Parameter",
			"Id": "Param15",
			"Segments": [
				0,
				0.597,
				1,
				0.1,
				2.04,
				0.2,
				6.728,
				0.3,
				6.728,
				1,
				0.456,
				6.728,
				0.611,
				-6.345,
				0.767,
				-6.345,
				1,
				0.933,
				-6.345,
				1.1,
				6.728,
				1.267,
				6.728,
				1,
				1.411,
				6.728,
				1.556,
				-6.345,
				1.7,
				-6.345,
				1,
				1.867,
				-6.345,
				2.033,
				6.728,
				2.2,
				6.728,
				1,
				2.344,
				6.728,
				2.489,
				-6.345,
				2.633,
				-6.345,
				1,
				2.778,
				-6.345,
				2.922,
				0.597,
				3.067,
				0.597
			]
		},
		{
			"Target": "Parameter",
			"Id": "Param16",
			"Segments": [
				0,
				-4.877,
				1,
				0.144,
				-2.752,
				0.289,
				1.081,
				0.433,
				1.081,
				1,
				0.578,
				1.081,
				0.722,
				-10.706,
				0.867,
				-10.706,
				1,
				1.033,
				-10.706,
				1.2,
				1.081,
				1.367,
				1.081,
				1,
				1.511,
				1.081,
				1.656,
				-10.706,
				1.8,
				-10.706,
				1,
				1.967,
				-10.706,
				2.133,
				1.081,
				2.3,
				1.081,
				1,
				2.444,
				1.081,
				2.589,
				-10.706,
				2.733,
				-10.706,
				1,
				2.844,
				-10.706,
				2.956,
				-4.877,
				3.067,
				-4.877
			]
		},
		{
			"Target": "Parameter",
			"Id": "Param17",
			"Segments": [
				0,
				-0.898,
				1,
				0.1,
				0.486,
				0.2,
				6.987,
				0.3,
				6.987,
				1,
				0.444,
				6.987,
				0.589,
				-6.515,
				0.733,
				-6.515,
				1,
				0.9,
				-6.515,
				1.067,
				6.987,
				1.233,
				6.987,
				1,
				1.378,
				6.987,
				1.522,
				-6.515,
				1.667,
				-6.515,
				1,
				1.833,
				-6.515,
				2,
				6.987,
				2.167,
				6.987,
				1,
				2.311,
				6.987,
				2.456,
				-6.515,
				2.6,
				-6.515,
				1,
				2.756,
				-6.515,
				2.911,
				-0.898,
				3.067,
				-0.898
			]
		},
		{
			"Target": "Parameter",
			"Id": "Param18",
			"Segments": [
				0,
				-6.337,
				1,
				0.133,
				-4.587,
				0.267,
				0.762,
				0.4,
				0.762,
				1,
				0.544,
				0.762,
				0.689,
				-12.468,
				0.833,
				-12.467,
				1,
				1,
				-12.468,
				1.167,
				0.762,
				1.333,
				0.762,
				1,
				1.478,
				0.762,
				1.622,
				-12.468,
				1.767,
				-12.467,
				1,
				1.933,
				-12.468,
				2.1,
				0.762,
				2.267,
				0.762,
				1,
				2.411,
				0.762,
				2.556,
				-12.468,
				2.7,
				-12.467,
				1,
				2.822,
				-12.468,
				2.944,
				-6.337,
				3.067,
				-6.337
			]
		},
		{
			"Target": "Parameter",
			"Id": "Param19",
			"Segments": [
				0,
				-1.778,
				1,
				0.111,
				-0.287,
				0.222,
				6.225,
				0.333,
				6.225,
				1,
				0.489,
				6.225,
				0.644,
				-6.988,
				0.8,
				-6.987,
				1,
				0.967,
				-6.988,
				1.133,
				6.225,
				1.3,
				6.225,
				1,
				1.444,
				6.225,
				1.589,
				-6.988,
				1.733,
				-6.987,
				1,
				1.9,
				-6.988,
				2.067,
				6.225,
				2.233,
				6.225,
				1,
				2.378,
				6.225,
				2.522,
				-6.988,
				2.667,
				-6.987,
				1,
				2.8,
				-6.988,
				2.933,
				-1.778,
				3.067,
				-1.778
			]
		},
		{
			"Target": "Parameter",
			"Id": "Param20",
			"Segments": [
				0,
				-7.029,
				1,
				0.144,
				-5.288,
				0.289,
				0.407,
				0.433,
				0.406,
				1,
				0.589,
				0.407,
				0.744,
				-14.409,
				0.9,
				-14.409,
				1,
				1.067,
				-14.409,
				1.233,
				0.407,
				1.4,
				0.406,
				1,
				1.544,
				0.407,
				1.689,
				-14.409,
				1.833,
				-14.409,
				1,
				2,
				-14.409,
				2.167,
				0.407,
				2.333,
				0.406,
				1,
				2.478,
				0.407,
				2.622,
				-14.409,
				2.767,
				-14.409,
				1,
				2.867,
				-14.409,
				2.967,
				-7.029,
				3.067,
				-7.029
			]
		},
		{
			"Target": "Parameter",
			"Id": "Param21",
			"Segments": [
				0,
				-2.647,
				1,
				0.111,
				-1.29,
				0.222,
				9.928,
				0.333,
				9.928,
				1,
				0.489,
				9.928,
				0.644,
				-25.282,
				0.8,
				-25.282,
				1,
				0.967,
				-25.282,
				1.133,
				9.928,
				1.3,
				9.928,
				1,
				1.444,
				9.928,
				1.589,
				-25.282,
				1.733,
				-25.282,
				1,
				1.9,
				-25.282,
				2.067,
				9.928,
				2.233,
				9.928,
				1,
				2.378,
				9.928,
				2.522,
				-25.282,
				2.667,
				-25.282,
				1,
				2.8,
				-25.282,
				2.933,
				-2.647,
				3.067,
				-2.647
			]
		},
		{
			"Target": "Parameter",
			"Id": "Param22",
			"Segments": [
				0,
				-7.397,
				1,
				0.144,
				-5.683,
				0.289,
				4.668,
				0.433,
				4.668,
				1,
				0.622,
				4.668,
				0.811,
				-26.13,
				1,
				-26.13,
				1,
				1.133,
				-26.13,
				1.267,
				4.668,
				1.4,
				4.668,
				1,
				1.578,
				4.668,
				1.756,
				-26.13,
				1.933,
				-26.13,
				1,
				2.056,
				-26.13,
				2.178,
				4.668,
				2.3,
				4.668,
				1,
				2.489,
				4.668,
				2.678,
				-26.13,
				2.867,
				-26.13,
				1,
				2.933,
				-26.13,
				3,
				-7.397,
				3.067,
				-7.397
			]
		},
		{
			"Target": "Parameter",
			"Id": "Param23",
			"Segments": [
				0,
				-4.647,
				1,
				0.1,
				-3.457,
				0.2,
				5.785,
				0.3,
				5.785,
				1,
				0.456,
				5.785,
				0.611,
				-26.13,
				0.767,
				-26.13,
				1,
				0.933,
				-26.13,
				1.1,
				5.785,
				1.267,
				5.785,
				1,
				1.411,
				5.785,
				1.556,
				-26.13,
				1.7,
				-26.13,
				1,
				1.867,
				-26.13,
				2.033,
				5.785,
				2.2,
				5.785,
				1,
				2.344,
				5.785,
				2.489,
				-26.13,
				2.633,
				-26.13,
				1,
				2.778,
				-26.13,
				2.922,
				-4.647,
				3.067,
				-4.647
			]
		},
		{
			"Target": "Parameter",
			"Id": "Param24",
			"Segments": [
				0,
				-13.284,
				1,
				0.144,
				-11.27,
				0.289,
				1.31,
				0.433,
				1.31,
				1,
				0.611,
				1.31,
				0.789,
				-25.908,
				0.967,
				-25.908,
				1,
				1.1,
				-25.908,
				1.233,
				1.31,
				1.367,
				1.31,
				1,
				1.544,
				1.31,
				1.722,
				-25.908,
				1.9,
				-25.908,
				1,
				2.033,
				-25.908,
				2.167,
				1.31,
				2.3,
				1.31,
				1,
				2.478,
				1.31,
				2.656,
				-25.908,
				2.833,
				-25.908,
				1,
				2.911,
				-25.908,
				2.989,
				-13.284,
				3.067,
				-13.284
			]
		},
		{
			"Target": "Parameter",
			"Id": "Param25",
			"Segments": [
				0,
				-20.52,
				1,
				0.089,
				-16.326,
				0.178,
				14.8,
				0.267,
				14.8,
				1,
				0.411,
				14.8,
				0.556,
				-28.464,
				0.7,
				-28.464,
				1,
				0.867,
				-28.464,
				1.033,
				14.8,
				1.2,
				14.8,
				1,
				1.344,
				14.8,
				1.489,
				-28.464,
				1.633,
				-28.464,
				1,
				1.8,
				-28.464,
				1.967,
				14.8,
				2.133,
				14.8,
				1,
				2.278,
				14.8,
				2.422,
				-28.464,
				2.567,
				-28.464,
				1,
				2.733,
				-28.464,
				2.9,
				-20.52,
				3.067,
				-20.52
			]
		},
		{
			"Target": "Parameter",
			"Id": "Param31",
			"Segments": [
				0,
				-17.787,
				1,
				0.122,
				-17.787,
				0.244,
				19.297,
				0.367,
				19.297,
				1,
				0.522,
				19.297,
				0.678,
				-24.884,
				0.833,
				-24.884,
				1,
				1,
				-24.884,
				1.167,
				19.297,
				1.333,
				19.297,
				1,
				1.467,
				19.297,
				1.6,
				-24.884,
				1.733,
				-24.884,
				1,
				1.911,
				-24.884,
				2.089,
				19.297,
				2.267,
				19.297,
				1,
				2.4,
				19.297,
				2.533,
				-24.884,
				2.667,
				-24.884,
				1,
				2.8,
				-24.884,
				2.933,
				-17.787,
				3.067,
				-17.787
			]
		},
		{
			"Target": "Parameter",
			"Id": "Param26",
			"Segments": [
				0,
				15.684,
				1,
				0.1,
				15.684,
				0.2,
				21,
				0.3,
				21,
				1,
				0.456,
				21,
				0.611,
				-1.888,
				0.767,
				-1.888,
				1,
				0.933,
				-1.888,
				1.1,
				21,
				1.267,
				21,
				1,
				1.411,
				21,
				1.556,
				-1.888,
				1.7,
				-1.888,
				1,
				1.867,
				-1.888,
				2.033,
				21,
				2.2,
				21,
				1,
				2.344,
				21,
				2.489,
				-1.888,
				2.633,
				-1.888,
				1,
				2.778,
				-1.888,
				2.922,
				15.684,
				3.067,
				15.684
			]
		},
		{
			"Target": "Parameter",
			"Id": "Param32",
			"Segments": [
				0,
				11.179,
				1,
				0.144,
				18.782,
				0.289,
				25.107,
				0.433,
				25.107,
				1,
				0.578,
				25.107,
				0.722,
				-3.817,
				0.867,
				-3.817,
				1,
				1.033,
				-3.817,
				1.2,
				25.107,
				1.367,
				25.107,
				1,
				1.511,
				25.107,
				1.656,
				-3.817,
				1.8,
				-3.817,
				1,
				1.967,
				-3.817,
				2.133,
				25.107,
				2.3,
				25.107,
				1,
				2.444,
				25.107,
				2.589,
				-3.817,
				2.733,
				-3.817,
				1,
				2.844,
				-3.817,
				2.956,
				11.179,
				3.067,
				11.179
			]
		},
		{
			"Target": "Parameter",
			"Id": "Param27",
			"Segments": [
				0,
				-7.945,
				1,
				0.089,
				-7.945,
				0.178,
				22.107,
				0.267,
				22.107,
				1,
				0.411,
				22.107,
				0.556,
				-19.155,
				0.7,
				-19.155,
				1,
				0.867,
				-19.155,
				1.033,
				22.107,
				1.2,
				22.107,
				1,
				1.344,
				22.107,
				1.489,
				-19.155,
				1.633,
				-19.155,
				1,
				1.8,
				-19.155,
				1.967,
				22.107,
				2.133,
				22.107,
				1,
				2.278,
				22.107,
				2.422,
				-19.155,
				2.567,
				-19.155,
				1,
				2.733,
				-19.155,
				2.9,
				-7.945,
				3.067,
				-7.945
			]
		},
		{
			"Target": "Parameter",
			"Id": "Param29",
			"Segments": [
				0,
				1.942,
				1,
				0.122,
				1.942,
				0.244,
				25.107,
				0.367,
				25.107,
				1,
				0.522,
				25.107,
				0.678,
				-11.317,
				0.833,
				-11.317,
				1,
				1,
				-11.317,
				1.167,
				25.107,
				1.333,
				25.107,
				1,
				1.467,
				25.107,
				1.6,
				-11.317,
				1.733,
				-11.317,
				1,
				1.911,
				-11.317,
				2.089,
				25.107,
				2.267,
				25.107,
				1,
				2.4,
				25.107,
				2.533,
				-11.317,
				2.667,
				-11.317,
				1,
				2.8,
				-11.317,
				2.933,
				1.942,
				3.067,
				1.942
			]
		},
		{
			"Target": "Parameter",
			"Id": "Param28",
			"Segments": [
				0,
				10.922,
				1,
				0.1,
				16.403,
				0.2,
				24.107,
				0.3,
				24.107,
				1,
				0.456,
				24.107,
				0.611,
				-7.3,
				0.767,
				-7.3,
				1,
				0.933,
				-7.3,
				1.1,
				24.107,
				1.267,
				24.107,
				1,
				1.411,
				24.107,
				1.556,
				-7.3,
				1.7,
				-7.3,
				1,
				1.867,
				-7.3,
				2.033,
				24.107,
				2.2,
				24.107,
				1,
				2.344,
				24.107,
				2.489,
				-7.3,
				2.633,
				-7.3,
				1,
				2.778,
				-7.3,
				2.922,
				10.922,
				3.067,
				10.922
			]
		},
		{
			"Target": "Parameter",
			"Id": "Param30",
			"Segments": [
				0,
				-1.141,
				1,
				0.144,
				10.864,
				0.289,
				27.107,
				0.433,
				27.107,
				1,
				0.578,
				27.107,
				0.722,
				-17.597,
				0.867,
				-17.597,
				1,
				1.033,
				-17.597,
				1.2,
				27.107,
				1.367,
				27.107,
				1,
				1.511,
				27.107,
				1.656,
				-17.597,
				1.8,
				-17.597,
				1,
				1.967,
				-17.597,
				2.133,
				27.107,
				2.3,
				27.107,
				1,
				2.444,
				27.107,
				2.589,
				-17.597,
				2.733,
				-17.597,
				1,
				2.844,
				-17.597,
				2.956,
				-1.141,
				3.067,
				-1.141
			]
		},
		{
			"Target": "Parameter",
			"Id": "Param42",
			"Segments": [
				0,
				-10.929,
				1,
				0.1,
				-10.929,
				0.2,
				4.932,
				0.3,
				4.932,
				1,
				0.444,
				4.932,
				0.589,
				-26.696,
				0.733,
				-26.696,
				1,
				0.9,
				-26.696,
				1.067,
				4.932,
				1.233,
				4.932,
				1,
				1.378,
				4.932,
				1.522,
				-26.696,
				1.667,
				-26.696,
				1,
				1.833,
				-26.696,
				2,
				4.932,
				2.167,
				4.932,
				1,
				2.311,
				4.932,
				2.456,
				-26.696,
				2.6,
				-26.696,
				1,
				2.756,
				-26.696,
				2.911,
				-10.929,
				3.067,
				-10.929
			]
		},
		{
			"Target": "Parameter",
			"Id": "Param43",
			"Segments": [
				0,
				0,
				1,
				1.022,
				0,
				2.044,
				0,
				3.067,
				0
			]
		},
		{
			"Target": "Parameter",
			"Id": "Param44",
			"Segments": [
				0,
				-10.929,
				1,
				0.1,
				-16.053,
				0.2,
				-25.264,
				0.3,
				-25.264,
				1,
				0.456,
				-25.264,
				0.611,
				3.7,
				0.767,
				3.7,
				1,
				0.933,
				3.7,
				1.1,
				-25.264,
				1.267,
				-25.264,
				1,
				1.411,
				-25.264,
				1.556,
				3.7,
				1.7,
				3.7,
				1,
				1.867,
				3.7,
				2.033,
				-25.264,
				2.2,
				-25.264,
				1,
				2.344,
				-25.264,
				2.489,
				3.7,
				2.633,
				3.7,
				1,
				2.778,
				3.7,
				2.922,
				-10.929,
				3.067,
				-10.929
			]
		},
		{
			"Target": "Parameter",
			"Id": "Param45",
			"Segments": [
				0,
				0,
				1,
				1.022,
				0,
				2.044,
				0,
				3.067,
				0
			]
		},
		{
			"Target": "Parameter",
			"Id": "Param167",
			"Segments": [
				0,
				0,
				0,
				3.067,
				0
			]
		},
		{
			"Target": "Parameter",
			"Id": "Param194",
			"Segments": [
				0,
				0,
				0,
				3.067,
				0
			]
		},
		{
			"Target": "Parameter",
			"Id": "Param190",
			"Segments": [
				0,
				0,
				0,
				3.067,
				0
			]
		},
		{
			"Target": "Parameter",
			"Id": "Param185",
			"Segments": [
				0,
				0,
				0,
				3.067,
				0
			]
		},
		{
			"Target": "Parameter",
			"Id": "Param186",
			"Segments": [
				0,
				0,
				0,
				3.067,
				0
			]
		},
		{
			"Target": "Parameter",
			"Id": "Param187",
			"Segments": [
				0,
				0,
				0,
				3.067,
				0
			]
		},
		{
			"Target": "Parameter",
			"Id": "fajiafaguang",
			"Segments": [
				0,
				0,
				1,
				0.9,
				0,
				1.8,
				0,
				2.7,
				0,
				1,
				2.822,
				0,
				2.944,
				0,
				3.067,
				0
			]
		},
		{
			"Target": "Parameter",
			"Id": "Param70",
			"Segments": [
				0,
				0,
				1,
				0.9,
				0,
				1.8,
				0,
				2.7,
				0,
				1,
				2.822,
				0,
				2.944,
				0,
				3.067,
				0
			]
		},
		{
			"Target": "Parameter",
			"Id": "Param9",
			"Segments": [
				0,
				0,
				1,
				0.9,
				0,
				1.8,
				0,
				2.7,
				0,
				1,
				2.822,
				0,
				2.944,
				0,
				3.067,
				0
			]
		},
		{
			"Target": "Parameter",
			"Id": "Param72",
			"Segments": [
				0,
				0,
				1,
				0.211,
				0,
				0.422,
				5,
				0.633,
				5,
				1,
				0.8,
				5,
				0.967,
				0,
				1.133,
				0,
				1,
				1.322,
				0,
				1.511,
				5,
				1.7,
				5,
				1,
				1.867,
				5,
				2.033,
				0,
				2.2,
				0,
				1,
				2.389,
				0,
				2.578,
				4.955,
				2.767,
				4.955,
				1,
				2.867,
				4.955,
				2.967,
				0,
				3.067,
				0
			]
		},
		{
			"Target": "Parameter",
			"Id": "Param73",
			"Segments": [
				0,
				1.948,
				1,
				0.1,
				1.948,
				0.2,
				-4,
				0.3,
				-4,
				1,
				0.467,
				-4,
				0.633,
				1,
				0.8,
				1,
				1,
				0.989,
				1,
				1.178,
				-4,
				1.367,
				-4,
				1,
				1.533,
				-4,
				1.7,
				1,
				1.867,
				1,
				1,
				2.067,
				1,
				2.267,
				-4,
				2.467,
				-4,
				1,
				2.567,
				-4,
				2.667,
				-3.404,
				2.767,
				-1.469,
				1,
				2.867,
				0.466,
				2.967,
				1.948,
				3.067,
				1.948
			]
		},
		{
			"Target": "Parameter",
			"Id": "Param77",
			"Segments": [
				0,
				0,
				1,
				0.156,
				0,
				0.311,
				-7,
				0.467,
				-7,
				1,
				0.633,
				-7,
				0.8,
				1,
				0.967,
				1,
				1,
				1.156,
				1,
				1.344,
				-7,
				1.533,
				-7,
				1,
				1.7,
				-7,
				1.867,
				1,
				2.033,
				1,
				1,
				2.233,
				1,
				2.433,
				-7,
				2.633,
				-7,
				1,
				2.678,
				-7,
				2.722,
				-7.032,
				2.767,
				-5.773,
				1,
				2.867,
				-2.938,
				2.967,
				0,
				3.067,
				0
			]
		},
		{
			"Target": "Parameter",
			"Id": "Param119",
			"Segments": [
				0,
				0,
				1,
				0.9,
				0,
				1.8,
				0,
				2.7,
				0,
				1,
				2.822,
				0,
				2.944,
				0,
				3.067,
				0
			]
		},
		{
			"Target": "Parameter",
			"Id": "Param120",
			"Segments": [
				0,
				0,
				1,
				0.9,
				0,
				1.8,
				0,
				2.7,
				0,
				1,
				2.822,
				0,
				2.944,
				0,
				3.067,
				0
			]
		},
		{
			"Target": "Parameter",
			"Id": "Param56",
			"Segments": [
				0,
				0,
				1,
				0.9,
				0,
				1.8,
				0,
				2.7,
				0,
				1,
				2.822,
				0,
				2.944,
				0,
				3.067,
				0
			]
		},
		{
			"Target": "Parameter",
			"Id": "Param74",
			"Segments": [
				0,
				0,
				1,
				0.211,
				0,
				0.422,
				4,
				0.633,
				4,
				1,
				0.8,
				4,
				0.967,
				0,
				1.133,
				0,
				1,
				1.322,
				0,
				1.511,
				4,
				1.7,
				4,
				1,
				1.867,
				4,
				2.033,
				0,
				2.2,
				0,
				1,
				2.389,
				0,
				2.578,
				3.964,
				2.767,
				3.964,
				1,
				2.867,
				3.964,
				2.967,
				0,
				3.067,
				0
			]
		},
		{
			"Target": "Parameter",
			"Id": "Param75",
			"Segments": [
				0,
				2.709,
				1,
				0.1,
				1.605,
				0.2,
				-4,
				0.3,
				-4,
				1,
				0.467,
				-4,
				0.633,
				1,
				0.8,
				1,
				1,
				0.989,
				1,
				1.178,
				-4,
				1.367,
				-4,
				1,
				1.533,
				-4,
				1.7,
				1,
				1.867,
				1,
				1,
				2.067,
				1,
				2.267,
				-4,
				2.467,
				-4,
				1,
				2.567,
				-4,
				2.667,
				-3.327,
				2.767,
				-1.145,
				1,
				2.867,
				1.037,
				2.967,
				2.709,
				3.067,
				2.709
			]
		},
		{
			"Target": "Parameter",
			"Id": "Param76",
			"Segments": [
				0,
				0,
				1,
				0.156,
				0,
				0.311,
				-7,
				0.467,
				-7,
				1,
				0.633,
				-7,
				0.8,
				1,
				0.967,
				1,
				1,
				1.156,
				1,
				1.344,
				-7,
				1.533,
				-7,
				1,
				1.7,
				-7,
				1.867,
				1,
				2.033,
				1,
				1,
				2.233,
				1,
				2.433,
				-7,
				2.633,
				-7,
				1,
				2.678,
				-7,
				2.722,
				-7.032,
				2.767,
				-5.773,
				1,
				2.867,
				-2.938,
				2.967,
				0,
				3.067,
				0
			]
		},
		{
			"Target": "Parameter",
			"Id": "Param118",
			"Segments": [
				0,
				0,
				1,
				0.9,
				0,
				1.8,
				0,
				2.7,
				0,
				1,
				2.822,
				0,
				2.944,
				0,
				3.067,
				0
			]
		},
		{
			"Target": "Parameter",
			"Id": "Param33",
			"Segments": [
				0,
				0,
				1,
				0.9,
				0,
				1.8,
				0,
				2.7,
				0,
				1,
				2.822,
				0,
				2.944,
				0,
				3.067,
				0
			]
		},
		{
			"Target": "Parameter",
			"Id": "Param34",
			"Segments": [
				0,
				0,
				1,
				0.9,
				0,
				1.8,
				0,
				2.7,
				0,
				1,
				2.822,
				0,
				2.944,
				0,
				3.067,
				0
			]
		},
		{
			"Target": "Parameter",
			"Id": "Param35",
			"Segments": [
				0,
				0,
				1,
				0.9,
				0,
				1.8,
				0,
				2.7,
				0,
				1,
				2.822,
				0,
				2.944,
				0,
				3.067,
				0
			]
		},
		{
			"Target": "Parameter",
			"Id": "Param36",
			"Segments": [
				0,
				0,
				1,
				0.9,
				0,
				1.8,
				0,
				2.7,
				0,
				1,
				2.822,
				0,
				2.944,
				0,
				3.067,
				0
			]
		},
		{
			"Target": "Parameter",
			"Id": "Param89",
			"Segments": [
				0,
				0,
				1,
				0.9,
				0,
				1.8,
				0,
				2.7,
				0,
				1,
				2.822,
				0,
				2.944,
				0,
				3.067,
				0
			]
		},
		{
			"Target": "Parameter",
			"Id": "Param90",
			"Segments": [
				0,
				0,
				1,
				0.9,
				0,
				1.8,
				0,
				2.7,
				0,
				1,
				2.822,
				0,
				2.944,
				0,
				3.067,
				0
			]
		},
		{
			"Target": "Parameter",
			"Id": "Param91",
			"Segments": [
				0,
				-30,
				1,
				0.9,
				-30,
				1.8,
				-30,
				2.7,
				-30,
				1,
				2.822,
				-30,
				2.944,
				-30,
				3.067,
				-30
			]
		},
		{
			"Target": "Parameter",
			"Id": "Param92",
			"Segments": [
				0,
				0,
				1,
				0.9,
				0,
				1.8,
				0,
				2.7,
				0,
				1,
				2.822,
				0,
				2.944,
				0,
				3.067,
				0
			]
		},
		{
			"Target": "Parameter",
			"Id": "Param93",
			"Segments": [
				0,
				0,
				1,
				0.9,
				0,
				1.8,
				0,
				2.7,
				0,
				1,
				2.822,
				0,
				2.944,
				0,
				3.067,
				0
			]
		},
		{
			"Target": "Parameter",
			"Id": "Param94",
			"Segments": [
				0,
				0,
				1,
				0.9,
				0,
				1.8,
				0,
				2.7,
				0,
				1,
				2.822,
				0,
				2.944,
				0,
				3.067,
				0
			]
		},
		{
			"Target": "Parameter",
			"Id": "Param95",
			"Segments": [
				0,
				0,
				1,
				0.9,
				0,
				1.8,
				0,
				2.7,
				0,
				1,
				2.822,
				0,
				2.944,
				0,
				3.067,
				0
			]
		},
		{
			"Target": "Parameter",
			"Id": "Param96",
			"Segments": [
				0,
				0,
				1,
				0.9,
				0,
				1.8,
				0,
				2.7,
				0,
				1,
				2.822,
				0,
				2.944,
				0,
				3.067,
				0
			]
		},
		{
			"Target": "Parameter",
			"Id": "Param98",
			"Segments": [
				0,
				0,
				1,
				0.9,
				0,
				1.8,
				0,
				2.7,
				0,
				1,
				2.822,
				0,
				2.944,
				0,
				3.067,
				0
			]
		},
		{
			"Target": "Parameter",
			"Id": "Param99",
			"Segments": [
				0,
				0,
				1,
				0.9,
				0,
				1.8,
				0,
				2.7,
				0,
				1,
				2.822,
				0,
				2.944,
				0,
				3.067,
				0
			]
		},
		{
			"Target": "Parameter",
			"Id": "Param100",
			"Segments": [
				0,
				0,
				1,
				0.9,
				0,
				1.8,
				0,
				2.7,
				0,
				1,
				2.822,
				0,
				2.944,
				0,
				3.067,
				0
			]
		},
		{
			"Target": "Parameter",
			"Id": "Param101",
			"Segments": [
				0,
				0,
				1,
				0.9,
				0,
				1.8,
				0,
				2.7,
				0,
				1,
				2.822,
				0,
				2.944,
				0,
				3.067,
				0
			]
		},
		{
			"Target": "Parameter",
			"Id": "Param102",
			"Segments": [
				0,
				0,
				1,
				0.9,
				0,
				1.8,
				0,
				2.7,
				0,
				1,
				2.822,
				0,
				2.944,
				0,
				3.067,
				0
			]
		},
		{
			"Target": "Parameter",
			"Id": "Param103",
			"Segments": [
				0,
				0,
				1,
				0.9,
				0,
				1.8,
				0,
				2.7,
				0,
				1,
				2.822,
				0,
				2.944,
				0,
				3.067,
				0
			]
		},
		{
			"Target": "Parameter",
			"Id": "Param97",
			"Segments": [
				0,
				-30,
				1,
				0.9,
				-30,
				1.8,
				-30,
				2.7,
				-30,
				1,
				2.822,
				-30,
				2.944,
				-30,
				3.067,
				-30
			]
		},
		{
			"Target": "Parameter",
			"Id": "Param112",
			"Segments": [
				0,
				0,
				1,
				0.9,
				0,
				1.8,
				0,
				2.7,
				0,
				1,
				2.822,
				0,
				2.944,
				0,
				3.067,
				0
			]
		},
		{
			"Target": "Parameter",
			"Id": "Param113",
			"Segments": [
				0,
				0,
				1,
				0.9,
				0,
				1.8,
				0,
				2.7,
				0,
				1,
				2.822,
				0,
				2.944,
				0,
				3.067,
				0
			]
		},
		{
			"Target": "Parameter",
			"Id": "Param114",
			"Segments": [
				0,
				0,
				1,
				0.9,
				0,
				1.8,
				0,
				2.7,
				0,
				1,
				2.822,
				0,
				2.944,
				0,
				3.067,
				0
			]
		},
		{
			"Target": "Parameter",
			"Id": "Param115",
			"Segments": [
				0,
				0,
				1,
				0.9,
				0,
				1.8,
				0,
				2.7,
				0,
				1,
				2.822,
				0,
				2.944,
				0,
				3.067,
				0
			]
		},
		{
			"Target": "Parameter",
			"Id": "Param116",
			"Segments": [
				0,
				0,
				1,
				0.9,
				0,
				1.8,
				0,
				2.7,
				0,
				1,
				2.822,
				0,
				2.944,
				0,
				3.067,
				0
			]
		},
		{
			"Target": "Parameter",
			"Id": "Param117",
			"Segments": [
				0,
				0,
				1,
				0.9,
				0,
				1.8,
				0,
				2.7,
				0,
				1,
				2.822,
				0,
				2.944,
				0,
				3.067,
				0
			]
		},
		{
			"Target": "Parameter",
			"Id": "Param105",
			"Segments": [
				0,
				-30,
				1,
				0.9,
				-30,
				1.8,
				-30,
				2.7,
				-30,
				1,
				2.822,
				-30,
				2.944,
				-30,
				3.067,
				-30
			]
		},
		{
			"Target": "Parameter",
			"Id": "Param106",
			"Segments": [
				0,
				0,
				1,
				0.9,
				0,
				1.8,
				0,
				2.7,
				0,
				1,
				2.822,
				0,
				2.944,
				0,
				3.067,
				0
			]
		},
		{
			"Target": "Parameter",
			"Id": "Param107",
			"Segments": [
				0,
				0,
				1,
				0.9,
				0,
				1.8,
				0,
				2.7,
				0,
				1,
				2.822,
				0,
				2.944,
				0,
				3.067,
				0
			]
		},
		{
			"Target": "Parameter",
			"Id": "Param108",
			"Segments": [
				0,
				0,
				1,
				0.9,
				0,
				1.8,
				0,
				2.7,
				0,
				1,
				2.822,
				0,
				2.944,
				0,
				3.067,
				0
			]
		},
		{
			"Target": "Parameter",
			"Id": "Param109",
			"Segments": [
				0,
				0,
				1,
				0.9,
				0,
				1.8,
				0,
				2.7,
				0,
				1,
				2.822,
				0,
				2.944,
				0,
				3.067,
				0
			]
		},
		{
			"Target": "Parameter",
			"Id": "Param110",
			"Segments": [
				0,
				0,
				1,
				0.9,
				0,
				1.8,
				0,
				2.7,
				0,
				1,
				2.822,
				0,
				2.944,
				0,
				3.067,
				0
			]
		},
		{
			"Target": "Parameter",
			"Id": "Param111",
			"Segments": [
				0,
				0,
				1,
				0.9,
				0,
				1.8,
				0,
				2.7,
				0,
				1,
				2.822,
				0,
				2.944,
				0,
				3.067,
				0
			]
		},
		{
			"Target": "Parameter",
			"Id": "Param104",
			"Segments": [
				0,
				-30,
				1,
				0.9,
				-30,
				1.8,
				-30,
				2.7,
				-30,
				1,
				2.822,
				-30,
				2.944,
				-30,
				3.067,
				-30
			]
		},
		{
			"Target": "Parameter",
			"Id": "daimao",
			"Segments": [
				0,
				0,
				0,
				3.067,
				0
			]
		},
		{
			"Target": "Parameter",
			"Id": "Param168",
			"Segments": [
				0,
				0,
				0,
				3.067,
				0
			]
		},
		{
			"Target": "Parameter",
			"Id": "Param169",
			"Segments": [
				0,
				0,
				0,
				3.067,
				0
			]
		},
		{
			"Target": "Parameter",
			"Id": "Param173",
			"Segments": [
				0,
				0,
				0,
				3.067,
				0
			]
		},
		{
			"Target": "Parameter",
			"Id": "Param174",
			"Segments": [
				0,
				0,
				0,
				3.067,
				0
			]
		},
		{
			"Target": "Parameter",
			"Id": "Param175",
			"Segments": [
				0,
				0,
				0,
				3.067,
				0
			]
		},
		{
			"Target": "Parameter",
			"Id": "Param176",
			"Segments": [
				0,
				0,
				0,
				3.067,
				0
			]
		},
		{
			"Target": "Parameter",
			"Id": "Param177",
			"Segments": [
				0,
				0,
				0,
				3.067,
				0
			]
		},
		{
			"Target": "Parameter",
			"Id": "Param140",
			"Segments": [
				0,
				0,
				1,
				0.9,
				0,
				1.8,
				0,
				2.7,
				0,
				1,
				2.822,
				0,
				2.944,
				0,
				3.067,
				0
			]
		},
		{
			"Target": "Parameter",
			"Id": "ParamAngleX",
			"Segments": [
				0,
				0.497,
				1,
				0.178,
				0.497,
				0.356,
				-22,
				0.533,
				-22,
				1,
				0.711,
				-22,
				0.889,
				17,
				1.067,
				17,
				1,
				1.244,
				17,
				1.422,
				-22,
				1.6,
				-22,
				1,
				1.778,
				-22,
				1.956,
				17,
				2.133,
				17,
				1,
				2.322,
				17,
				2.511,
				-22,
				2.7,
				-22,
				1,
				2.822,
				-22,
				2.944,
				0.497,
				3.067,
				0.497
			]
		},
		{
			"Target": "Parameter",
			"Id": "ParamAngleY",
			"Segments": [
				0,
				-1.019,
				1,
				0.1,
				-1.019,
				0.2,
				-18.739,
				0.3,
				-18.739,
				1,
				0.467,
				-18.739,
				0.633,
				17.82,
				0.8,
				17.82,
				1,
				0.989,
				17.82,
				1.178,
				-18.739,
				1.367,
				-18.739,
				1,
				1.544,
				-18.739,
				1.722,
				17.82,
				1.9,
				17.82,
				1,
				2.089,
				17.82,
				2.278,
				-18.739,
				2.467,
				-18.739,
				1,
				2.567,
				-18.739,
				2.667,
				5.748,
				2.767,
				5.748,
				1,
				2.867,
				5.748,
				2.967,
				3.715,
				3.067,
				-1.019
			]
		},
		{
			"Target": "Parameter",
			"Id": "ParamAngleZ",
			"Segments": [
				0,
				0.398,
				1,
				0.133,
				0.398,
				0.267,
				-10,
				0.4,
				-10,
				1,
				0.578,
				-10,
				0.756,
				10,
				0.933,
				10,
				1,
				1.122,
				10,
				1.311,
				-10,
				1.5,
				-10,
				1,
				1.667,
				-10,
				1.833,
				10,
				2,
				10,
				1,
				2.189,
				10,
				2.378,
				-10,
				2.567,
				-10,
				1,
				2.733,
				-10,
				2.9,
				0.398,
				3.067,
				0.398
			]
		},
		{
			"Target": "Parameter",
			"Id": "Param82",
			"Segments": [
				0,
				0,
				1,
				0.9,
				0,
				1.8,
				0,
				2.7,
				0,
				1,
				2.822,
				0,
				2.944,
				0,
				3.067,
				0
			]
		},
		{
			"Target": "Parameter",
			"Id": "Param83",
			"Segments": [
				0,
				0,
				1,
				0.9,
				0,
				1.8,
				0,
				2.7,
				0,
				1,
				2.822,
				0,
				2.944,
				0,
				3.067,
				0
			]
		},
		{
			"Target": "Parameter",
			"Id": "ParamBrowLX",
			"Segments": [
				0,
				0,
				1,
				0.9,
				0,
				1.8,
				0,
				2.7,
				0,
				1,
				2.822,
				0,
				2.944,
				0,
				3.067,
				0
			]
		},
		{
			"Target": "Parameter",
			"Id": "ParamBrowRX",
			"Segments": [
				0,
				0,
				1,
				0.9,
				0,
				1.8,
				0,
				2.7,
				0,
				1,
				2.822,
				0,
				2.944,
				0,
				3.067,
				0
			]
		},
		{
			"Target": "Parameter",
			"Id": "ParamBrowLAngle",
			"Segments": [
				0,
				0,
				1,
				0.9,
				0,
				1.8,
				0,
				2.7,
				0,
				1,
				2.822,
				0,
				2.944,
				0,
				3.067,
				0
			]
		},
		{
			"Target": "Parameter",
			"Id": "ParamBrowRAngle",
			"Segments": [
				0,
				0,
				1,
				0.9,
				0,
				1.8,
				0,
				2.7,
				0,
				1,
				2.822,
				0,
				2.944,
				0,
				3.067,
				0
			]
		},
		{
			"Target": "Parameter",
			"Id": "ParamCheek",
			"Segments": [
				0,
				0,
				1,
				0.9,
				0,
				1.8,
				0,
				2.7,
				0,
				1,
				2.822,
				0,
				2.944,
				0,
				3.067,
				0
			]
		},
		{
			"Target": "Parameter",
			"Id": "ParamBodyAngleX",
			"Segments": [
				0,
				0.099,
				1,
				0.156,
				0.099,
				0.311,
				-4,
				0.467,
				-4,
				1,
				0.644,
				-4,
				0.822,
				4,
				1,
				4,
				1,
				1.178,
				4,
				1.356,
				-4,
				1.533,
				-4,
				1,
				1.711,
				-4,
				1.889,
				4,
				2.067,
				4,
				1,
				2.256,
				4,
				2.444,
				-4,
				2.633,
				-4,
				1,
				2.656,
				-4,
				2.678,
				-3.904,
				2.7,
				-3.487,
				1,
				2.822,
				-1.194,
				2.944,
				0.099,
				3.067,
				0.099
			]
		},
		{
			"Target": "Parameter",
			"Id": "ParamBodyAngleY",
			"Segments": [
				0,
				3,
				1,
				0.078,
				3,
				0.156,
				-4,
				0.233,
				-4,
				1,
				0.4,
				-4,
				0.567,
				3,
				0.733,
				3,
				1,
				0.922,
				3,
				1.111,
				-4,
				1.3,
				-4,
				1,
				1.478,
				-4,
				1.656,
				3,
				1.833,
				3,
				1,
				2.022,
				3,
				2.211,
				-4,
				2.4,
				-4,
				1,
				2.5,
				-4,
				2.6,
				-1.01,
				2.7,
				0.689,
				1,
				2.822,
				2.765,
				2.944,
				3,
				3.067,
				3
			]
		},
		{
			"Target": "Parameter",
			"Id": "ParamBodyAngleZ",
			"Segments": [
				0,
				0.344,
				1,
				0.111,
				0.344,
				0.222,
				-2,
				0.333,
				-2,
				1,
				0.511,
				-2,
				0.689,
				2,
				0.867,
				2,
				1,
				1.056,
				2,
				1.244,
				-2,
				1.433,
				-2,
				1,
				1.6,
				-2,
				1.767,
				2,
				1.933,
				2,
				1,
				2.122,
				2,
				2.311,
				-2,
				2.5,
				-2,
				1,
				2.567,
				-2,
				2.633,
				-1.145,
				2.7,
				-0.679,
				1,
				2.822,
				0.175,
				2.944,
				0.344,
				3.067,
				0.344
			]
		},
		{
			"Target": "Parameter",
			"Id": "ParamHairFront",
			"Segments": [
				0,
				0,
				1,
				0.9,
				0,
				1.8,
				0,
				2.7,
				0,
				1,
				2.822,
				0,
				2.944,
				0,
				3.067,
				0
			]
		},
		{
			"Target": "Parameter",
			"Id": "ParamHairSide",
			"Segments": [
				0,
				0,
				1,
				0.9,
				0,
				1.8,
				0,
				2.7,
				0,
				1,
				2.822,
				0,
				2.944,
				0,
				3.067,
				0
			]
		},
		{
			"Target": "Parameter",
			"Id": "ParamHairBack",
			"Segments": [
				0,
				0,
				1,
				0.9,
				0,
				1.8,
				0,
				2.7,
				0,
				1,
				2.822,
				0,
				2.944,
				0,
				3.067,
				0
			]
		},
		{
			"Target": "Parameter",
			"Id": "Param37",
			"Segments": [
				0,
				0,
				1,
				0.9,
				0,
				1.8,
				0,
				2.7,
				0,
				1,
				2.822,
				0,
				2.944,
				0,
				3.067,
				0
			]
		},
		{
			"Target": "Parameter",
			"Id": "Param122",
			"Segments": [
				0,
				0,
				1,
				0.9,
				0,
				1.8,
				0,
				2.7,
				0,
				1,
				2.822,
				0,
				2.944,
				0,
				3.067,
				0
			]
		},
		{
			"Target": "Parameter",
			"Id": "Param198pp",
			"Segments": [
				0,
				-30,
				0,
				3.067,
				-30
			]
		},
		{
			"Target": "Parameter",
			"Id": "Param199pp",
			"Segments": [
				0,
				-30,
				0,
				3.067,
				-30
			]
		},
		{
			"Target": "Parameter",
			"Id": "Param200pp",
			"Segments": [
				0,
				0,
				0,
				3.067,
				0
			]
		},
		{
			"Target": "Parameter",
			"Id": "Param201pp",
			"Segments": [
				0,
				0,
				0,
				3.067,
				0
			]
		},
		{
			"Target": "Parameter",
			"Id": "Param202pp",
			"Segments": [
				0,
				0,
				0,
				3.067,
				0
			]
		},
		{
			"Target": "Parameter",
			"Id": "Param203pp",
			"Segments": [
				0,
				0,
				0,
				3.067,
				0
			]
		},
		{
			"Target": "Parameter",
			"Id": "Param204pp",
			"Segments": [
				0,
				0,
				0,
				3.067,
				0
			]
		},
		{
			"Target": "Parameter",
			"Id": "Param205pp",
			"Segments": [
				0,
				0,
				0,
				3.067,
				0
			]
		},
		{
			"Target": "Parameter",
			"Id": "Param206pp",
			"Segments": [
				0,
				0,
				0,
				3.067,
				0
			]
		},
		{
			"Target": "Parameter",
			"Id": "Param207pp",
			"Segments": [
				0,
				0,
				0,
				3.067,
				0
			]
		},
		{
			"Target": "Parameter",
			"Id": "Param208pp",
			"Segments": [
				0,
				0,
				0,
				3.067,
				0
			]
		},
		{
			"Target": "Parameter",
			"Id": "Param209pp",
			"Segments": [
				0,
				0,
				0,
				3.067,
				0
			]
		},
		{
			"Target": "Parameter",
			"Id": "Param210pp",
			"Segments": [
				0,
				0,
				0,
				3.067,
				0
			]
		},
		{
			"Target": "Parameter",
			"Id": "Param211pp",
			"Segments": [
				0,
				0,
				0,
				3.067,
				0
			]
		},
		{
			"Target": "Parameter",
			"Id": "Param212pp",
			"Segments": [
				0,
				0,
				0,
				3.067,
				0
			]
		},
		{
			"Target": "Parameter",
			"Id": "Param213pp",
			"Segments": [
				0,
				0,
				0,
				3.067,
				0
			]
		},
		{
			"Target": "Parameter",
			"Id": "Param214pp",
			"Segments": [
				0,
				0,
				0,
				3.067,
				0
			]
		},
		{
			"Target": "Parameter",
			"Id": "Param215pp",
			"Segments": [
				0,
				0,
				0,
				3.067,
				0
			]
		},
		{
			"Target": "Parameter",
			"Id": "Param216pp",
			"Segments": [
				0,
				0,
				0,
				3.067,
				0
			]
		},
		{
			"Target": "Parameter",
			"Id": "Param217pp",
			"Segments": [
				0,
				0,
				0,
				3.067,
				0
			]
		},
		{
			"Target": "PartOpacity",
			"Id": "Part52",
			"Segments": [
				0,
				1,
				0,
				3,
				1,
				0,
				3.07,
				1
			]
		},
		{
			"Target": "PartOpacity",
			"Id": "Part40",
			"Segments": [
				0,
				1,
				0,
				3,
				1,
				0,
				3.07,
				1
			]
		},
		{
			"Target": "PartOpacity",
			"Id": "Part44",
			"Segments": [
				0,
				1,
				0,
				3,
				1,
				0,
				3.07,
				1
			]
		},
		{
			"Target": "PartOpacity",
			"Id": "Part45",
			"Segments": [
				0,
				1,
				0,
				3,
				1,
				0,
				3.07,
				1
			]
		},
		{
			"Target": "PartOpacity",
			"Id": "Part53",
			"Segments": [
				0,
				1,
				0,
				3,
				1,
				0,
				3.07,
				1
			]
		},
		{
			"Target": "PartOpacity",
			"Id": "Part41",
			"Segments": [
				0,
				1,
				0,
				3,
				1,
				0,
				3.07,
				1
			]
		},
		{
			"Target": "PartOpacity",
			"Id": "Part43",
			"Segments": [
				0,
				1,
				0,
				3.07,
				1
			]
		},
		{
			"Target": "PartOpacity",
			"Id": "Part39",
			"Segments": [
				0,
				1,
				2,
				2.7,
				1,
				2,
				3.07,
				1
			]
		},
		{
			"Target": "PartOpacity",
			"Id": "Part37",
			"Segments": [
				0,
				1,
				2,
				2.7,
				1,
				2,
				3.07,
				1
			]
		},
		{
			"Target": "PartOpacity",
			"Id": "Part36",
			"Segments": [
				0,
				1,
				2,
				2.7,
				1,
				2,
				3.07,
				1
			]
		},
		{
			"Target": "PartOpacity",
			"Id": "Part5",
			"Segments": [
				0,
				1,
				2,
				2.7,
				1,
				2,
				3.07,
				1
			]
		},
		{
			"Target": "PartOpacity",
			"Id": "Part2",
			"Segments": [
				0,
				1,
				2,
				2.7,
				1,
				2,
				3.07,
				1
			]
		},
		{
			"Target": "PartOpacity",
			"Id": "Part3",
			"Segments": [
				0,
				1,
				2,
				2.7,
				1,
				2,
				3.07,
				1
			]
		},
		{
			"Target": "PartOpacity",
			"Id": "Part6",
			"Segments": [
				0,
				1,
				2,
				2.7,
				1,
				2,
				3.07,
				1
			]
		},
		{
			"Target": "PartOpacity",
			"Id": "Part4",
			"Segments": [
				0,
				1,
				2,
				2.7,
				1,
				2,
				3.07,
				1
			]
		},
		{
			"Target": "PartOpacity",
			"Id": "Part",
			"Segments": [
				0,
				1,
				2,
				2.7,
				1,
				2,
				3.07,
				1
			]
		},
		{
			"Target": "PartOpacity",
			"Id": "Part31",
			"Segments": [
				0,
				1,
				2,
				2.7,
				1,
				2,
				3.07,
				1
			]
		},
		{
			"Target": "PartOpacity",
			"Id": "Part29",
			"Segments": [
				0,
				1,
				2,
				2.7,
				1,
				2,
				3.07,
				1
			]
		},
		{
			"Target": "PartOpacity",
			"Id": "Part13",
			"Segments": [
				0,
				1,
				2,
				2.7,
				1,
				2,
				3.07,
				1
			]
		},
		{
			"Target": "PartOpacity",
			"Id": "Part14",
			"Segments": [
				0,
				1,
				2,
				2.7,
				1,
				2,
				3.07,
				1
			]
		},
		{
			"Target": "PartOpacity",
			"Id": "Part15",
			"Segments": [
				0,
				1,
				2,
				2.7,
				1,
				2,
				3.07,
				1
			]
		},
		{
			"Target": "PartOpacity",
			"Id": "Part11",
			"Segments": [
				0,
				1,
				2,
				2.7,
				1,
				2,
				3.07,
				1
			]
		},
		{
			"Target": "PartOpacity",
			"Id": "Part12",
			"Segments": [
				0,
				1,
				2,
				2.7,
				1,
				2,
				3.07,
				1
			]
		},
		{
			"Target": "PartOpacity",
			"Id": "Part16",
			"Segments": [
				0,
				1,
				2,
				2.7,
				1,
				2,
				3.07,
				1
			]
		},
		{
			"Target": "PartOpacity",
			"Id": "Part30",
			"Segments": [
				0,
				1,
				2,
				2.7,
				1,
				2,
				3.07,
				1
			]
		},
		{
			"Target": "PartOpacity",
			"Id": "Part17",
			"Segments": [
				0,
				1,
				2,
				2.7,
				1,
				2,
				3.07,
				1
			]
		},
		{
			"Target": "PartOpacity",
			"Id": "Part18",
			"Segments": [
				0,
				1,
				2,
				2.7,
				1,
				2,
				3.07,
				1
			]
		},
		{
			"Target": "PartOpacity",
			"Id": "Part28",
			"Segments": [
				0,
				1,
				2,
				2.7,
				1,
				2,
				3.07,
				1
			]
		},
		{
			"Target": "PartOpacity",
			"Id": "Part19",
			"Segments": [
				0,
				1,
				2,
				2.7,
				1,
				2,
				3.07,
				1
			]
		},
		{
			"Target": "PartOpacity",
			"Id": "Part20",
			"Segments": [
				0,
				1,
				2,
				2.7,
				1,
				2,
				3.07,
				1
			]
		},
		{
			"Target": "PartOpacity",
			"Id": "Part33",
			"Segments": [
				0,
				1,
				2,
				2.7,
				1,
				2,
				3.07,
				1
			]
		},
		{
			"Target": "PartOpacity",
			"Id": "Part32",
			"Segments": [
				0,
				1,
				2,
				2.7,
				1,
				2,
				3.07,
				1
			]
		},
		{
			"Target": "PartOpacity",
			"Id": "Part38",
			"Segments": [
				0,
				1,
				2,
				2.7,
				1,
				2,
				3.07,
				1
			]
		},
		{
			"Target": "PartOpacity",
			"Id": "Part7",
			"Segments": [
				0,
				1,
				2,
				2.7,
				1,
				2,
				3.07,
				1
			]
		},
		{
			"Target": "PartOpacity",
			"Id": "Part35",
			"Segments": [
				0,
				1,
				2,
				2.7,
				1,
				2,
				3.07,
				1
			]
		},
		{
			"Target": "PartOpacity",
			"Id": "Part10",
			"Segments": [
				0,
				1,
				2,
				2.7,
				1,
				2,
				3.07,
				1
			]
		},
		{
			"Target": "PartOpacity",
			"Id": "Part27",
			"Segments": [
				0,
				1,
				2,
				2.7,
				1,
				2,
				3.07,
				1
			]
		},
		{
			"Target": "PartOpacity",
			"Id": "Part34",
			"Segments": [
				0,
				1,
				2,
				2.7,
				1,
				2,
				3.07,
				1
			]
		},
		{
			"Target": "PartOpacity",
			"Id": "Part8",
			"Segments": [
				0,
				1,
				2,
				2.7,
				1,
				2,
				3.07,
				1
			]
		},
		{
			"Target": "PartOpacity",
			"Id": "Part9",
			"Segments": [
				0,
				1,
				2,
				2.7,
				1,
				2,
				3.07,
				1
			]
		},
		{
			"Target": "PartOpacity",
			"Id": "ArtMesh122_Skinning",
			"Segments": [
				0,
				1,
				2,
				2.7,
				1,
				2,
				3.07,
				1
			]
		},
		{
			"Target": "PartOpacity",
			"Id": "Part21",
			"Segments": [
				0,
				1,
				2,
				2.7,
				1,
				2,
				3.07,
				1
			]
		},
		{
			"Target": "PartOpacity",
			"Id": "Part22",
			"Segments": [
				0,
				1,
				2,
				2.7,
				1,
				2,
				3.07,
				1
			]
		},
		{
			"Target": "PartOpacity",
			"Id": "Part23",
			"Segments": [
				0,
				1,
				2,
				2.7,
				1,
				2,
				3.07,
				1
			]
		},
		{
			"Target": "PartOpacity",
			"Id": "Part24",
			"Segments": [
				0,
				1,
				2,
				2.7,
				1,
				2,
				3.07,
				1
			]
		},
		{
			"Target": "PartOpacity",
			"Id": "Part25",
			"Segments": [
				0,
				1,
				2,
				2.7,
				1,
				2,
				3.07,
				1
			]
		},
		{
			"Target": "PartOpacity",
			"Id": "Part26",
			"Segments": [
				0,
				1,
				2,
				2.7,
				1,
				2,
				3.07,
				1
			]
		},
		{
			"Target": "PartOpacity",
			"Id": "ArtMesh133_Skinning",
			"Segments": [
				0,
				1,
				2,
				2.7,
				1,
				2,
				3.07,
				1
			]
		},
		{
			"Target": "PartOpacity",
			"Id": "ArtMesh122_Skinning2",
			"Segments": [
				0,
				1,
				2,
				2.7,
				1,
				2,
				3.07,
				1
			]
		}
	]
}