{
	"Version": 3,
	"Meta": {
		"Duration": 5.37,
		"Fps": 30.0,
		"Loop": true,
		"AreBeziersRestricted": false,
		"CurveCount": 298,
		"TotalSegmentCount": 1092,
		"TotalPointCount": 3122,
		"UserDataCount": 0,
		"TotalUserDataSize": 0
	},
	"Curves": [
		{
			"Target": "Model",
			"Id": "Opacity",
			"Segments": [
				0,
				1,
				0,
				3.23,
				1,
				1,
				3.66,
				1,
				4.08,
				1,
				4.5,
				1,
				0,
				5.3,
				1,
				0,
				5.37,
				1
			]
		},
		{
			"Target": "Parameter",
			"Id": "Param2",
			"Segments": [
				0,
				-2.888,
				1,
				1.789,
				-2.888,
				3.578,
				-2.888,
				5.367,
				-2.888
			]
		},
		{
			"Target": "Parameter",
			"Id": "Param180",
			"Segments": [
				0,
				0,
				0,
				5.367,
				0
			]
		},
		{
			"Target": "Parameter",
			"Id": "Param38",
			"Segments": [
				0,
				0,
				1,
				1.789,
				0,
				3.578,
				0,
				5.367,
				0
			]
		},
		{
			"Target": "Parameter",
			"Id": "Param129",
			"Segments": [
				0,
				0,
				1,
				1.789,
				0,
				3.578,
				0,
				5.367,
				0
			]
		},
		{
			"Target": "Parameter",
			"Id": "Param5",
			"Segments": [
				0,
				0.067,
				1,
				0.111,
				0.067,
				0.222,
				26.8,
				0.333,
				26.8,
				1,
				1.789,
				26.8,
				3.244,
				26.8,
				4.7,
				26.8,
				1,
				4.922,
				26.8,
				5.144,
				2.552,
				5.367,
				0.243
			]
		},
		{
			"Target": "Parameter",
			"Id": "Param",
			"Segments": [
				0,
				-14.398,
				1,
				0.133,
				-14.398,
				0.267,
				-30,
				0.4,
				-30,
				1,
				0.533,
				-30,
				0.667,
				-11,
				0.8,
				-11,
				1,
				0.911,
				-11,
				1.022,
				-26,
				1.133,
				-26,
				1,
				1.4,
				-26,
				1.667,
				1,
				1.933,
				1,
				1,
				2.144,
				1,
				2.356,
				-10.986,
				2.567,
				-14,
				1,
				3.044,
				-20.821,
				3.522,
				-22,
				4,
				-22,
				1,
				4.456,
				-22,
				4.911,
				-14.756,
				5.367,
				-14.411
			]
		},
		{
			"Target": "Parameter",
			"Id": "Param131",
			"Segments": [
				0,
				0,
				1,
				1.789,
				0,
				3.578,
				0,
				5.367,
				0
			]
		},
		{
			"Target": "Parameter",
			"Id": "Param50",
			"Segments": [
				0,
				-2.23,
				1,
				1.789,
				-2.23,
				3.578,
				-2.23,
				5.367,
				-2.23
			]
		},
		{
			"Target": "Parameter",
			"Id": "Param39",
			"Segments": [
				0,
				-2.607,
				1,
				0.122,
				-2.607,
				0.244,
				16,
				0.367,
				16,
				1,
				0.533,
				16,
				0.7,
				-12,
				0.867,
				-12,
				1,
				1,
				-12,
				1.133,
				19,
				1.267,
				19,
				1,
				1.433,
				19,
				1.6,
				1,
				1.767,
				1,
				1,
				1.978,
				1,
				2.189,
				16,
				2.4,
				16,
				1,
				2.611,
				16,
				2.822,
				-2,
				3.033,
				-2,
				1,
				3.111,
				-2,
				3.189,
				5,
				3.267,
				5,
				1,
				3.344,
				5,
				3.422,
				-4,
				3.5,
				-4,
				1,
				3.589,
				-4,
				3.678,
				3,
				3.767,
				3,
				1,
				3.856,
				3,
				3.944,
				-5,
				4.033,
				-5,
				1,
				4.189,
				-5,
				4.344,
				0,
				4.5,
				0,
				1,
				4.678,
				0,
				4.856,
				-7,
				5.033,
				-7,
				1,
				5.144,
				-7,
				5.256,
				-3.369,
				5.367,
				-2.709
			]
		},
		{
			"Target": "Parameter",
			"Id": "Param41",
			"Segments": [
				0,
				0,
				1,
				1.789,
				0,
				3.578,
				0,
				5.367,
				0
			]
		},
		{
			"Target": "Parameter",
			"Id": "Param130",
			"Segments": [
				0,
				0,
				1,
				1.789,
				0,
				3.578,
				0,
				5.367,
				0
			]
		},
		{
			"Target": "Parameter",
			"Id": "Param40",
			"Segments": [
				0,
				0.133,
				1,
				1.789,
				0.133,
				3.578,
				0.133,
				5.367,
				0.133
			]
		},
		{
			"Target": "Parameter",
			"Id": "Param49",
			"Segments": [
				0,
				-7.844,
				1,
				0.144,
				-7.844,
				0.289,
				-24,
				0.433,
				-24,
				1,
				0.6,
				-24,
				0.767,
				30,
				0.933,
				30,
				1,
				1.067,
				30,
				1.2,
				-18,
				1.333,
				-18,
				1,
				1.5,
				-18,
				1.667,
				20,
				1.833,
				20,
				1,
				2.044,
				20,
				2.256,
				-18,
				2.467,
				-18,
				1,
				2.667,
				-18,
				2.867,
				10,
				3.067,
				10,
				1,
				3.144,
				10,
				3.222,
				-10,
				3.3,
				-10,
				1,
				3.378,
				-10,
				3.456,
				4,
				3.533,
				4,
				1,
				3.622,
				4,
				3.711,
				-10,
				3.8,
				-10,
				1,
				3.889,
				-10,
				3.978,
				0,
				4.067,
				0,
				1,
				4.233,
				0,
				4.4,
				-10,
				4.567,
				-10,
				1,
				4.744,
				-10,
				4.922,
				17,
				5.1,
				17,
				1,
				5.189,
				17,
				5.278,
				-2.63,
				5.367,
				-6.992
			]
		},
		{
			"Target": "Parameter",
			"Id": "Param84",
			"Segments": [
				0,
				-2.23,
				1,
				1.789,
				-2.23,
				3.578,
				-2.23,
				5.367,
				-2.23
			]
		},
		{
			"Target": "Parameter",
			"Id": "Param139",
			"Segments": [
				0,
				0,
				1,
				1.789,
				0,
				3.578,
				0,
				5.367,
				0
			]
		},
		{
			"Target": "Parameter",
			"Id": "Param171",
			"Segments": [
				0,
				0,
				1,
				1.789,
				0,
				3.578,
				0,
				5.367,
				0
			]
		},
		{
			"Target": "Parameter",
			"Id": "Param170",
			"Segments": [
				0,
				0,
				1,
				1.789,
				0,
				3.578,
				0,
				5.367,
				0
			]
		},
		{
			"Target": "Parameter",
			"Id": "Param191",
			"Segments": [
				0,
				0,
				0,
				5.367,
				0
			]
		},
		{
			"Target": "Parameter",
			"Id": "ParamEyeLOpen",
			"Segments": [
				0,
				1,
				1,
				0.133,
				1,
				0.267,
				0,
				0.4,
				0,
				1,
				0.756,
				0,
				1.111,
				0,
				1.467,
				0,
				1,
				1.544,
				0,
				1.622,
				1,
				1.7,
				1,
				1,
				1.789,
				1,
				1.878,
				1,
				1.967,
				1,
				1,
				2.089,
				1,
				2.211,
				0,
				2.333,
				0,
				1,
				2.722,
				0,
				3.111,
				0,
				3.5,
				0,
				1,
				3.8,
				0,
				4.1,
				0,
				4.4,
				0,
				1,
				4.5,
				0,
				4.6,
				1,
				4.7,
				1,
				1,
				4.922,
				1,
				5.144,
				1,
				5.367,
				1
			]
		},
		{
			"Target": "Parameter",
			"Id": "ParamEyeLSmile",
			"Segments": [
				0,
				0,
				1,
				0.656,
				0,
				1.311,
				0,
				1.967,
				0,
				1,
				2.033,
				0,
				2.1,
				1,
				2.167,
				1,
				1,
				3.233,
				1,
				4.3,
				0.021,
				5.367,
				0
			]
		},
		{
			"Target": "Parameter",
			"Id": "ParamEyeROpen",
			"Segments": [
				0,
				1,
				1,
				0.133,
				1,
				0.267,
				0,
				0.4,
				0,
				1,
				0.756,
				0,
				1.111,
				0,
				1.467,
				0,
				1,
				1.544,
				0,
				1.622,
				1,
				1.7,
				1,
				1,
				1.789,
				1,
				1.878,
				1,
				1.967,
				1,
				1,
				2.089,
				1,
				2.211,
				0,
				2.333,
				0,
				1,
				2.722,
				0,
				3.111,
				0,
				3.5,
				0,
				1,
				3.8,
				0,
				4.1,
				0,
				4.4,
				0,
				1,
				4.5,
				0,
				4.6,
				1,
				4.7,
				1,
				1,
				4.922,
				1,
				5.144,
				1,
				5.367,
				1
			]
		},
		{
			"Target": "Parameter",
			"Id": "ParamEyeRSmile",
			"Segments": [
				0,
				0,
				1,
				0.656,
				0,
				1.311,
				0,
				1.967,
				0,
				1,
				2.033,
				0,
				2.1,
				1,
				2.167,
				1,
				1,
				3.233,
				1,
				4.3,
				0.021,
				5.367,
				0
			]
		},
		{
			"Target": "Parameter",
			"Id": "ParamEyeBallX",
			"Segments": [
				0,
				0,
				1,
				1.789,
				0,
				3.578,
				0,
				5.367,
				0
			]
		},
		{
			"Target": "Parameter",
			"Id": "ParamEyeBallY",
			"Segments": [
				0,
				0,
				1,
				1.789,
				0,
				3.578,
				0,
				5.367,
				0
			]
		},
		{
			"Target": "Parameter",
			"Id": "ParamBrowLY",
			"Segments": [
				0,
				0,
				1,
				1.789,
				0,
				3.578,
				0,
				5.367,
				0
			]
		},
		{
			"Target": "Parameter",
			"Id": "ParamBrowRY",
			"Segments": [
				0,
				0,
				1,
				1.789,
				0,
				3.578,
				0,
				5.367,
				0
			]
		},
		{
			"Target": "Parameter",
			"Id": "ParamBrowLForm",
			"Segments": [
				0,
				0,
				1,
				1.789,
				0,
				3.578,
				0,
				5.367,
				0
			]
		},
		{
			"Target": "Parameter",
			"Id": "ParamBrowRForm",
			"Segments": [
				0,
				0,
				1,
				1.789,
				0,
				3.578,
				0,
				5.367,
				0
			]
		},
		{
			"Target": "Parameter",
			"Id": "Param85",
			"Segments": [
				0,
				0,
				1,
				1.789,
				0,
				3.578,
				0,
				5.367,
				0
			]
		},
		{
			"Target": "Parameter",
			"Id": "Param86",
			"Segments": [
				0,
				0,
				1,
				1.789,
				0,
				3.578,
				0,
				5.367,
				0
			]
		},
		{
			"Target": "Parameter",
			"Id": "ParamMouthForm",
			"Segments": [
				0,
				0,
				1,
				0.378,
				0,
				0.756,
				0,
				1.133,
				0,
				1,
				1.178,
				0,
				1.222,
				0.7,
				1.267,
				0.7,
				1,
				2.633,
				0.7,
				4,
				0.011,
				5.367,
				0
			]
		},
		{
			"Target": "Parameter",
			"Id": "ParamMouthOpenY",
			"Segments": [
				0,
				0,
				1,
				0.189,
				0,
				0.378,
				0.7,
				0.567,
				0.7,
				1,
				0.756,
				0.7,
				0.944,
				0,
				1.133,
				0,
				1,
				1.178,
				0,
				1.222,
				0.395,
				1.267,
				0.5,
				1,
				1.433,
				0.894,
				1.6,
				1,
				1.767,
				1,
				1,
				1.833,
				1,
				1.9,
				0,
				1.967,
				0,
				1,
				2.067,
				0,
				2.167,
				0,
				2.267,
				0,
				1,
				2.322,
				0,
				2.378,
				0.3,
				2.433,
				0.3,
				1,
				2.544,
				0.3,
				2.656,
				0,
				2.767,
				0,
				1,
				2.822,
				0,
				2.895,
				0,
				2.933,
				0.005,
				1,
				3,
				0.014,
				3.067,
				0.5,
				3.133,
				0.5,
				1,
				3.189,
				0.5,
				3.244,
				0.07,
				3.3,
				0.07,
				1,
				3.367,
				0.07,
				3.433,
				0.5,
				3.5,
				0.5,
				1,
				3.678,
				0.5,
				3.856,
				0,
				4.033,
				0,
				1,
				4.111,
				0,
				4.189,
				0.3,
				4.267,
				0.3,
				1,
				4.633,
				0.3,
				5,
				0.017,
				5.367,
				0.001
			]
		},
		{
			"Target": "Parameter",
			"Id": "Param57",
			"Segments": [
				0,
				0,
				1,
				1.789,
				0,
				3.578,
				0,
				5.367,
				0
			]
		},
		{
			"Target": "Parameter",
			"Id": "Param71",
			"Segments": [
				0,
				0,
				1,
				1.789,
				0,
				3.578,
				0,
				5.367,
				0
			]
		},
		{
			"Target": "Parameter",
			"Id": "Param78",
			"Segments": [
				0,
				0,
				1,
				1.789,
				0,
				3.578,
				0,
				5.367,
				0
			]
		},
		{
			"Target": "Parameter",
			"Id": "Param58",
			"Segments": [
				0,
				0,
				1,
				1.789,
				0,
				3.578,
				0,
				5.367,
				0
			]
		},
		{
			"Target": "Parameter",
			"Id": "Param67",
			"Segments": [
				0,
				0,
				1,
				1.789,
				0,
				3.578,
				0,
				5.367,
				0
			]
		},
		{
			"Target": "Parameter",
			"Id": "Param68",
			"Segments": [
				0,
				0,
				1,
				1.789,
				0,
				3.578,
				0,
				5.367,
				0
			]
		},
		{
			"Target": "Parameter",
			"Id": "Param69",
			"Segments": [
				0,
				1,
				1,
				1.789,
				1,
				3.578,
				1,
				5.367,
				1
			]
		},
		{
			"Target": "Parameter",
			"Id": "Param193",
			"Segments": [
				0,
				0,
				0,
				5.367,
				0
			]
		},
		{
			"Target": "Parameter",
			"Id": "Param197",
			"Segments": [
				0,
				0,
				0,
				5.367,
				0
			]
		},
		{
			"Target": "Parameter",
			"Id": "Param195",
			"Segments": [
				0,
				0,
				0,
				5.367,
				0
			]
		},
		{
			"Target": "Parameter",
			"Id": "Param181",
			"Segments": [
				0,
				0,
				0,
				5.367,
				0
			]
		},
		{
			"Target": "Parameter",
			"Id": "Param184",
			"Segments": [
				0,
				0,
				0,
				5.367,
				0
			]
		},
		{
			"Target": "Parameter",
			"Id": "Param182",
			"Segments": [
				0,
				0,
				0,
				5.367,
				0
			]
		},
		{
			"Target": "Parameter",
			"Id": "Param183",
			"Segments": [
				0,
				0,
				0,
				5.367,
				0
			]
		},
		{
			"Target": "Parameter",
			"Id": "Param188",
			"Segments": [
				0,
				0,
				1,
				0.144,
				0,
				0.289,
				1,
				0.433,
				1,
				1,
				2,
				1,
				3.567,
				1,
				5.133,
				1,
				1,
				5.211,
				1,
				5.289,
				0.234,
				5.367,
				0.043
			]
		},
		{
			"Target": "Parameter",
			"Id": "Param149",
			"Segments": [
				0,
				0,
				1,
				1.789,
				0,
				3.578,
				0,
				5.367,
				0
			]
		},
		{
			"Target": "Parameter",
			"Id": "Param172",
			"Segments": [
				0,
				1,
				1,
				1.789,
				1,
				3.578,
				1,
				5.367,
				1
			]
		},
		{
			"Target": "Parameter",
			"Id": "Param163",
			"Segments": [
				0,
				-30,
				1,
				1.789,
				-30,
				3.578,
				-30,
				5.367,
				-30
			]
		},
		{
			"Target": "Parameter",
			"Id": "Param164",
			"Segments": [
				0,
				-30,
				1,
				1.789,
				-30,
				3.578,
				-30,
				5.367,
				-30
			]
		},
		{
			"Target": "Parameter",
			"Id": "Param165",
			"Segments": [
				0,
				-30,
				1,
				1.789,
				-30,
				3.578,
				-30,
				5.367,
				-30
			]
		},
		{
			"Target": "Parameter",
			"Id": "Param150",
			"Segments": [
				0,
				0,
				1,
				1.789,
				0,
				3.578,
				0,
				5.367,
				0
			]
		},
		{
			"Target": "Parameter",
			"Id": "Param151",
			"Segments": [
				0,
				0,
				1,
				1.789,
				0,
				3.578,
				0,
				5.367,
				0
			]
		},
		{
			"Target": "Parameter",
			"Id": "Param159",
			"Segments": [
				0,
				1,
				1,
				1.789,
				1,
				3.578,
				1,
				5.367,
				1
			]
		},
		{
			"Target": "Parameter",
			"Id": "Param160",
			"Segments": [
				0,
				1,
				1,
				1.789,
				1,
				3.578,
				1,
				5.367,
				1
			]
		},
		{
			"Target": "Parameter",
			"Id": "Param147",
			"Segments": [
				0,
				-30,
				1,
				1.789,
				-30,
				3.578,
				-30,
				5.367,
				-30
			]
		},
		{
			"Target": "Parameter",
			"Id": "Param148",
			"Segments": [
				0,
				-30,
				1,
				1.789,
				-30,
				3.578,
				-30,
				5.367,
				-30
			]
		},
		{
			"Target": "Parameter",
			"Id": "Param146",
			"Segments": [
				0,
				0,
				1,
				1.789,
				0,
				3.578,
				0,
				5.367,
				0
			]
		},
		{
			"Target": "Parameter",
			"Id": "Param144",
			"Segments": [
				0,
				0,
				1,
				1.789,
				0,
				3.578,
				0,
				5.367,
				0
			]
		},
		{
			"Target": "Parameter",
			"Id": "Param161",
			"Segments": [
				0,
				-30,
				1,
				1.789,
				-30,
				3.578,
				-30,
				5.367,
				-30
			]
		},
		{
			"Target": "Parameter",
			"Id": "Param162",
			"Segments": [
				0,
				0,
				1,
				1.789,
				0,
				3.578,
				0,
				5.367,
				0
			]
		},
		{
			"Target": "Parameter",
			"Id": "Param143",
			"Segments": [
				0,
				0,
				1,
				1.789,
				0,
				3.578,
				0,
				5.367,
				0
			]
		},
		{
			"Target": "Parameter",
			"Id": "Param145",
			"Segments": [
				0,
				0,
				1,
				1.789,
				0,
				3.578,
				0,
				5.367,
				0
			]
		},
		{
			"Target": "Parameter",
			"Id": "Param152",
			"Segments": [
				0,
				-30,
				1,
				1.789,
				-30,
				3.578,
				-30,
				5.367,
				-30
			]
		},
		{
			"Target": "Parameter",
			"Id": "Param157",
			"Segments": [
				0,
				0,
				1,
				1.789,
				0,
				3.578,
				0,
				5.367,
				0
			]
		},
		{
			"Target": "Parameter",
			"Id": "Param158",
			"Segments": [
				0,
				-30,
				1,
				1.789,
				-30,
				3.578,
				-30,
				5.367,
				-30
			]
		},
		{
			"Target": "Parameter",
			"Id": "Param154",
			"Segments": [
				0,
				0,
				1,
				1.789,
				0,
				3.578,
				0,
				5.367,
				0
			]
		},
		{
			"Target": "Parameter",
			"Id": "Param153",
			"Segments": [
				0,
				-30,
				1,
				1.789,
				-30,
				3.578,
				-30,
				5.367,
				-30
			]
		},
		{
			"Target": "Parameter",
			"Id": "Param155",
			"Segments": [
				0,
				0,
				1,
				1.789,
				0,
				3.578,
				0,
				5.367,
				0
			]
		},
		{
			"Target": "Parameter",
			"Id": "Param156",
			"Segments": [
				0,
				-30,
				1,
				1.789,
				-30,
				3.578,
				-30,
				5.367,
				-30
			]
		},
		{
			"Target": "Parameter",
			"Id": "Param65",
			"Segments": [
				0,
				0,
				1,
				1.789,
				0,
				3.578,
				0,
				5.367,
				0
			]
		},
		{
			"Target": "Parameter",
			"Id": "Param141",
			"Segments": [
				0,
				0,
				1,
				1.789,
				0,
				3.578,
				0,
				5.367,
				0
			]
		},
		{
			"Target": "Parameter",
			"Id": "Param66",
			"Segments": [
				0,
				0,
				1,
				1.789,
				0,
				3.578,
				0,
				5.367,
				0
			]
		},
		{
			"Target": "Parameter",
			"Id": "Param142",
			"Segments": [
				0,
				0,
				1,
				1.789,
				0,
				3.578,
				0,
				5.367,
				0
			]
		},
		{
			"Target": "Parameter",
			"Id": "Param166",
			"Segments": [
				0,
				0,
				1,
				1.789,
				0,
				3.578,
				0,
				5.367,
				0
			]
		},
		{
			"Target": "Parameter",
			"Id": "Param61",
			"Segments": [
				0,
				0,
				1,
				1.789,
				0,
				3.578,
				0,
				5.367,
				0
			]
		},
		{
			"Target": "Parameter",
			"Id": "Param62",
			"Segments": [
				0,
				0,
				1,
				1.789,
				0,
				3.578,
				0,
				5.367,
				0
			]
		},
		{
			"Target": "Parameter",
			"Id": "Param81",
			"Segments": [
				0,
				0,
				1,
				1.789,
				0,
				3.578,
				0,
				5.367,
				0
			]
		},
		{
			"Target": "Parameter",
			"Id": "Param59",
			"Segments": [
				0,
				0,
				1,
				1.789,
				0,
				3.578,
				0,
				5.367,
				0
			]
		},
		{
			"Target": "Parameter",
			"Id": "Param60",
			"Segments": [
				0,
				0,
				1,
				1.789,
				0,
				3.578,
				0,
				5.367,
				0
			]
		},
		{
			"Target": "Parameter",
			"Id": "Param4",
			"Segments": [
				0,
				0,
				1,
				1.789,
				0,
				3.578,
				0,
				5.367,
				0
			]
		},
		{
			"Target": "Parameter",
			"Id": "Param51",
			"Segments": [
				0,
				0,
				1,
				1.789,
				0,
				3.578,
				0,
				5.367,
				0
			]
		},
		{
			"Target": "Parameter",
			"Id": "Param52",
			"Segments": [
				0,
				0,
				1,
				0.078,
				0,
				0.156,
				0.159,
				0.233,
				-2.791,
				1,
				0.333,
				-6.583,
				0.433,
				-15.266,
				0.533,
				-15.266,
				1,
				0.644,
				-15.266,
				0.756,
				-5.656,
				0.867,
				-5.656,
				1,
				0.978,
				-5.656,
				1.089,
				-10.157,
				1.2,
				-10.157,
				1,
				1.289,
				-10.157,
				1.378,
				-8.321,
				1.467,
				-8.321,
				1,
				1.522,
				-8.321,
				1.578,
				-18.033,
				1.633,
				-18.033,
				1,
				1.722,
				-18.033,
				1.811,
				-0.692,
				1.9,
				-0.692,
				1,
				1.978,
				-0.692,
				2.056,
				-10.13,
				2.133,
				-10.13,
				1,
				2.178,
				-10.13,
				2.222,
				-6.273,
				2.267,
				-6.273,
				1,
				2.344,
				-6.273,
				2.422,
				-12.004,
				2.5,
				-12.004,
				1,
				2.611,
				-12.004,
				2.722,
				-7.07,
				2.833,
				-7.07,
				1,
				2.956,
				-7.07,
				3.078,
				-9.371,
				3.2,
				-9.371,
				1,
				3.311,
				-9.371,
				3.422,
				-8.293,
				3.533,
				-8.293,
				1,
				3.644,
				-8.293,
				3.756,
				-8.814,
				3.867,
				-8.814,
				1,
				3.978,
				-8.814,
				4.089,
				-8.59,
				4.2,
				-8.59,
				1,
				4.333,
				-8.59,
				4.467,
				-16.669,
				4.6,
				-16.669,
				1,
				4.689,
				-16.669,
				4.778,
				-0.792,
				4.867,
				-0.792,
				1,
				4.978,
				-0.792,
				5.089,
				-12.419,
				5.2,
				-12.419,
				1,
				5.256,
				-12.419,
				5.311,
				-3.795,
				5.367,
				-0.92
			]
		},
		{
			"Target": "Parameter",
			"Id": "Param53",
			"Segments": [
				0,
				0,
				1,
				1.789,
				0,
				3.578,
				0,
				5.367,
				0
			]
		},
		{
			"Target": "Parameter",
			"Id": "Param54",
			"Segments": [
				0,
				0,
				1,
				0.078,
				0,
				0.156,
				0.159,
				0.233,
				-2.791,
				1,
				0.333,
				-6.583,
				0.433,
				-15.266,
				0.533,
				-15.266,
				1,
				0.644,
				-15.266,
				0.756,
				-5.656,
				0.867,
				-5.656,
				1,
				0.978,
				-5.656,
				1.089,
				-10.157,
				1.2,
				-10.157,
				1,
				1.289,
				-10.157,
				1.378,
				-8.321,
				1.467,
				-8.321,
				1,
				1.522,
				-8.321,
				1.578,
				-18.033,
				1.633,
				-18.033,
				1,
				1.722,
				-18.033,
				1.811,
				-0.692,
				1.9,
				-0.692,
				1,
				1.978,
				-0.692,
				2.056,
				-10.13,
				2.133,
				-10.13,
				1,
				2.178,
				-10.13,
				2.222,
				-6.273,
				2.267,
				-6.273,
				1,
				2.344,
				-6.273,
				2.422,
				-12.004,
				2.5,
				-12.004,
				1,
				2.611,
				-12.004,
				2.722,
				-7.07,
				2.833,
				-7.07,
				1,
				2.956,
				-7.07,
				3.078,
				-9.371,
				3.2,
				-9.371,
				1,
				3.311,
				-9.371,
				3.422,
				-8.293,
				3.533,
				-8.293,
				1,
				3.644,
				-8.293,
				3.756,
				-8.814,
				3.867,
				-8.814,
				1,
				3.978,
				-8.814,
				4.089,
				-8.59,
				4.2,
				-8.59,
				1,
				4.333,
				-8.59,
				4.467,
				-16.669,
				4.6,
				-16.669,
				1,
				4.689,
				-16.669,
				4.778,
				-0.792,
				4.867,
				-0.792,
				1,
				4.978,
				-0.792,
				5.089,
				-12.419,
				5.2,
				-12.419,
				1,
				5.256,
				-12.419,
				5.311,
				-3.795,
				5.367,
				-0.92
			]
		},
		{
			"Target": "Parameter",
			"Id": "Param55",
			"Segments": [
				0,
				0,
				1,
				1.789,
				0,
				3.578,
				0,
				5.367,
				0
			]
		},
		{
			"Target": "Parameter",
			"Id": "Param3",
			"Segments": [
				0,
				0,
				1,
				1.789,
				0,
				3.578,
				0,
				5.367,
				0
			]
		},
		{
			"Target": "Parameter",
			"Id": "Param79",
			"Segments": [
				0,
				0,
				1,
				1.789,
				0,
				3.578,
				0,
				5.367,
				0
			]
		},
		{
			"Target": "Parameter",
			"Id": "Param80",
			"Segments": [
				0,
				0,
				1,
				1.789,
				0,
				3.578,
				0,
				5.367,
				0
			]
		},
		{
			"Target": "Parameter",
			"Id": "Param87",
			"Segments": [
				0,
				0,
				1,
				1.789,
				0,
				3.578,
				0,
				5.367,
				0
			]
		},
		{
			"Target": "Parameter",
			"Id": "Param88",
			"Segments": [
				0,
				0,
				1,
				1.789,
				0,
				3.578,
				0,
				5.367,
				0
			]
		},
		{
			"Target": "Parameter",
			"Id": "Param132",
			"Segments": [
				0,
				0,
				1,
				1.789,
				0,
				3.578,
				0,
				5.367,
				0
			]
		},
		{
			"Target": "Parameter",
			"Id": "Param133",
			"Segments": [
				0,
				0,
				1,
				1.789,
				0,
				3.578,
				0,
				5.367,
				0
			]
		},
		{
			"Target": "Parameter",
			"Id": "Param178",
			"Segments": [
				0,
				0,
				1,
				0.022,
				0,
				0.044,
				0,
				0.067,
				0,
				1,
				0.122,
				0,
				0.178,
				1,
				0.233,
				1,
				1,
				1.811,
				1,
				3.389,
				1,
				4.967,
				1,
				1,
				5.022,
				1,
				5.078,
				0,
				5.133,
				0,
				0,
				5.367,
				0
			]
		},
		{
			"Target": "Parameter",
			"Id": "Param48",
			"Segments": [
				0,
				0,
				1,
				1.789,
				0,
				3.578,
				0,
				5.367,
				0
			]
		},
		{
			"Target": "Parameter",
			"Id": "Param63",
			"Segments": [
				0,
				0,
				1,
				1.789,
				0,
				3.578,
				0,
				5.367,
				0
			]
		},
		{
			"Target": "Parameter",
			"Id": "Param64",
			"Segments": [
				0,
				0,
				1,
				1.789,
				0,
				3.578,
				0,
				5.367,
				0
			]
		},
		{
			"Target": "Parameter",
			"Id": "Param127",
			"Segments": [
				0,
				0,
				1,
				1.789,
				0,
				3.578,
				0,
				5.367,
				0
			]
		},
		{
			"Target": "Parameter",
			"Id": "Param138",
			"Segments": [
				0,
				0,
				1,
				1.789,
				0,
				3.578,
				0,
				5.367,
				0
			]
		},
		{
			"Target": "Parameter",
			"Id": "Param125",
			"Segments": [
				0,
				0,
				1,
				1.789,
				0,
				3.578,
				0,
				5.367,
				0
			]
		},
		{
			"Target": "Parameter",
			"Id": "Param128",
			"Segments": [
				0,
				0,
				1,
				1.789,
				0,
				3.578,
				0,
				5.367,
				0
			]
		},
		{
			"Target": "Parameter",
			"Id": "Param126",
			"Segments": [
				0,
				0,
				0,
				5.367,
				0
			]
		},
		{
			"Target": "Parameter",
			"Id": "Param124",
			"Segments": [
				0,
				0,
				1,
				1.789,
				0,
				3.578,
				0,
				5.367,
				0
			]
		},
		{
			"Target": "Parameter",
			"Id": "Param179",
			"Segments": [
				0,
				0,
				0,
				5.367,
				0
			]
		},
		{
			"Target": "Parameter",
			"Id": "Param192",
			"Segments": [
				0,
				0,
				0,
				5.367,
				0
			]
		},
		{
			"Target": "Parameter",
			"Id": "Param189",
			"Segments": [
				0,
				0,
				0,
				5.367,
				0
			]
		},
		{
			"Target": "Parameter",
			"Id": "Param137",
			"Segments": [
				0,
				0,
				1,
				1.789,
				0,
				3.578,
				0,
				5.367,
				0
			]
		},
		{
			"Target": "Parameter",
			"Id": "Param46",
			"Segments": [
				0,
				0,
				1,
				1.789,
				0,
				3.578,
				0,
				5.367,
				0
			]
		},
		{
			"Target": "Parameter",
			"Id": "Param47",
			"Segments": [
				0,
				0,
				1,
				1.789,
				0,
				3.578,
				0,
				5.367,
				0
			]
		},
		{
			"Target": "Parameter",
			"Id": "Param196",
			"Segments": [
				0,
				0,
				0,
				5.367,
				0
			]
		},
		{
			"Target": "Parameter",
			"Id": "Param123",
			"Segments": [
				0,
				0,
				1,
				1.789,
				0,
				3.578,
				0,
				5.367,
				0
			]
		},
		{
			"Target": "Parameter",
			"Id": "Param134",
			"Segments": [
				0,
				0,
				1,
				1.789,
				0,
				3.578,
				0,
				5.367,
				0
			]
		},
		{
			"Target": "Parameter",
			"Id": "Param135",
			"Segments": [
				0,
				0,
				1,
				1.789,
				0,
				3.578,
				0,
				5.367,
				0
			]
		},
		{
			"Target": "Parameter",
			"Id": "Param136",
			"Segments": [
				0,
				0,
				1,
				1.789,
				0,
				3.578,
				0,
				5.367,
				0
			]
		},
		{
			"Target": "Parameter",
			"Id": "Param_Angle_Rotation5",
			"Segments": [
				0,
				-3.15,
				1,
				0.089,
				-3.15,
				0.178,
				-3.738,
				0.267,
				-3.738,
				1,
				0.389,
				-3.738,
				0.511,
				6.338,
				0.633,
				6.338,
				1,
				0.767,
				6.338,
				0.9,
				-4.797,
				1.033,
				-4.797,
				1,
				1.211,
				-4.797,
				1.389,
				6.432,
				1.567,
				6.432,
				1,
				1.733,
				6.432,
				1.9,
				-3.46,
				2.067,
				-3.46,
				1,
				2.289,
				-3.46,
				2.511,
				2.155,
				2.733,
				2.155,
				1,
				2.844,
				2.155,
				2.956,
				-1.991,
				3.067,
				-1.991,
				1,
				3.156,
				-1.991,
				3.244,
				2.95,
				3.333,
				2.95,
				1,
				3.422,
				2.95,
				3.511,
				-1.812,
				3.6,
				-1.812,
				1,
				3.689,
				-1.812,
				3.778,
				3.476,
				3.867,
				3.476,
				1,
				4.044,
				3.476,
				4.222,
				-4.487,
				4.4,
				-4.487,
				1,
				4.667,
				-4.487,
				4.933,
				2.93,
				5.2,
				2.93,
				1,
				5.256,
				2.93,
				5.311,
				-1.292,
				5.367,
				-2.7
			]
		},
		{
			"Target": "Parameter",
			"Id": "Param_Angle_Rotation6",
			"Segments": [
				0,
				0.259,
				1,
				0.056,
				0.259,
				0.111,
				1.567,
				0.167,
				1.567,
				1,
				0.278,
				1.567,
				0.389,
				-4.572,
				0.5,
				-4.572,
				1,
				0.622,
				-4.572,
				0.744,
				5.467,
				0.867,
				5.467,
				1,
				1.022,
				5.467,
				1.178,
				-4.907,
				1.333,
				-4.907,
				1,
				1.489,
				-4.907,
				1.644,
				4.625,
				1.8,
				4.625,
				1,
				1.967,
				4.625,
				2.133,
				-2.266,
				2.3,
				-2.266,
				1,
				2.522,
				-2.266,
				2.744,
				1.842,
				2.967,
				1.842,
				1,
				2.978,
				1.842,
				2.989,
				1.842,
				3,
				1.842,
				1,
				3.089,
				1.842,
				3.178,
				-3.043,
				3.267,
				-3.043,
				1,
				3.367,
				-3.043,
				3.467,
				3.497,
				3.567,
				3.497,
				1,
				3.656,
				3.497,
				3.744,
				-2.57,
				3.833,
				-2.57,
				1,
				3.933,
				-2.57,
				4.033,
				3.55,
				4.133,
				3.55,
				1,
				4.311,
				3.55,
				4.489,
				-1.822,
				4.667,
				-1.822,
				1,
				4.9,
				-1.822,
				5.133,
				-1.24,
				5.367,
				0.067
			]
		},
		{
			"Target": "Parameter",
			"Id": "Param_Angle_Rotation7",
			"Segments": [
				0,
				1.362,
				1,
				0.056,
				1.362,
				0.111,
				1.478,
				0.167,
				0.855,
				1,
				0.278,
				-0.392,
				0.389,
				-2.493,
				0.5,
				-2.493,
				1,
				0.622,
				-2.493,
				0.744,
				2.981,
				0.867,
				2.981,
				1,
				1.022,
				2.981,
				1.178,
				-2.676,
				1.333,
				-2.676,
				1,
				1.489,
				-2.676,
				1.644,
				2.522,
				1.8,
				2.522,
				1,
				1.967,
				2.522,
				2.133,
				-1.236,
				2.3,
				-1.236,
				1,
				2.522,
				-1.236,
				2.744,
				1.004,
				2.967,
				1.004,
				1,
				2.978,
				1.004,
				2.989,
				1.004,
				3,
				1.004,
				1,
				3.089,
				1.004,
				3.178,
				-1.659,
				3.267,
				-1.659,
				1,
				3.367,
				-1.659,
				3.467,
				1.907,
				3.567,
				1.907,
				1,
				3.656,
				1.907,
				3.744,
				-1.401,
				3.833,
				-1.401,
				1,
				3.933,
				-1.401,
				4.033,
				1.936,
				4.133,
				1.936,
				1,
				4.311,
				1.936,
				4.489,
				-0.994,
				4.667,
				-0.994,
				1,
				4.9,
				-0.993,
				5.133,
				0.213,
				5.367,
				1.22
			]
		},
		{
			"Target": "Parameter",
			"Id": "Param_Angle_Rotation8",
			"Segments": [
				0,
				5.224,
				1,
				0.111,
				5.224,
				0.222,
				3.308,
				0.333,
				0.998,
				1,
				0.444,
				-1.311,
				0.556,
				-1.953,
				0.667,
				-1.953,
				1,
				0.778,
				-1.953,
				0.889,
				2.074,
				1,
				2.074,
				1,
				1.156,
				2.074,
				1.311,
				-1.823,
				1.467,
				-1.823,
				1,
				1.622,
				-1.823,
				1.778,
				1.355,
				1.933,
				1.355,
				1,
				2.089,
				1.355,
				2.244,
				-0.473,
				2.4,
				-0.473,
				1,
				2.622,
				-0.473,
				2.844,
				0.683,
				3.067,
				0.683,
				1,
				3.178,
				0.683,
				3.289,
				-1.175,
				3.4,
				-1.175,
				1,
				3.522,
				-1.175,
				3.644,
				0.291,
				3.767,
				0.291,
				1,
				3.833,
				0.291,
				3.9,
				-1.612,
				3.967,
				-1.612,
				1,
				4.078,
				-1.612,
				4.189,
				1.53,
				4.3,
				1.53,
				1,
				4.456,
				1.53,
				4.611,
				-0.367,
				4.767,
				-0.367,
				1,
				4.8,
				-0.367,
				4.833,
				-0.355,
				4.867,
				-0.355,
				1,
				4.967,
				-0.355,
				5.067,
				-0.473,
				5.167,
				-0.473,
				1,
				5.233,
				-0.473,
				5.3,
				3.713,
				5.367,
				4.908
			]
		},
		{
			"Target": "Parameter",
			"Id": "Param8",
			"Segments": [
				0,
				8.006,
				1,
				0.111,
				8.006,
				0.222,
				2.669,
				0.333,
				0.665,
				1,
				0.444,
				-1.338,
				0.556,
				-1.302,
				0.667,
				-1.302,
				1,
				0.778,
				-1.302,
				0.889,
				1.383,
				1,
				1.383,
				1,
				1.156,
				1.383,
				1.311,
				-1.216,
				1.467,
				-1.216,
				1,
				1.622,
				-1.216,
				1.778,
				0.903,
				1.933,
				0.903,
				1,
				2.089,
				0.903,
				2.244,
				-0.315,
				2.4,
				-0.315,
				1,
				2.622,
				-0.315,
				2.844,
				0.455,
				3.067,
				0.455,
				1,
				3.178,
				0.455,
				3.289,
				-0.784,
				3.4,
				-0.784,
				1,
				3.522,
				-0.784,
				3.644,
				0.194,
				3.767,
				0.194,
				1,
				3.833,
				0.194,
				3.9,
				-1.075,
				3.967,
				-1.075,
				1,
				4.078,
				-1.075,
				4.189,
				1.02,
				4.3,
				1.02,
				1,
				4.456,
				1.02,
				4.611,
				-0.244,
				4.767,
				-0.244,
				1,
				4.8,
				-0.244,
				4.833,
				-0.237,
				4.867,
				-0.237,
				1,
				4.967,
				-0.237,
				5.067,
				-0.315,
				5.167,
				-0.315,
				1,
				5.233,
				-0.315,
				5.3,
				5.798,
				5.367,
				7.545
			]
		},
		{
			"Target": "Parameter",
			"Id": "Param10",
			"Segments": [
				0,
				1.701,
				1,
				0.078,
				1.701,
				0.156,
				2.899,
				0.233,
				2.899,
				1,
				0.356,
				2.899,
				0.478,
				-6.978,
				0.6,
				-6.978,
				1,
				0.744,
				-6.978,
				0.889,
				6.282,
				1.033,
				6.282,
				1,
				1.211,
				6.282,
				1.389,
				-4.904,
				1.567,
				-4.904,
				1,
				1.733,
				-4.904,
				1.9,
				3.949,
				2.067,
				3.949,
				1,
				2.278,
				3.949,
				2.489,
				-1.518,
				2.7,
				-1.518,
				1,
				2.822,
				-1.518,
				2.944,
				2.813,
				3.067,
				2.813,
				1,
				3.156,
				2.813,
				3.244,
				-2.058,
				3.333,
				-2.058,
				1,
				3.422,
				-2.058,
				3.511,
				2.635,
				3.6,
				2.635,
				1,
				3.7,
				2.635,
				3.8,
				-2.561,
				3.9,
				-2.561,
				1,
				4.044,
				-2.561,
				4.189,
				1.261,
				4.333,
				1.261,
				1,
				4.589,
				1.261,
				4.844,
				-2.725,
				5.1,
				-2.725,
				1,
				5.189,
				-2.725,
				5.278,
				0.772,
				5.367,
				1.549
			]
		},
		{
			"Target": "Parameter",
			"Id": "Param11",
			"Segments": [
				0,
				-1.443,
				1,
				0.056,
				-1.443,
				0.111,
				-1.366,
				0.167,
				-1.214,
				1,
				0.178,
				-1.183,
				0.189,
				-1.169,
				0.2,
				-1.169,
				1,
				0.211,
				-1.169,
				0.222,
				-1.212,
				0.233,
				-1.212,
				1,
				0.322,
				-1.212,
				0.411,
				4.373,
				0.5,
				4.373,
				1,
				0.622,
				4.373,
				0.744,
				-5.922,
				0.867,
				-5.922,
				1,
				1.022,
				-5.922,
				1.178,
				4.625,
				1.333,
				4.625,
				1,
				1.489,
				4.625,
				1.644,
				-4.37,
				1.8,
				-4.37,
				1,
				1.967,
				-4.37,
				2.133,
				2.206,
				2.3,
				2.206,
				1,
				2.522,
				2.206,
				2.744,
				-2.199,
				2.967,
				-2.199,
				1,
				3.067,
				-2.199,
				3.167,
				3.007,
				3.267,
				3.007,
				1,
				3.356,
				3.007,
				3.444,
				-2.699,
				3.533,
				-2.699,
				1,
				3.622,
				-2.699,
				3.711,
				2.615,
				3.8,
				2.615,
				1,
				3.911,
				2.615,
				4.022,
				-2.103,
				4.133,
				-2.103,
				1,
				4.278,
				-2.103,
				4.422,
				1.277,
				4.567,
				1.277,
				1,
				4.811,
				1.277,
				5.056,
				-1.183,
				5.3,
				-1.183,
				1,
				5.322,
				-1.183,
				5.344,
				-0.968,
				5.367,
				-0.968
			]
		},
		{
			"Target": "Parameter",
			"Id": "Param12",
			"Segments": [
				0,
				-3.121,
				1,
				0.1,
				-3.121,
				0.2,
				-1.295,
				0.3,
				-0.519,
				1,
				0.311,
				-0.433,
				0.322,
				-0.496,
				0.333,
				-0.496,
				1,
				0.344,
				-0.496,
				0.356,
				-0.531,
				0.367,
				-0.531,
				1,
				0.456,
				-0.531,
				0.544,
				2.075,
				0.633,
				2.075,
				1,
				0.756,
				2.075,
				0.878,
				-2.365,
				1,
				-2.365,
				1,
				1.144,
				-2.365,
				1.289,
				1.627,
				1.433,
				1.627,
				1,
				1.611,
				1.627,
				1.789,
				-1.204,
				1.967,
				-1.204,
				1,
				2.122,
				-1.204,
				2.278,
				0.408,
				2.433,
				0.408,
				1,
				2.656,
				0.408,
				2.878,
				-0.739,
				3.1,
				-0.739,
				1,
				3.2,
				-0.739,
				3.3,
				1.129,
				3.4,
				1.129,
				1,
				3.489,
				1.129,
				3.578,
				-1.001,
				3.667,
				-1.001,
				1,
				3.767,
				-1.001,
				3.867,
				1.136,
				3.967,
				1.136,
				1,
				4.078,
				1.136,
				4.189,
				-1.042,
				4.3,
				-1.042,
				1,
				4.411,
				-1.042,
				4.522,
				0.428,
				4.633,
				0.428,
				1,
				4.733,
				0.428,
				4.833,
				0.058,
				4.933,
				0.058,
				1,
				5.022,
				0.058,
				5.111,
				0.253,
				5.2,
				0.253,
				1,
				5.256,
				0.253,
				5.311,
				-2.09,
				5.367,
				-2.871
			]
		},
		{
			"Target": "Parameter",
			"Id": "Param13",
			"Segments": [
				0,
				-9.832,
				1,
				0.1,
				-9.832,
				0.2,
				-1.544,
				0.3,
				-0.519,
				1,
				0.311,
				-0.405,
				0.322,
				-0.496,
				0.333,
				-0.496,
				1,
				0.344,
				-0.496,
				0.356,
				-0.531,
				0.367,
				-0.531,
				1,
				0.456,
				-0.531,
				0.544,
				2.075,
				0.633,
				2.075,
				1,
				0.756,
				2.075,
				0.878,
				-2.365,
				1,
				-2.365,
				1,
				1.144,
				-2.365,
				1.289,
				1.627,
				1.433,
				1.627,
				1,
				1.611,
				1.627,
				1.789,
				-1.204,
				1.967,
				-1.204,
				1,
				2.122,
				-1.204,
				2.278,
				0.408,
				2.433,
				0.408,
				1,
				2.656,
				0.408,
				2.878,
				-0.739,
				3.1,
				-0.739,
				1,
				3.2,
				-0.739,
				3.3,
				1.129,
				3.4,
				1.129,
				1,
				3.489,
				1.129,
				3.578,
				-1.001,
				3.667,
				-1.001,
				1,
				3.767,
				-1.001,
				3.867,
				1.136,
				3.967,
				1.136,
				1,
				4.078,
				1.136,
				4.189,
				-1.042,
				4.3,
				-1.042,
				1,
				4.411,
				-1.042,
				4.522,
				0.428,
				4.633,
				0.428,
				1,
				4.733,
				0.428,
				4.833,
				0.058,
				4.933,
				0.058,
				1,
				5.022,
				0.058,
				5.111,
				0.253,
				5.2,
				0.253,
				1,
				5.256,
				0.253,
				5.311,
				-6.75,
				5.367,
				-9.085
			]
		},
		{
			"Target": "Parameter",
			"Id": "Param14",
			"Segments": [
				0,
				17.992,
				1,
				0.1,
				17.992,
				0.2,
				1.111,
				0.3,
				0.348,
				1,
				0.311,
				0.263,
				0.322,
				0.333,
				0.333,
				0.333,
				1,
				0.344,
				0.333,
				0.356,
				0.356,
				0.367,
				0.356,
				1,
				0.456,
				0.356,
				0.544,
				-1.391,
				0.633,
				-1.391,
				1,
				0.756,
				-1.391,
				0.878,
				1.584,
				1,
				1.584,
				1,
				1.144,
				1.584,
				1.289,
				-1.09,
				1.433,
				-1.09,
				1,
				1.611,
				-1.09,
				1.789,
				0.807,
				1.967,
				0.807,
				1,
				2.122,
				0.807,
				2.278,
				-0.273,
				2.433,
				-0.273,
				1,
				2.656,
				-0.273,
				2.878,
				0.495,
				3.1,
				0.495,
				1,
				3.2,
				0.495,
				3.3,
				-0.757,
				3.4,
				-0.757,
				1,
				3.489,
				-0.757,
				3.578,
				0.671,
				3.667,
				0.671,
				1,
				3.767,
				0.671,
				3.867,
				-0.761,
				3.967,
				-0.761,
				1,
				4.078,
				-0.761,
				4.189,
				0.698,
				4.3,
				0.698,
				1,
				4.411,
				0.698,
				4.522,
				-0.287,
				4.633,
				-0.287,
				1,
				4.733,
				-0.287,
				4.833,
				-0.039,
				4.933,
				-0.039,
				1,
				5.022,
				-0.039,
				5.111,
				-0.17,
				5.2,
				-0.17,
				1,
				5.256,
				-0.17,
				5.311,
				12.443,
				5.367,
				16.647
			]
		},
		{
			"Target": "Parameter",
			"Id": "Param6",
			"Segments": [
				0,
				7.81,
				1,
				0.067,
				7.81,
				0.133,
				8.401,
				0.2,
				6.331,
				1,
				0.322,
				2.535,
				0.444,
				-19.54,
				0.567,
				-19.54,
				1,
				0.7,
				-19.54,
				0.833,
				19.286,
				0.967,
				19.286,
				1,
				1.133,
				19.286,
				1.3,
				-12.655,
				1.467,
				-12.655,
				1,
				1.622,
				-12.655,
				1.778,
				11.425,
				1.933,
				11.425,
				1,
				2.178,
				11.425,
				2.422,
				-4.535,
				2.667,
				-4.535,
				1,
				2.789,
				-4.535,
				2.911,
				7.028,
				3.033,
				7.028,
				1,
				3.133,
				7.028,
				3.233,
				-9.341,
				3.333,
				-9.341,
				1,
				3.422,
				-9.341,
				3.511,
				7.384,
				3.6,
				7.384,
				1,
				3.689,
				7.384,
				3.778,
				-9.522,
				3.867,
				-9.522,
				1,
				3.989,
				-9.522,
				4.111,
				5.879,
				4.233,
				5.879,
				1,
				4.522,
				5.879,
				4.811,
				-5.431,
				5.1,
				-5.431,
				1,
				5.189,
				-5.431,
				5.278,
				5.031,
				5.367,
				7.356
			]
		},
		{
			"Target": "Parameter",
			"Id": "Param7",
			"Segments": [
				0,
				-1.584,
				1,
				0.056,
				-1.584,
				0.111,
				-2.847,
				0.167,
				-2.847,
				1,
				0.267,
				-2.847,
				0.367,
				7.746,
				0.467,
				7.746,
				1,
				0.567,
				7.746,
				0.667,
				-11.175,
				0.767,
				-11.175,
				1,
				0.867,
				-11.175,
				0.967,
				10.638,
				1.067,
				10.638,
				1,
				1.2,
				10.638,
				1.333,
				-7.173,
				1.467,
				-7.173,
				1,
				1.633,
				-7.173,
				1.8,
				4.548,
				1.967,
				4.548,
				1,
				2.089,
				4.548,
				2.211,
				-3.94,
				2.333,
				-3.94,
				1,
				2.456,
				-3.94,
				2.578,
				1.232,
				2.7,
				1.232,
				1,
				2.789,
				1.232,
				2.878,
				-1.908,
				2.967,
				-1.908,
				1,
				3.056,
				-1.908,
				3.144,
				7.103,
				3.233,
				7.103,
				1,
				3.322,
				7.103,
				3.411,
				-10.102,
				3.5,
				-10.102,
				1,
				3.589,
				-10.102,
				3.678,
				11.181,
				3.767,
				11.181,
				1,
				3.867,
				11.181,
				3.967,
				-8.611,
				4.067,
				-8.611,
				1,
				4.167,
				-8.611,
				4.267,
				5.725,
				4.367,
				5.725,
				1,
				4.478,
				5.725,
				4.589,
				-3.857,
				4.7,
				-3.857,
				1,
				4.822,
				-3.857,
				4.944,
				2.32,
				5.067,
				2.32,
				1,
				5.167,
				2.32,
				5.267,
				-0.842,
				5.367,
				-1.475
			]
		},
		{
			"Target": "Parameter",
			"Id": "Param15",
			"Segments": [
				0,
				0.597,
				1,
				0.067,
				0.597,
				0.133,
				2.253,
				0.2,
				2.253,
				1,
				0.322,
				2.253,
				0.444,
				-10.699,
				0.567,
				-10.699,
				1,
				0.722,
				-10.699,
				0.878,
				10.63,
				1.033,
				10.63,
				1,
				1.2,
				10.63,
				1.367,
				-4.917,
				1.533,
				-4.917,
				1,
				1.689,
				-4.917,
				1.844,
				6.177,
				2,
				6.177,
				1,
				2.233,
				6.177,
				2.467,
				-2.785,
				2.7,
				-2.785,
				1,
				2.822,
				-2.785,
				2.944,
				2.928,
				3.067,
				2.928,
				1,
				3.156,
				2.928,
				3.244,
				-4.513,
				3.333,
				-4.513,
				1,
				3.422,
				-4.513,
				3.511,
				2.659,
				3.6,
				2.659,
				1,
				3.689,
				2.659,
				3.778,
				-4.513,
				3.867,
				-4.513,
				1,
				4.011,
				-4.513,
				4.156,
				1.442,
				4.3,
				1.442,
				1,
				4.578,
				1.442,
				4.856,
				-2.64,
				5.133,
				-2.64,
				1,
				5.211,
				-2.64,
				5.289,
				-0.588,
				5.367,
				0.298
			]
		},
		{
			"Target": "Parameter",
			"Id": "Param16",
			"Segments": [
				0,
				-4.877,
				1,
				0.056,
				-4.877,
				0.111,
				-3.772,
				0.167,
				-1.369,
				1,
				0.278,
				3.437,
				0.389,
				5.941,
				0.5,
				5.941,
				1,
				0.622,
				5.941,
				0.744,
				-8.568,
				0.867,
				-8.568,
				1,
				1.033,
				-8.568,
				1.2,
				5.252,
				1.367,
				5.252,
				1,
				1.522,
				5.252,
				1.678,
				-4.196,
				1.833,
				-4.196,
				1,
				2.022,
				-4.196,
				2.211,
				2.159,
				2.4,
				2.159,
				1,
				2.6,
				2.159,
				2.8,
				-2.698,
				3,
				-2.698,
				1,
				3.089,
				-2.698,
				3.178,
				4.082,
				3.267,
				4.082,
				1,
				3.356,
				4.082,
				3.444,
				-3.865,
				3.533,
				-3.865,
				1,
				3.622,
				-3.865,
				3.711,
				3.738,
				3.8,
				3.738,
				1,
				3.911,
				3.738,
				4.022,
				-2.611,
				4.133,
				-2.611,
				1,
				4.322,
				-2.611,
				4.511,
				0.764,
				4.7,
				0.764,
				1,
				4.756,
				0.764,
				4.811,
				0.448,
				4.867,
				0.448,
				1,
				4.933,
				0.448,
				5,
				0.706,
				5.067,
				0.706,
				1,
				5.167,
				0.706,
				5.267,
				-3.816,
				5.367,
				-4.721
			]
		},
		{
			"Target": "Parameter",
			"Id": "Param17",
			"Segments": [
				0,
				-0.898,
				1,
				0.089,
				-0.898,
				0.178,
				-11.017,
				0.267,
				-11.017,
				1,
				0.378,
				-11.017,
				0.489,
				17.839,
				0.6,
				17.839,
				1,
				0.733,
				17.839,
				0.867,
				-14.017,
				1,
				-14.017,
				1,
				1.178,
				-14.017,
				1.356,
				17.029,
				1.533,
				17.029,
				1,
				1.7,
				17.029,
				1.867,
				-9.761,
				2.033,
				-9.761,
				1,
				2.256,
				-9.761,
				2.478,
				5.178,
				2.7,
				5.178,
				1,
				2.822,
				5.178,
				2.944,
				-6.922,
				3.067,
				-6.922,
				1,
				3.156,
				-6.922,
				3.244,
				7.683,
				3.333,
				7.683,
				1,
				3.422,
				7.683,
				3.511,
				-6.452,
				3.6,
				-6.452,
				1,
				3.689,
				-6.452,
				3.778,
				8.452,
				3.867,
				8.452,
				1,
				4.022,
				8.452,
				4.178,
				-10.732,
				4.333,
				-10.732,
				1,
				4.6,
				-10.732,
				4.867,
				8.431,
				5.133,
				8.431,
				1,
				5.211,
				8.431,
				5.289,
				2.893,
				5.367,
				0.105
			]
		},
		{
			"Target": "Parameter",
			"Id": "Param18",
			"Segments": [
				0,
				-6.337,
				1,
				0.067,
				-6.337,
				0.133,
				8.881,
				0.2,
				8.881,
				1,
				0.311,
				8.881,
				0.422,
				-13.686,
				0.533,
				-13.686,
				1,
				0.644,
				-13.686,
				0.756,
				10.766,
				0.867,
				10.766,
				1,
				1.056,
				10.766,
				1.244,
				-8.731,
				1.433,
				-8.731,
				1,
				1.578,
				-8.731,
				1.722,
				4.636,
				1.867,
				4.636,
				1,
				2.133,
				4.636,
				2.4,
				-2.368,
				2.667,
				-2.368,
				1,
				2.778,
				-2.368,
				2.889,
				5.699,
				3,
				5.699,
				1,
				3.089,
				5.699,
				3.178,
				-8.556,
				3.267,
				-8.556,
				1,
				3.356,
				-8.556,
				3.444,
				9.428,
				3.533,
				9.428,
				1,
				3.622,
				9.428,
				3.711,
				-9.697,
				3.8,
				-9.697,
				1,
				3.911,
				-9.697,
				4.022,
				7.608,
				4.133,
				7.608,
				1,
				4.233,
				7.608,
				4.333,
				2.792,
				4.433,
				2.792,
				1,
				4.467,
				2.792,
				4.5,
				2.975,
				4.533,
				2.975,
				1,
				4.711,
				2.975,
				4.889,
				-2.367,
				5.067,
				-4.955,
				1,
				5.167,
				-6.41,
				5.267,
				-6.365,
				5.367,
				-6.342
			]
		},
		{
			"Target": "Parameter",
			"Id": "Param19",
			"Segments": [
				0,
				-1.778,
				1,
				0.067,
				-1.778,
				0.133,
				1.853,
				0.2,
				1.853,
				1,
				0.322,
				1.853,
				0.444,
				-8.541,
				0.567,
				-8.541,
				1,
				0.7,
				-8.541,
				0.833,
				8.157,
				0.967,
				8.157,
				1,
				1.144,
				8.157,
				1.322,
				-3.618,
				1.5,
				-3.618,
				1,
				1.644,
				-3.618,
				1.789,
				4.765,
				1.933,
				4.765,
				1,
				2.189,
				4.765,
				2.444,
				-1.916,
				2.7,
				-1.916,
				1,
				2.811,
				-1.916,
				2.922,
				2.533,
				3.033,
				2.533,
				1,
				3.122,
				2.533,
				3.211,
				-3.956,
				3.3,
				-3.956,
				1,
				3.389,
				-3.956,
				3.478,
				2.658,
				3.567,
				2.658,
				1,
				3.667,
				2.658,
				3.767,
				-4.05,
				3.867,
				-4.05,
				1,
				3.989,
				-4.05,
				4.111,
				1.098,
				4.233,
				1.098,
				1,
				4.522,
				1.098,
				4.811,
				-2.093,
				5.1,
				-2.093,
				1,
				5.189,
				-2.093,
				5.278,
				-2.061,
				5.367,
				-1.861
			]
		},
		{
			"Target": "Parameter",
			"Id": "Param20",
			"Segments": [
				0,
				-7.029,
				1,
				0.056,
				-7.029,
				0.111,
				-4.035,
				0.167,
				-1.334,
				1,
				0.267,
				3.528,
				0.367,
				5.015,
				0.467,
				5.015,
				1,
				0.578,
				5.015,
				0.689,
				-6.361,
				0.8,
				-6.361,
				1,
				0.9,
				-6.361,
				1,
				2.365,
				1.1,
				2.365,
				1,
				1.322,
				2.365,
				1.544,
				-2.177,
				1.767,
				-2.177,
				1,
				1.867,
				-2.177,
				1.967,
				0.976,
				2.067,
				0.976,
				1,
				2.144,
				0.976,
				2.222,
				-0.055,
				2.3,
				-0.055,
				1,
				2.411,
				-0.055,
				2.522,
				0.586,
				2.633,
				0.586,
				1,
				2.744,
				0.586,
				2.856,
				-1.728,
				2.967,
				-1.728,
				1,
				3.056,
				-1.728,
				3.144,
				4.195,
				3.233,
				4.195,
				1,
				3.322,
				4.195,
				3.411,
				-4.741,
				3.5,
				-4.741,
				1,
				3.589,
				-4.741,
				3.678,
				5.088,
				3.767,
				5.088,
				1,
				3.867,
				5.088,
				3.967,
				-2.998,
				4.067,
				-2.998,
				1,
				4.167,
				-2.998,
				4.267,
				1.203,
				4.367,
				1.203,
				1,
				4.456,
				1.203,
				4.544,
				-0.39,
				4.633,
				-0.39,
				1,
				4.778,
				-0.39,
				4.922,
				0.662,
				5.067,
				0.662,
				1,
				5.167,
				0.662,
				5.267,
				-5.568,
				5.367,
				-6.814
			]
		},
		{
			"Target": "Parameter",
			"Id": "Param21",
			"Segments": [
				0,
				-2.647,
				1,
				0.1,
				-2.647,
				0.2,
				-6.967,
				0.3,
				-6.967,
				1,
				0.422,
				-6.967,
				0.544,
				12.459,
				0.667,
				12.459,
				1,
				0.811,
				12.459,
				0.956,
				-10.596,
				1.1,
				-10.596,
				1,
				1.267,
				-10.596,
				1.433,
				13.848,
				1.6,
				13.848,
				1,
				1.778,
				13.848,
				1.956,
				-9.476,
				2.133,
				-9.476,
				1,
				2.333,
				-9.476,
				2.533,
				7.736,
				2.733,
				7.736,
				1,
				2.856,
				7.736,
				2.978,
				-1.921,
				3.1,
				-1.921,
				1,
				3.189,
				-1.921,
				3.278,
				5.351,
				3.367,
				5.351,
				1,
				3.456,
				5.351,
				3.544,
				-0.426,
				3.633,
				-0.426,
				1,
				3.722,
				-0.426,
				3.811,
				5.448,
				3.9,
				5.448,
				1,
				4.1,
				5.448,
				4.3,
				-13.35,
				4.5,
				-13.35,
				1,
				4.744,
				-13.35,
				4.989,
				7.033,
				5.233,
				7.033,
				1,
				5.278,
				7.033,
				5.322,
				0.838,
				5.367,
				-1.64
			]
		},
		{
			"Target": "Parameter",
			"Id": "Param22",
			"Segments": [
				0,
				-7.397,
				1,
				0.067,
				-7.397,
				0.133,
				2.467,
				0.2,
				2.467,
				1,
				0.311,
				2.467,
				0.422,
				-10.647,
				0.533,
				-10.647,
				1,
				0.667,
				-10.647,
				0.8,
				15.598,
				0.933,
				15.598,
				1,
				1.078,
				15.598,
				1.222,
				-14.987,
				1.367,
				-14.987,
				1,
				1.522,
				-14.987,
				1.678,
				17.024,
				1.833,
				17.024,
				1,
				2.011,
				17.024,
				2.189,
				-12.745,
				2.367,
				-12.745,
				1,
				2.567,
				-12.745,
				2.767,
				7.622,
				2.967,
				7.622,
				1,
				3.089,
				7.622,
				3.211,
				-6.553,
				3.333,
				-6.553,
				1,
				3.422,
				-6.553,
				3.511,
				3.492,
				3.6,
				3.492,
				1,
				3.689,
				3.492,
				3.778,
				-2.056,
				3.867,
				-2.056,
				1,
				3.978,
				-2.056,
				4.089,
				8.798,
				4.2,
				8.798,
				1,
				4.389,
				8.798,
				4.578,
				-9.167,
				4.767,
				-9.167,
				1,
				4.967,
				-9.167,
				5.167,
				-8.736,
				5.367,
				-7.594
			]
		},
		{
			"Target": "Parameter",
			"Id": "Param23",
			"Segments": [
				0,
				-4.647,
				1,
				0.089,
				-4.647,
				0.178,
				5.052,
				0.267,
				5.052,
				1,
				0.389,
				5.052,
				0.511,
				-13.049,
				0.633,
				-13.049,
				1,
				0.789,
				-13.049,
				0.944,
				14.236,
				1.1,
				14.236,
				1,
				1.267,
				14.236,
				1.433,
				-12.322,
				1.6,
				-12.322,
				1,
				1.778,
				-12.322,
				1.956,
				10.72,
				2.133,
				10.72,
				1,
				2.333,
				10.72,
				2.533,
				-3.671,
				2.733,
				-3.671,
				1,
				2.856,
				-3.671,
				2.978,
				7.088,
				3.1,
				7.088,
				1,
				3.189,
				7.088,
				3.278,
				-0.083,
				3.367,
				-0.083,
				1,
				3.444,
				-0.083,
				3.522,
				4.721,
				3.6,
				4.721,
				1,
				3.733,
				4.721,
				3.867,
				-4.305,
				4,
				-4.305,
				1,
				4.122,
				-4.305,
				4.244,
				0.052,
				4.367,
				0.052,
				1,
				4.589,
				0.052,
				4.811,
				-7.941,
				5.033,
				-7.941,
				1,
				5.144,
				-7.941,
				5.256,
				-7.674,
				5.367,
				-5.393
			]
		},
		{
			"Target": "Parameter",
			"Id": "Param24",
			"Segments": [
				0,
				-13.284,
				1,
				0.056,
				-13.284,
				0.111,
				-5.791,
				0.167,
				-1.541,
				1,
				0.278,
				6.959,
				0.389,
				9.032,
				0.5,
				9.032,
				1,
				0.633,
				9.032,
				0.767,
				-19.587,
				0.9,
				-19.587,
				1,
				1.056,
				-19.587,
				1.211,
				22.141,
				1.367,
				22.141,
				1,
				1.533,
				22.141,
				1.7,
				-19.595,
				1.867,
				-19.595,
				1,
				2.044,
				-19.595,
				2.222,
				14.802,
				2.4,
				14.802,
				1,
				2.6,
				14.802,
				2.8,
				-10.751,
				3,
				-10.751,
				1,
				3.111,
				-10.751,
				3.222,
				6.35,
				3.333,
				6.35,
				1,
				3.422,
				6.35,
				3.511,
				-1.922,
				3.6,
				-1.922,
				1,
				3.689,
				-1.922,
				3.778,
				4.245,
				3.867,
				4.245,
				1,
				3.978,
				4.245,
				4.089,
				-3.438,
				4.2,
				-3.438,
				1,
				4.356,
				-3.438,
				4.511,
				7.163,
				4.667,
				7.163,
				1,
				4.9,
				7.163,
				5.133,
				1.366,
				5.367,
				-11.134
			]
		},
		{
			"Target": "Parameter",
			"Id": "Param25",
			"Segments": [
				0,
				-20.52,
				1,
				0.078,
				-20.52,
				0.156,
				-21.088,
				0.233,
				-14.33,
				1,
				0.344,
				-4.675,
				0.456,
				16.188,
				0.567,
				16.188,
				1,
				0.689,
				16.188,
				0.811,
				-14.56,
				0.933,
				-14.56,
				1,
				1.111,
				-14.56,
				1.289,
				24.636,
				1.467,
				24.636,
				1,
				1.644,
				24.636,
				1.822,
				-12.402,
				2,
				-12.402,
				1,
				2.189,
				-12.402,
				2.378,
				6.501,
				2.567,
				6.501,
				1,
				2.711,
				6.501,
				2.856,
				-8.97,
				3,
				-8.97,
				1,
				3.1,
				-8.97,
				3.2,
				11.678,
				3.3,
				11.678,
				1,
				3.389,
				11.678,
				3.478,
				-9.916,
				3.567,
				-9.916,
				1,
				3.656,
				-9.916,
				3.744,
				7.01,
				3.833,
				7.01,
				1,
				3.978,
				7.01,
				4.122,
				-14.373,
				4.267,
				-14.373,
				1,
				4.511,
				-14.373,
				4.756,
				12.297,
				5,
				12.297,
				1,
				5.122,
				12.297,
				5.244,
				-15.278,
				5.367,
				-19.874
			]
		},
		{
			"Target": "Parameter",
			"Id": "Param31",
			"Segments": [
				0,
				-17.787,
				1,
				0.067,
				-17.787,
				0.133,
				7.693,
				0.2,
				7.693,
				1,
				0.289,
				7.693,
				0.378,
				-11.897,
				0.467,
				-11.897,
				1,
				0.567,
				-11.897,
				0.667,
				13.497,
				0.767,
				13.497,
				1,
				0.889,
				13.497,
				1.011,
				-7.791,
				1.133,
				-7.791,
				1,
				1.333,
				-7.791,
				1.533,
				3.229,
				1.733,
				3.229,
				1,
				1.822,
				3.229,
				1.911,
				-3.542,
				2,
				-3.542,
				1,
				2.1,
				-3.542,
				2.2,
				1.439,
				2.3,
				1.439,
				1,
				2.356,
				1.439,
				2.411,
				0.408,
				2.467,
				0.408,
				1,
				2.544,
				0.408,
				2.622,
				1.026,
				2.7,
				1.026,
				1,
				2.711,
				1.026,
				2.722,
				1.016,
				2.733,
				1.016,
				1,
				2.8,
				1.016,
				2.867,
				3.069,
				2.933,
				3.069,
				1,
				3.033,
				3.069,
				3.133,
				-9.912,
				3.233,
				-9.912,
				1,
				3.311,
				-9.912,
				3.389,
				13.095,
				3.467,
				13.095,
				1,
				3.556,
				13.095,
				3.644,
				-11.35,
				3.733,
				-11.35,
				1,
				3.833,
				-11.35,
				3.933,
				10.387,
				4.033,
				10.387,
				1,
				4.144,
				10.387,
				4.256,
				-0.529,
				4.367,
				-0.529,
				1,
				4.444,
				-0.529,
				4.522,
				2.196,
				4.6,
				2.196,
				1,
				4.711,
				2.196,
				4.822,
				-2.123,
				4.933,
				-2.123,
				1,
				4.989,
				-2.123,
				5.044,
				-1.746,
				5.1,
				-1.746,
				1,
				5.133,
				-1.746,
				5.167,
				-1.651,
				5.2,
				-1.862,
				1,
				5.256,
				-2.214,
				5.311,
				-13.038,
				5.367,
				-16.637
			]
		},
		{
			"Target": "Parameter",
			"Id": "Param26",
			"Segments": [
				0,
				15.684,
				1,
				0.067,
				15.684,
				0.133,
				13.962,
				0.2,
				4.259,
				1,
				0.311,
				-11.913,
				0.422,
				-25.041,
				0.533,
				-25.041,
				1,
				0.678,
				-25.041,
				0.822,
				24.45,
				0.967,
				24.45,
				1,
				1.144,
				24.45,
				1.322,
				-14.387,
				1.5,
				-14.387,
				1,
				1.667,
				-14.387,
				1.833,
				14.593,
				2,
				14.593,
				1,
				2.189,
				14.593,
				2.378,
				-6.566,
				2.567,
				-6.566,
				1,
				2.711,
				-6.566,
				2.856,
				7.849,
				3,
				7.849,
				1,
				3.1,
				7.849,
				3.2,
				-12.74,
				3.3,
				-12.74,
				1,
				3.389,
				-12.74,
				3.478,
				9.025,
				3.567,
				9.025,
				1,
				3.656,
				9.025,
				3.744,
				-7.088,
				3.833,
				-7.088,
				1,
				3.944,
				-7.088,
				4.056,
				2.282,
				4.167,
				2.282,
				1,
				4.444,
				2.282,
				4.722,
				-5.238,
				5,
				-5.238,
				1,
				5.122,
				-5.238,
				5.244,
				12.342,
				5.367,
				15.272
			]
		},
		{
			"Target": "Parameter",
			"Id": "Param32",
			"Segments": [
				0,
				11.179,
				1,
				0.056,
				11.179,
				0.111,
				-2.651,
				0.167,
				-2.651,
				1,
				0.267,
				-2.651,
				0.367,
				12.953,
				0.467,
				12.953,
				1,
				0.567,
				12.953,
				0.667,
				-14.604,
				0.767,
				-14.604,
				1,
				0.867,
				-14.604,
				0.967,
				5.306,
				1.067,
				5.306,
				1,
				1.289,
				5.306,
				1.511,
				-4.941,
				1.733,
				-4.941,
				1,
				1.833,
				-4.941,
				1.933,
				1.251,
				2.033,
				1.251,
				1,
				2.111,
				1.251,
				2.189,
				-1.641,
				2.267,
				-1.641,
				1,
				2.322,
				-1.641,
				2.378,
				-0.499,
				2.433,
				-0.499,
				1,
				2.5,
				-0.499,
				2.567,
				-1.121,
				2.633,
				-1.121,
				1,
				2.689,
				-1.121,
				2.744,
				-0.979,
				2.8,
				-0.979,
				1,
				2.844,
				-0.979,
				2.889,
				-2.754,
				2.933,
				-2.754,
				1,
				3.033,
				-2.754,
				3.133,
				10.352,
				3.233,
				10.352,
				1,
				3.311,
				10.352,
				3.389,
				-12.753,
				3.467,
				-12.753,
				1,
				3.556,
				-12.753,
				3.644,
				11.561,
				3.733,
				11.561,
				1,
				3.822,
				11.561,
				3.911,
				-6.673,
				4,
				-6.673,
				1,
				4.111,
				-6.673,
				4.222,
				2.957,
				4.333,
				2.957,
				1,
				4.422,
				2.957,
				4.511,
				-0.019,
				4.6,
				-0.019,
				1,
				4.733,
				-0.019,
				4.867,
				1.845,
				5,
				1.845,
				1,
				5.033,
				1.845,
				5.067,
				1.635,
				5.1,
				1.635,
				1,
				5.122,
				1.635,
				5.144,
				1.368,
				5.167,
				1.917,
				1,
				5.233,
				3.565,
				5.3,
				9.193,
				5.367,
				10.767
			]
		},
		{
			"Target": "Parameter",
			"Id": "Param27",
			"Segments": [
				0,
				-7.945,
				1,
				0.078,
				-7.945,
				0.156,
				-8.07,
				0.233,
				-8.07,
				1,
				0.344,
				-8.07,
				0.456,
				9.521,
				0.567,
				9.521,
				1,
				0.689,
				9.521,
				0.811,
				-8.496,
				0.933,
				-8.496,
				1,
				1.111,
				-8.496,
				1.289,
				13.742,
				1.467,
				13.742,
				1,
				1.633,
				13.742,
				1.8,
				-7.203,
				1.967,
				-7.203,
				1,
				2.156,
				-7.203,
				2.344,
				3.758,
				2.533,
				3.758,
				1,
				2.689,
				3.758,
				2.844,
				-5.197,
				3,
				-5.197,
				1,
				3.1,
				-5.197,
				3.2,
				6.901,
				3.3,
				6.901,
				1,
				3.378,
				6.901,
				3.456,
				-5.896,
				3.533,
				-5.896,
				1,
				3.633,
				-5.896,
				3.733,
				4.217,
				3.833,
				4.217,
				1,
				3.967,
				4.217,
				4.1,
				-8.006,
				4.233,
				-8.006,
				1,
				4.489,
				-8.006,
				4.744,
				6.781,
				5,
				6.781,
				1,
				5.122,
				6.781,
				5.244,
				-5.593,
				5.367,
				-7.655
			]
		},
		{
			"Target": "Parameter",
			"Id": "Param29",
			"Segments": [
				0,
				1.942,
				1,
				0.056,
				1.942,
				0.111,
				5.13,
				0.167,
				5.13,
				1,
				0.267,
				5.13,
				0.367,
				-10.728,
				0.467,
				-10.728,
				1,
				0.578,
				-10.728,
				0.689,
				11.033,
				0.8,
				11.033,
				1,
				0.944,
				11.033,
				1.089,
				-8.547,
				1.233,
				-8.547,
				1,
				1.4,
				-8.547,
				1.567,
				9.066,
				1.733,
				9.066,
				1,
				1.878,
				9.066,
				2.022,
				-3.657,
				2.167,
				-3.657,
				1,
				2.422,
				-3.657,
				2.678,
				3.635,
				2.933,
				3.635,
				1,
				3.033,
				3.635,
				3.133,
				-8.607,
				3.233,
				-8.607,
				1,
				3.322,
				-8.607,
				3.411,
				9.447,
				3.5,
				9.447,
				1,
				3.589,
				9.447,
				3.678,
				-7.797,
				3.767,
				-7.797,
				1,
				3.867,
				-7.797,
				3.967,
				6.973,
				4.067,
				6.973,
				1,
				4.2,
				6.973,
				4.333,
				-2.902,
				4.467,
				-2.902,
				1,
				4.522,
				-2.902,
				4.578,
				-2.564,
				4.633,
				-2.564,
				1,
				4.678,
				-2.564,
				4.722,
				-3.062,
				4.767,
				-3.062,
				1,
				4.967,
				-3.062,
				5.167,
				1.429,
				5.367,
				1.902
			]
		},
		{
			"Target": "Parameter",
			"Id": "Param28",
			"Segments": [
				0,
				10.922,
				1,
				0.067,
				10.922,
				0.133,
				8.313,
				0.2,
				2.267,
				1,
				0.311,
				-7.809,
				0.422,
				-13.298,
				0.533,
				-13.298,
				1,
				0.667,
				-13.298,
				0.8,
				13.2,
				0.933,
				13.2,
				1,
				1.111,
				13.2,
				1.289,
				-7.907,
				1.467,
				-7.907,
				1,
				1.633,
				-7.907,
				1.8,
				7.795,
				1.967,
				7.795,
				1,
				2.167,
				7.795,
				2.367,
				-3.593,
				2.567,
				-3.593,
				1,
				2.711,
				-3.593,
				2.856,
				4.33,
				3,
				4.33,
				1,
				3.1,
				4.33,
				3.2,
				-7.027,
				3.3,
				-7.027,
				1,
				3.389,
				-7.027,
				3.478,
				5.128,
				3.567,
				5.128,
				1,
				3.656,
				5.128,
				3.744,
				-3.985,
				3.833,
				-3.985,
				1,
				3.933,
				-3.985,
				4.033,
				1.369,
				4.133,
				1.369,
				1,
				4.422,
				1.369,
				4.711,
				-2.627,
				5,
				-2.627,
				1,
				5.122,
				-2.627,
				5.244,
				8.758,
				5.367,
				10.655
			]
		},
		{
			"Target": "Parameter",
			"Id": "Param30",
			"Segments": [
				0,
				-1.141,
				1,
				0.044,
				-1.141,
				0.089,
				-1.494,
				0.133,
				-1.494,
				1,
				0.233,
				-1.494,
				0.333,
				7.795,
				0.433,
				7.795,
				1,
				0.544,
				7.795,
				0.656,
				-12.458,
				0.767,
				-12.458,
				1,
				0.922,
				-12.458,
				1.078,
				7.146,
				1.233,
				7.146,
				1,
				1.4,
				7.146,
				1.567,
				-6.433,
				1.733,
				-6.433,
				1,
				1.878,
				-6.433,
				2.022,
				2.955,
				2.167,
				2.955,
				1,
				2.422,
				2.955,
				2.678,
				-2.971,
				2.933,
				-2.971,
				1,
				3.033,
				-2.971,
				3.133,
				7.17,
				3.233,
				7.17,
				1,
				3.322,
				7.17,
				3.411,
				-7.907,
				3.5,
				-7.907,
				1,
				3.589,
				-7.907,
				3.678,
				6.377,
				3.767,
				6.377,
				1,
				3.856,
				6.377,
				3.944,
				-3.587,
				4.033,
				-3.587,
				1,
				4.144,
				-3.587,
				4.256,
				1.406,
				4.367,
				1.406,
				1,
				4.467,
				1.406,
				4.567,
				0.408,
				4.667,
				0.408,
				1,
				4.678,
				0.408,
				4.689,
				0.415,
				4.7,
				0.415,
				1,
				4.922,
				0.415,
				5.144,
				-0.996,
				5.367,
				-1.131
			]
		},
		{
			"Target": "Parameter",
			"Id": "Param42",
			"Segments": [
				0,
				-10.929,
				1,
				0.089,
				-10.929,
				0.178,
				-12.791,
				0.267,
				-12.791,
				1,
				0.378,
				-12.791,
				0.489,
				13.422,
				0.6,
				13.422,
				1,
				0.722,
				13.422,
				0.844,
				-12.496,
				0.967,
				-12.496,
				1,
				1.144,
				-12.496,
				1.322,
				23.309,
				1.5,
				23.309,
				1,
				1.689,
				23.309,
				1.878,
				-11.386,
				2.067,
				-11.386,
				1,
				2.244,
				-11.386,
				2.422,
				5.808,
				2.6,
				5.808,
				1,
				2.744,
				5.808,
				2.889,
				-7.857,
				3.033,
				-7.857,
				1,
				3.122,
				-7.857,
				3.211,
				9.329,
				3.3,
				9.329,
				1,
				3.389,
				9.329,
				3.478,
				-7.841,
				3.567,
				-7.841,
				1,
				3.656,
				-7.841,
				3.744,
				5.338,
				3.833,
				5.338,
				1,
				3.989,
				5.338,
				4.144,
				-13.879,
				4.3,
				-13.879,
				1,
				4.556,
				-13.879,
				4.811,
				12.096,
				5.067,
				12.096,
				1,
				5.167,
				12.096,
				5.267,
				-6.554,
				5.367,
				-10.284
			]
		},
		{
			"Target": "Parameter",
			"Id": "Param43",
			"Segments": [
				0,
				0,
				1,
				1.789,
				0,
				3.578,
				0,
				5.367,
				0
			]
		},
		{
			"Target": "Parameter",
			"Id": "Param44",
			"Segments": [
				0,
				-10.929,
				1,
				0.067,
				-10.929,
				0.133,
				-10.924,
				0.2,
				-3.821,
				1,
				0.311,
				8.016,
				0.422,
				22.767,
				0.533,
				22.767,
				1,
				0.689,
				22.767,
				0.844,
				-22.396,
				1,
				-22.396,
				1,
				1.178,
				-22.396,
				1.356,
				12.616,
				1.533,
				12.616,
				1,
				1.7,
				12.616,
				1.867,
				-13.887,
				2.033,
				-13.887,
				1,
				2.233,
				-13.887,
				2.433,
				5.871,
				2.633,
				5.871,
				1,
				2.767,
				5.871,
				2.9,
				-6.735,
				3.033,
				-6.735,
				1,
				3.122,
				-6.735,
				3.211,
				10.508,
				3.3,
				10.508,
				1,
				3.389,
				10.508,
				3.478,
				-6.886,
				3.567,
				-6.886,
				1,
				3.656,
				-6.886,
				3.744,
				5.567,
				3.833,
				5.567,
				1,
				3.956,
				5.567,
				4.078,
				-1.588,
				4.2,
				-1.588,
				1,
				4.467,
				-1.588,
				4.733,
				5.376,
				5,
				5.376,
				1,
				5.122,
				5.376,
				5.244,
				-8.325,
				5.367,
				-10.608
			]
		},
		{
			"Target": "Parameter",
			"Id": "Param45",
			"Segments": [
				0,
				0,
				1,
				1.789,
				0,
				3.578,
				0,
				5.367,
				0
			]
		},
		{
			"Target": "Parameter",
			"Id": "Param167",
			"Segments": [
				0,
				0,
				1,
				0.078,
				0,
				0.156,
				1.751,
				0.233,
				1.751,
				1,
				0.367,
				1.751,
				0.5,
				-5.539,
				0.633,
				-5.539,
				1,
				0.789,
				-5.539,
				0.944,
				6.907,
				1.1,
				6.907,
				1,
				1.267,
				6.907,
				1.433,
				-5.342,
				1.6,
				-5.342,
				1,
				1.778,
				-5.342,
				1.956,
				5.009,
				2.133,
				5.009,
				1,
				2.322,
				5.009,
				2.511,
				-1.021,
				2.7,
				-1.021,
				1,
				2.833,
				-1.021,
				2.967,
				4.279,
				3.1,
				4.279,
				1,
				3.2,
				4.279,
				3.3,
				1.094,
				3.4,
				1.094,
				1,
				3.467,
				1.094,
				3.533,
				2.764,
				3.6,
				2.764,
				1,
				3.756,
				2.764,
				3.911,
				-1.989,
				4.067,
				-1.989,
				1,
				4.1,
				-1.989,
				4.133,
				-1.905,
				4.167,
				-1.905,
				1,
				4.4,
				-1.905,
				4.633,
				-4.915,
				4.867,
				-4.915,
				1,
				5.033,
				-4.915,
				5.2,
				-3.716,
				5.367,
				-0.64
			]
		},
		{
			"Target": "Parameter",
			"Id": "Param194",
			"Segments": [
				0,
				0,
				0,
				5.367,
				0
			]
		},
		{
			"Target": "Parameter",
			"Id": "Param190",
			"Segments": [
				0,
				0,
				0,
				5.367,
				0
			]
		},
		{
			"Target": "Parameter",
			"Id": "Param185",
			"Segments": [
				0,
				5.095,
				1,
				0.167,
				-5.562,
				0.333,
				-11.746,
				0.5,
				-11.746,
				1,
				0.8,
				-11.746,
				1.1,
				17.132,
				1.4,
				17.132,
				1,
				1.7,
				17.132,
				2,
				-11.746,
				2.3,
				-11.746,
				1,
				2.6,
				-11.746,
				2.9,
				17.132,
				3.2,
				17.132,
				1,
				3.5,
				17.132,
				3.8,
				-11.746,
				4.1,
				-11.746,
				1,
				4.4,
				-11.746,
				4.7,
				17.132,
				5,
				17.132,
				1,
				5.122,
				17.132,
				5.244,
				14.181,
				5.367,
				7.122
			]
		},
		{
			"Target": "Parameter",
			"Id": "Param186",
			"Segments": [
				0,
				-4.271,
				1,
				0.1,
				-10.477,
				0.2,
				-11.746,
				0.3,
				-11.746,
				1,
				0.6,
				-11.746,
				0.9,
				17.132,
				1.2,
				17.132,
				1,
				1.5,
				17.132,
				1.8,
				-11.746,
				2.1,
				-11.746,
				1,
				2.4,
				-11.746,
				2.7,
				17.132,
				3,
				17.132,
				1,
				3.3,
				17.132,
				3.6,
				-11.746,
				3.9,
				-11.746,
				1,
				4.2,
				-11.746,
				4.5,
				17.132,
				4.8,
				17.132,
				1,
				4.989,
				17.132,
				5.178,
				9.112,
				5.367,
				-2.235
			]
		},
		{
			"Target": "Parameter",
			"Id": "Param187",
			"Segments": [
				0,
				-11.746,
				1,
				0.3,
				-11.746,
				0.6,
				17.132,
				0.9,
				17.132,
				1,
				1.2,
				17.132,
				1.5,
				-11.746,
				1.8,
				-11.746,
				1,
				2.1,
				-11.746,
				2.4,
				17.132,
				2.7,
				17.132,
				1,
				3,
				17.132,
				3.3,
				-11.746,
				3.6,
				-11.746,
				1,
				3.9,
				-11.746,
				4.2,
				17.132,
				4.5,
				17.132,
				1,
				4.789,
				17.132,
				5.078,
				-9.646,
				5.367,
				-11.63
			]
		},
		{
			"Target": "Parameter",
			"Id": "fajiafaguang",
			"Segments": [
				0,
				0,
				1,
				1.789,
				0,
				3.578,
				0,
				5.367,
				0
			]
		},
		{
			"Target": "Parameter",
			"Id": "Param70",
			"Segments": [
				0,
				0,
				1,
				1.789,
				0,
				3.578,
				0,
				5.367,
				0
			]
		},
		{
			"Target": "Parameter",
			"Id": "Param9",
			"Segments": [
				0,
				0,
				1,
				1.789,
				0,
				3.578,
				0,
				5.367,
				0
			]
		},
		{
			"Target": "Parameter",
			"Id": "Param72",
			"Segments": [
				0,
				0,
				1,
				1.789,
				0,
				3.578,
				0,
				5.367,
				0
			]
		},
		{
			"Target": "Parameter",
			"Id": "Param73",
			"Segments": [
				0,
				1.948,
				1,
				1.789,
				1.948,
				3.578,
				1.948,
				5.367,
				1.948
			]
		},
		{
			"Target": "Parameter",
			"Id": "Param77",
			"Segments": [
				0,
				0,
				1,
				1.789,
				0,
				3.578,
				0,
				5.367,
				0
			]
		},
		{
			"Target": "Parameter",
			"Id": "Param119",
			"Segments": [
				0,
				0,
				1,
				1.789,
				0,
				3.578,
				0,
				5.367,
				0
			]
		},
		{
			"Target": "Parameter",
			"Id": "Param120",
			"Segments": [
				0,
				0,
				1,
				1.789,
				0,
				3.578,
				0,
				5.367,
				0
			]
		},
		{
			"Target": "Parameter",
			"Id": "Param56",
			"Segments": [
				0,
				0,
				1,
				1.789,
				0,
				3.578,
				0,
				5.367,
				0
			]
		},
		{
			"Target": "Parameter",
			"Id": "Param74",
			"Segments": [
				0,
				0,
				1,
				1.789,
				0,
				3.578,
				0,
				5.367,
				0
			]
		},
		{
			"Target": "Parameter",
			"Id": "Param75",
			"Segments": [
				0,
				2.709,
				1,
				1.789,
				2.709,
				3.578,
				2.709,
				5.367,
				2.709
			]
		},
		{
			"Target": "Parameter",
			"Id": "Param76",
			"Segments": [
				0,
				0,
				1,
				1.789,
				0,
				3.578,
				0,
				5.367,
				0
			]
		},
		{
			"Target": "Parameter",
			"Id": "Param118",
			"Segments": [
				0,
				0,
				1,
				1.789,
				0,
				3.578,
				0,
				5.367,
				0
			]
		},
		{
			"Target": "Parameter",
			"Id": "Param33",
			"Segments": [
				0,
				0,
				1,
				1.789,
				0,
				3.578,
				0,
				5.367,
				0
			]
		},
		{
			"Target": "Parameter",
			"Id": "Param34",
			"Segments": [
				0,
				0,
				1,
				1.789,
				0,
				3.578,
				0,
				5.367,
				0
			]
		},
		{
			"Target": "Parameter",
			"Id": "Param35",
			"Segments": [
				0,
				0,
				1,
				1.789,
				0,
				3.578,
				0,
				5.367,
				0
			]
		},
		{
			"Target": "Parameter",
			"Id": "Param36",
			"Segments": [
				0,
				0,
				1,
				1.789,
				0,
				3.578,
				0,
				5.367,
				0
			]
		},
		{
			"Target": "Parameter",
			"Id": "Param89",
			"Segments": [
				0,
				0,
				1,
				1.789,
				0,
				3.578,
				0,
				5.367,
				0
			]
		},
		{
			"Target": "Parameter",
			"Id": "Param90",
			"Segments": [
				0,
				0,
				1,
				1.789,
				0,
				3.578,
				0,
				5.367,
				0
			]
		},
		{
			"Target": "Parameter",
			"Id": "Param91",
			"Segments": [
				0,
				-30,
				1,
				1.789,
				-30,
				3.578,
				-30,
				5.367,
				-30
			]
		},
		{
			"Target": "Parameter",
			"Id": "Param92",
			"Segments": [
				0,
				0,
				1,
				1.789,
				0,
				3.578,
				0,
				5.367,
				0
			]
		},
		{
			"Target": "Parameter",
			"Id": "Param93",
			"Segments": [
				0,
				0,
				1,
				1.789,
				0,
				3.578,
				0,
				5.367,
				0
			]
		},
		{
			"Target": "Parameter",
			"Id": "Param94",
			"Segments": [
				0,
				0,
				1,
				1.789,
				0,
				3.578,
				0,
				5.367,
				0
			]
		},
		{
			"Target": "Parameter",
			"Id": "Param95",
			"Segments": [
				0,
				0,
				1,
				1.789,
				0,
				3.578,
				0,
				5.367,
				0
			]
		},
		{
			"Target": "Parameter",
			"Id": "Param96",
			"Segments": [
				0,
				0,
				1,
				1.789,
				0,
				3.578,
				0,
				5.367,
				0
			]
		},
		{
			"Target": "Parameter",
			"Id": "Param98",
			"Segments": [
				0,
				0,
				1,
				1.789,
				0,
				3.578,
				0,
				5.367,
				0
			]
		},
		{
			"Target": "Parameter",
			"Id": "Param99",
			"Segments": [
				0,
				0,
				1,
				1.789,
				0,
				3.578,
				0,
				5.367,
				0
			]
		},
		{
			"Target": "Parameter",
			"Id": "Param100",
			"Segments": [
				0,
				0,
				1,
				1.789,
				0,
				3.578,
				0,
				5.367,
				0
			]
		},
		{
			"Target": "Parameter",
			"Id": "Param101",
			"Segments": [
				0,
				0,
				1,
				1.789,
				0,
				3.578,
				0,
				5.367,
				0
			]
		},
		{
			"Target": "Parameter",
			"Id": "Param102",
			"Segments": [
				0,
				0,
				1,
				1.789,
				0,
				3.578,
				0,
				5.367,
				0
			]
		},
		{
			"Target": "Parameter",
			"Id": "Param103",
			"Segments": [
				0,
				0,
				1,
				1.789,
				0,
				3.578,
				0,
				5.367,
				0
			]
		},
		{
			"Target": "Parameter",
			"Id": "Param97",
			"Segments": [
				0,
				-30,
				1,
				1.789,
				-30,
				3.578,
				-30,
				5.367,
				-30
			]
		},
		{
			"Target": "Parameter",
			"Id": "Param112",
			"Segments": [
				0,
				0,
				1,
				1.789,
				0,
				3.578,
				0,
				5.367,
				0
			]
		},
		{
			"Target": "Parameter",
			"Id": "Param113",
			"Segments": [
				0,
				0,
				1,
				1.789,
				0,
				3.578,
				0,
				5.367,
				0
			]
		},
		{
			"Target": "Parameter",
			"Id": "Param114",
			"Segments": [
				0,
				0,
				1,
				1.789,
				0,
				3.578,
				0,
				5.367,
				0
			]
		},
		{
			"Target": "Parameter",
			"Id": "Param115",
			"Segments": [
				0,
				0,
				1,
				1.789,
				0,
				3.578,
				0,
				5.367,
				0
			]
		},
		{
			"Target": "Parameter",
			"Id": "Param116",
			"Segments": [
				0,
				0,
				1,
				1.789,
				0,
				3.578,
				0,
				5.367,
				0
			]
		},
		{
			"Target": "Parameter",
			"Id": "Param117",
			"Segments": [
				0,
				0,
				1,
				1.789,
				0,
				3.578,
				0,
				5.367,
				0
			]
		},
		{
			"Target": "Parameter",
			"Id": "Param105",
			"Segments": [
				0,
				-30,
				1,
				1.789,
				-30,
				3.578,
				-30,
				5.367,
				-30
			]
		},
		{
			"Target": "Parameter",
			"Id": "Param106",
			"Segments": [
				0,
				0,
				1,
				1.789,
				0,
				3.578,
				0,
				5.367,
				0
			]
		},
		{
			"Target": "Parameter",
			"Id": "Param107",
			"Segments": [
				0,
				0,
				1,
				1.789,
				0,
				3.578,
				0,
				5.367,
				0
			]
		},
		{
			"Target": "Parameter",
			"Id": "Param108",
			"Segments": [
				0,
				0,
				1,
				1.789,
				0,
				3.578,
				0,
				5.367,
				0
			]
		},
		{
			"Target": "Parameter",
			"Id": "Param109",
			"Segments": [
				0,
				0,
				1,
				1.789,
				0,
				3.578,
				0,
				5.367,
				0
			]
		},
		{
			"Target": "Parameter",
			"Id": "Param110",
			"Segments": [
				0,
				0,
				1,
				1.789,
				0,
				3.578,
				0,
				5.367,
				0
			]
		},
		{
			"Target": "Parameter",
			"Id": "Param111",
			"Segments": [
				0,
				0,
				1,
				1.789,
				0,
				3.578,
				0,
				5.367,
				0
			]
		},
		{
			"Target": "Parameter",
			"Id": "Param104",
			"Segments": [
				0,
				-30,
				1,
				1.789,
				-30,
				3.578,
				-30,
				5.367,
				-30
			]
		},
		{
			"Target": "Parameter",
			"Id": "daimao",
			"Segments": [
				0,
				0,
				1,
				1.789,
				0,
				3.578,
				0,
				5.367,
				0
			]
		},
		{
			"Target": "Parameter",
			"Id": "Param168",
			"Segments": [
				0,
				0,
				1,
				1.789,
				0,
				3.578,
				0,
				5.367,
				0
			]
		},
		{
			"Target": "Parameter",
			"Id": "Param169",
			"Segments": [
				0,
				0,
				1,
				1.789,
				0,
				3.578,
				0,
				5.367,
				0
			]
		},
		{
			"Target": "Parameter",
			"Id": "Param173",
			"Segments": [
				0,
				0,
				1,
				0.1,
				0,
				0.2,
				0,
				0.3,
				0,
				1,
				0.456,
				0,
				0.611,
				14.535,
				0.767,
				14.535,
				1,
				1.378,
				14.535,
				1.989,
				-13.062,
				2.6,
				-13.062,
				1,
				3.344,
				-13.062,
				4.089,
				7.008,
				4.833,
				7.008,
				1,
				5.011,
				7.008,
				5.189,
				0,
				5.367,
				0
			]
		},
		{
			"Target": "Parameter",
			"Id": "Param174",
			"Segments": [
				0,
				0,
				1,
				0.122,
				0,
				0.244,
				-2.974,
				0.367,
				-2.974,
				1,
				0.5,
				-2.974,
				0.633,
				16.478,
				0.767,
				16.478,
				1,
				0.933,
				16.478,
				1.1,
				-8.523,
				1.267,
				-8.523,
				1,
				1.433,
				-8.523,
				1.6,
				17.785,
				1.767,
				17.785,
				1,
				1.978,
				17.785,
				2.189,
				-6.168,
				2.4,
				-6.168,
				1,
				2.544,
				-6.168,
				2.689,
				2.707,
				2.833,
				2.707,
				1,
				2.944,
				2.707,
				3.056,
				-3.752,
				3.167,
				-3.752,
				1,
				3.256,
				-3.752,
				3.344,
				3.152,
				3.433,
				3.152,
				1,
				3.522,
				3.152,
				3.611,
				-2.498,
				3.7,
				-2.498,
				1,
				3.789,
				-2.498,
				3.878,
				2.354,
				3.967,
				2.354,
				1,
				4.211,
				2.354,
				4.456,
				-15.216,
				4.7,
				-15.216,
				1,
				4.922,
				-15.215,
				5.144,
				-11.32,
				5.367,
				-1.515
			]
		},
		{
			"Target": "Parameter",
			"Id": "Param175",
			"Segments": [
				0,
				0,
				1,
				0.078,
				0,
				0.156,
				-12.955,
				0.233,
				-12.955,
				1,
				0.333,
				-12.955,
				0.433,
				12.657,
				0.533,
				12.657,
				1,
				0.644,
				12.657,
				0.756,
				-11.168,
				0.867,
				-11.168,
				1,
				1.067,
				-11.168,
				1.267,
				16.755,
				1.467,
				16.755,
				1,
				1.711,
				16.755,
				1.956,
				-5.586,
				2.2,
				-5.586,
				1,
				2.344,
				-5.586,
				2.489,
				2.281,
				2.633,
				2.281,
				1,
				2.756,
				2.281,
				2.878,
				-6.01,
				3,
				-6.01,
				1,
				3.089,
				-6.01,
				3.178,
				10.911,
				3.267,
				10.911,
				1,
				3.356,
				10.911,
				3.444,
				-11.146,
				3.533,
				-11.146,
				1,
				3.622,
				-11.146,
				3.711,
				8.479,
				3.8,
				8.479,
				1,
				3.922,
				8.479,
				4.044,
				-11.714,
				4.167,
				-11.714,
				1,
				4.489,
				-11.714,
				4.811,
				9.355,
				5.133,
				9.355,
				1,
				5.211,
				9.355,
				5.289,
				2.193,
				5.367,
				0.402
			]
		},
		{
			"Target": "Parameter",
			"Id": "Param176",
			"Segments": [
				0,
				0,
				1,
				0.056,
				0,
				0.111,
				4.031,
				0.167,
				4.031,
				1,
				0.278,
				4.031,
				0.389,
				-21.476,
				0.5,
				-21.476,
				1,
				0.633,
				-21.476,
				0.767,
				14.803,
				0.9,
				14.803,
				1,
				1.1,
				14.803,
				1.3,
				-4.976,
				1.5,
				-4.976,
				1,
				1.711,
				-4.976,
				1.922,
				8.287,
				2.133,
				8.287,
				1,
				2.311,
				8.287,
				2.489,
				-2.207,
				2.667,
				-2.207,
				1,
				2.778,
				-2.207,
				2.889,
				5.04,
				3,
				5.04,
				1,
				3.089,
				5.04,
				3.178,
				-12.146,
				3.267,
				-12.146,
				1,
				3.356,
				-12.146,
				3.444,
				10.073,
				3.533,
				10.073,
				1,
				3.622,
				10.073,
				3.711,
				-8.965,
				3.8,
				-8.965,
				1,
				3.889,
				-8.965,
				3.978,
				3.268,
				4.067,
				3.268,
				1,
				4.2,
				3.268,
				4.333,
				-1.122,
				4.467,
				-1.122,
				1,
				4.478,
				-1.122,
				4.489,
				-1.084,
				4.5,
				-1.084,
				1,
				4.689,
				-1.084,
				4.878,
				-5.146,
				5.067,
				-5.146,
				1,
				5.167,
				-5.146,
				5.267,
				-0.978,
				5.367,
				-0.144
			]
		},
		{
			"Target": "Parameter",
			"Id": "Param177",
			"Segments": [
				0,
				0,
				1,
				1.789,
				0,
				3.578,
				0,
				5.367,
				0
			]
		},
		{
			"Target": "Parameter",
			"Id": "Param140",
			"Segments": [
				0,
				0,
				1,
				1.789,
				0,
				3.578,
				0,
				5.367,
				0
			]
		},
		{
			"Target": "Parameter",
			"Id": "ParamAngleX",
			"Segments": [
				0,
				0.497,
				1,
				0.567,
				0.497,
				1.133,
				-7,
				1.7,
				-7,
				1,
				2.411,
				-7,
				3.122,
				14,
				3.833,
				14,
				1,
				4.122,
				14,
				4.411,
				0,
				4.7,
				0,
				1,
				4.922,
				0,
				5.144,
				0.451,
				5.367,
				0.494
			]
		},
		{
			"Target": "Parameter",
			"Id": "ParamAngleY",
			"Segments": [
				0,
				-1.019,
				1,
				0.133,
				-1.019,
				0.267,
				-25,
				0.4,
				-25,
				1,
				0.533,
				-25,
				0.667,
				22,
				0.8,
				22,
				1,
				0.967,
				22,
				1.133,
				-12,
				1.3,
				-12,
				1,
				1.467,
				-12,
				1.633,
				24,
				1.8,
				24,
				1,
				2.044,
				24,
				2.289,
				-9,
				2.533,
				-9,
				1,
				2.656,
				-9,
				2.778,
				3,
				2.9,
				3,
				1,
				3,
				3,
				3.1,
				-9,
				3.2,
				-9,
				1,
				3.278,
				-9,
				3.356,
				0,
				3.433,
				0,
				1,
				3.511,
				0,
				3.589,
				-9,
				3.667,
				-9,
				1,
				3.8,
				-9,
				3.933,
				18,
				4.067,
				18,
				1,
				4.344,
				18,
				4.622,
				-22,
				4.9,
				-22,
				1,
				5.056,
				-22,
				5.211,
				-3.723,
				5.367,
				-1.286
			]
		},
		{
			"Target": "Parameter",
			"Id": "ParamAngleZ",
			"Segments": [
				0,
				0.398,
				1,
				0.222,
				0.398,
				0.444,
				-4,
				0.667,
				-4,
				1,
				1.022,
				-4,
				1.378,
				9,
				1.733,
				9,
				1,
				2.456,
				9,
				3.178,
				1.567,
				3.9,
				-6,
				1,
				4.2,
				-9.143,
				4.5,
				-9,
				4.8,
				-9,
				1,
				4.989,
				-9,
				5.178,
				-0.617,
				5.367,
				0.314
			]
		},
		{
			"Target": "Parameter",
			"Id": "Param82",
			"Segments": [
				0,
				0,
				1,
				1.789,
				0,
				3.578,
				0,
				5.367,
				0
			]
		},
		{
			"Target": "Parameter",
			"Id": "Param83",
			"Segments": [
				0,
				0,
				1,
				1.789,
				0,
				3.578,
				0,
				5.367,
				0
			]
		},
		{
			"Target": "Parameter",
			"Id": "ParamBrowLX",
			"Segments": [
				0,
				0,
				1,
				1.789,
				0,
				3.578,
				0,
				5.367,
				0
			]
		},
		{
			"Target": "Parameter",
			"Id": "ParamBrowRX",
			"Segments": [
				0,
				0,
				1,
				1.789,
				0,
				3.578,
				0,
				5.367,
				0
			]
		},
		{
			"Target": "Parameter",
			"Id": "ParamBrowLAngle",
			"Segments": [
				0,
				0,
				1,
				1.789,
				0,
				3.578,
				0,
				5.367,
				0
			]
		},
		{
			"Target": "Parameter",
			"Id": "ParamBrowRAngle",
			"Segments": [
				0,
				0,
				1,
				1.789,
				0,
				3.578,
				0,
				5.367,
				0
			]
		},
		{
			"Target": "Parameter",
			"Id": "ParamCheek",
			"Segments": [
				0,
				0,
				1,
				1.789,
				0,
				3.578,
				0,
				5.367,
				0
			]
		},
		{
			"Target": "Parameter",
			"Id": "ParamBodyAngleX",
			"Segments": [
				0,
				0.099,
				1,
				0.222,
				0.099,
				0.444,
				7,
				0.667,
				7,
				1,
				1.011,
				7,
				1.356,
				0.78,
				1.7,
				-2,
				1,
				2.422,
				-7.828,
				3.144,
				-9,
				3.867,
				-9,
				1,
				4.156,
				-9,
				4.444,
				4,
				4.733,
				4,
				1,
				4.944,
				4,
				5.156,
				0.479,
				5.367,
				0.127
			]
		},
		{
			"Target": "Parameter",
			"Id": "ParamBodyAngleY",
			"Segments": [
				0,
				3,
				1,
				0.1,
				3,
				0.2,
				-2,
				0.3,
				-2,
				1,
				0.422,
				-2,
				0.544,
				10,
				0.667,
				10,
				1,
				0.844,
				10,
				1.022,
				-5,
				1.2,
				-5,
				1,
				1.367,
				-5,
				1.533,
				10,
				1.7,
				10,
				1,
				1.911,
				10,
				2.122,
				-3,
				2.333,
				-3,
				1,
				2.489,
				-3,
				2.644,
				1,
				2.8,
				1,
				1,
				2.9,
				1,
				3,
				-3,
				3.1,
				-3,
				1,
				3.178,
				-3,
				3.256,
				2,
				3.333,
				2,
				1,
				3.422,
				2,
				3.511,
				-2,
				3.6,
				-2,
				1,
				3.689,
				-2,
				3.778,
				1,
				3.867,
				1,
				1,
				4.122,
				1,
				4.378,
				-9,
				4.633,
				-9,
				1,
				4.878,
				-9,
				5.122,
				1.979,
				5.367,
				2.934
			]
		},
		{
			"Target": "Parameter",
			"Id": "ParamBodyAngleZ",
			"Segments": [
				0,
				0.344,
				1,
				0.222,
				0.344,
				0.444,
				3,
				0.667,
				3,
				1,
				1.011,
				3,
				1.356,
				-6,
				1.7,
				-6,
				1,
				2.422,
				-6,
				3.144,
				5,
				3.867,
				5,
				1,
				4.133,
				5,
				4.4,
				0,
				4.667,
				0,
				1,
				4.9,
				0,
				5.133,
				0.313,
				5.367,
				0.342
			]
		},
		{
			"Target": "Parameter",
			"Id": "ParamHairFront",
			"Segments": [
				0,
				0,
				1,
				1.789,
				0,
				3.578,
				0,
				5.367,
				0
			]
		},
		{
			"Target": "Parameter",
			"Id": "ParamHairSide",
			"Segments": [
				0,
				0,
				1,
				1.789,
				0,
				3.578,
				0,
				5.367,
				0
			]
		},
		{
			"Target": "Parameter",
			"Id": "ParamHairBack",
			"Segments": [
				0,
				0,
				1,
				1.789,
				0,
				3.578,
				0,
				5.367,
				0
			]
		},
		{
			"Target": "Parameter",
			"Id": "Param37",
			"Segments": [
				0,
				0,
				1,
				1.789,
				0,
				3.578,
				0,
				5.367,
				0
			]
		},
		{
			"Target": "Parameter",
			"Id": "Param122",
			"Segments": [
				0,
				0,
				1,
				1.789,
				0,
				3.578,
				0,
				5.367,
				0
			]
		},
		{
			"Target": "Parameter",
			"Id": "Param198pp",
			"Segments": [
				0,
				-30,
				0,
				5.367,
				-30
			]
		},
		{
			"Target": "Parameter",
			"Id": "Param199pp",
			"Segments": [
				0,
				-30,
				0,
				5.367,
				-30
			]
		},
		{
			"Target": "Parameter",
			"Id": "Param200pp",
			"Segments": [
				0,
				0,
				0,
				5.367,
				0
			]
		},
		{
			"Target": "Parameter",
			"Id": "Param201pp",
			"Segments": [
				0,
				0,
				0,
				5.367,
				0
			]
		},
		{
			"Target": "Parameter",
			"Id": "Param202pp",
			"Segments": [
				0,
				0,
				0,
				5.367,
				0
			]
		},
		{
			"Target": "Parameter",
			"Id": "Param203pp",
			"Segments": [
				0,
				0,
				0,
				5.367,
				0
			]
		},
		{
			"Target": "Parameter",
			"Id": "Param204pp",
			"Segments": [
				0,
				0,
				0,
				5.367,
				0
			]
		},
		{
			"Target": "Parameter",
			"Id": "Param205pp",
			"Segments": [
				0,
				0,
				0,
				5.367,
				0
			]
		},
		{
			"Target": "Parameter",
			"Id": "Param206pp",
			"Segments": [
				0,
				0,
				0,
				5.367,
				0
			]
		},
		{
			"Target": "Parameter",
			"Id": "Param207pp",
			"Segments": [
				0,
				0,
				0,
				5.367,
				0
			]
		},
		{
			"Target": "Parameter",
			"Id": "Param208pp",
			"Segments": [
				0,
				0,
				0,
				5.367,
				0
			]
		},
		{
			"Target": "Parameter",
			"Id": "Param209pp",
			"Segments": [
				0,
				0,
				0,
				5.367,
				0
			]
		},
		{
			"Target": "Parameter",
			"Id": "Param210pp",
			"Segments": [
				0,
				0,
				0,
				5.367,
				0
			]
		},
		{
			"Target": "Parameter",
			"Id": "Param211pp",
			"Segments": [
				0,
				0,
				0,
				5.367,
				0
			]
		},
		{
			"Target": "Parameter",
			"Id": "Param212pp",
			"Segments": [
				0,
				0,
				0,
				5.367,
				0
			]
		},
		{
			"Target": "Parameter",
			"Id": "Param213pp",
			"Segments": [
				0,
				0,
				0,
				5.367,
				0
			]
		},
		{
			"Target": "Parameter",
			"Id": "Param214pp",
			"Segments": [
				0,
				0,
				0,
				5.367,
				0
			]
		},
		{
			"Target": "Parameter",
			"Id": "Param215pp",
			"Segments": [
				0,
				0,
				0,
				5.367,
				0
			]
		},
		{
			"Target": "Parameter",
			"Id": "Param216pp",
			"Segments": [
				0,
				0,
				0,
				5.367,
				0
			]
		},
		{
			"Target": "Parameter",
			"Id": "Param217pp",
			"Segments": [
				0,
				0,
				0,
				5.367,
				0
			]
		},
		{
			"Target": "PartOpacity",
			"Id": "Part52",
			"Segments": [
				0,
				1,
				0,
				3.37,
				1,
				0,
				5.37,
				1
			]
		},
		{
			"Target": "PartOpacity",
			"Id": "Part40",
			"Segments": [
				0,
				1,
				0,
				3.23,
				1,
				2,
				4.5,
				1,
				0,
				5.3,
				1,
				0,
				5.37,
				1
			]
		},
		{
			"Target": "PartOpacity",
			"Id": "Part44",
			"Segments": [
				0,
				1,
				0,
				3.37,
				1,
				0,
				5.37,
				1
			]
		},
		{
			"Target": "PartOpacity",
			"Id": "Part45",
			"Segments": [
				0,
				1,
				0,
				3.37,
				1,
				0,
				5.37,
				1
			]
		},
		{
			"Target": "PartOpacity",
			"Id": "Part53",
			"Segments": [
				0,
				1,
				0,
				3.37,
				1,
				0,
				5.37,
				1
			]
		},
		{
			"Target": "PartOpacity",
			"Id": "Part41",
			"Segments": [
				0,
				1,
				0,
				3.37,
				1,
				0,
				5.37,
				1
			]
		},
		{
			"Target": "PartOpacity",
			"Id": "Part43",
			"Segments": [
				0,
				1,
				0,
				3.23,
				1,
				2,
				4.5,
				1,
				0,
				5.3,
				1,
				0,
				5.37,
				1
			]
		},
		{
			"Target": "PartOpacity",
			"Id": "Part39",
			"Segments": [
				0,
				1,
				0,
				3.23,
				1,
				2,
				4.5,
				1,
				0,
				5.3,
				1,
				0,
				5.37,
				1
			]
		},
		{
			"Target": "PartOpacity",
			"Id": "Part37",
			"Segments": [
				0,
				1,
				0,
				3.23,
				1,
				2,
				4.5,
				1,
				0,
				5.3,
				1,
				0,
				5.37,
				1
			]
		},
		{
			"Target": "PartOpacity",
			"Id": "Part36",
			"Segments": [
				0,
				1,
				0,
				3.23,
				1,
				2,
				4.5,
				1,
				0,
				5.3,
				1,
				0,
				5.37,
				1
			]
		},
		{
			"Target": "PartOpacity",
			"Id": "Part5",
			"Segments": [
				0,
				1,
				0,
				3.23,
				1,
				2,
				4.5,
				1,
				0,
				5.3,
				1,
				0,
				5.37,
				1
			]
		},
		{
			"Target": "PartOpacity",
			"Id": "Part2",
			"Segments": [
				0,
				1,
				0,
				3.23,
				1,
				2,
				4.5,
				1,
				0,
				5.3,
				1,
				0,
				5.37,
				1
			]
		},
		{
			"Target": "PartOpacity",
			"Id": "Part3",
			"Segments": [
				0,
				1,
				0,
				3.23,
				1,
				2,
				4.5,
				1,
				0,
				5.3,
				1,
				0,
				5.37,
				1
			]
		},
		{
			"Target": "PartOpacity",
			"Id": "Part6",
			"Segments": [
				0,
				1,
				0,
				3.23,
				1,
				2,
				4.5,
				1,
				0,
				5.3,
				1,
				0,
				5.37,
				1
			]
		},
		{
			"Target": "PartOpacity",
			"Id": "Part4",
			"Segments": [
				0,
				1,
				0,
				3.23,
				1,
				2,
				4.5,
				1,
				0,
				5.3,
				1,
				0,
				5.37,
				1
			]
		},
		{
			"Target": "PartOpacity",
			"Id": "Part",
			"Segments": [
				0,
				1,
				0,
				3.23,
				1,
				2,
				4.5,
				1,
				0,
				5.3,
				1,
				0,
				5.37,
				1
			]
		},
		{
			"Target": "PartOpacity",
			"Id": "Part31",
			"Segments": [
				0,
				1,
				0,
				3.23,
				1,
				2,
				4.5,
				1,
				0,
				5.3,
				1,
				0,
				5.37,
				1
			]
		},
		{
			"Target": "PartOpacity",
			"Id": "Part29",
			"Segments": [
				0,
				1,
				0,
				3.23,
				1,
				2,
				4.5,
				1,
				0,
				5.3,
				1,
				0,
				5.37,
				1
			]
		},
		{
			"Target": "PartOpacity",
			"Id": "Part13",
			"Segments": [
				0,
				1,
				0,
				3.23,
				1,
				2,
				4.5,
				1,
				0,
				5.3,
				1,
				0,
				5.37,
				1
			]
		},
		{
			"Target": "PartOpacity",
			"Id": "Part14",
			"Segments": [
				0,
				1,
				0,
				3.23,
				1,
				2,
				4.5,
				1,
				0,
				5.3,
				1,
				0,
				5.37,
				1
			]
		},
		{
			"Target": "PartOpacity",
			"Id": "Part15",
			"Segments": [
				0,
				1,
				0,
				3.23,
				1,
				2,
				4.5,
				1,
				0,
				5.3,
				1,
				0,
				5.37,
				1
			]
		},
		{
			"Target": "PartOpacity",
			"Id": "Part11",
			"Segments": [
				0,
				1,
				0,
				3.23,
				1,
				2,
				4.5,
				1,
				0,
				5.3,
				1,
				0,
				5.37,
				1
			]
		},
		{
			"Target": "PartOpacity",
			"Id": "Part12",
			"Segments": [
				0,
				1,
				0,
				3.23,
				1,
				2,
				4.5,
				1,
				0,
				5.3,
				1,
				0,
				5.37,
				1
			]
		},
		{
			"Target": "PartOpacity",
			"Id": "Part16",
			"Segments": [
				0,
				1,
				0,
				3.23,
				1,
				2,
				4.5,
				1,
				0,
				5.3,
				1,
				0,
				5.37,
				1
			]
		},
		{
			"Target": "PartOpacity",
			"Id": "Part30",
			"Segments": [
				0,
				1,
				0,
				3.23,
				1,
				2,
				4.5,
				1,
				0,
				5.3,
				1,
				0,
				5.37,
				1
			]
		},
		{
			"Target": "PartOpacity",
			"Id": "Part17",
			"Segments": [
				0,
				1,
				0,
				3.23,
				1,
				2,
				4.5,
				1,
				0,
				5.3,
				1,
				0,
				5.37,
				1
			]
		},
		{
			"Target": "PartOpacity",
			"Id": "Part18",
			"Segments": [
				0,
				1,
				0,
				3.23,
				1,
				2,
				4.5,
				1,
				0,
				5.3,
				1,
				0,
				5.37,
				1
			]
		},
		{
			"Target": "PartOpacity",
			"Id": "Part28",
			"Segments": [
				0,
				1,
				0,
				3.23,
				1,
				2,
				4.5,
				1,
				0,
				5.3,
				1,
				0,
				5.37,
				1
			]
		},
		{
			"Target": "PartOpacity",
			"Id": "Part19",
			"Segments": [
				0,
				1,
				0,
				3.23,
				1,
				2,
				4.5,
				1,
				0,
				5.3,
				1,
				0,
				5.37,
				1
			]
		},
		{
			"Target": "PartOpacity",
			"Id": "Part20",
			"Segments": [
				0,
				1,
				0,
				3.23,
				1,
				2,
				4.5,
				1,
				0,
				5.3,
				1,
				0,
				5.37,
				1
			]
		},
		{
			"Target": "PartOpacity",
			"Id": "Part33",
			"Segments": [
				0,
				1,
				0,
				3.23,
				1,
				2,
				4.5,
				1,
				0,
				5.3,
				1,
				0,
				5.37,
				1
			]
		},
		{
			"Target": "PartOpacity",
			"Id": "Part32",
			"Segments": [
				0,
				1,
				0,
				3.23,
				1,
				2,
				4.5,
				1,
				0,
				5.3,
				1,
				0,
				5.37,
				1
			]
		},
		{
			"Target": "PartOpacity",
			"Id": "Part38",
			"Segments": [
				0,
				1,
				0,
				3.23,
				1,
				2,
				4.5,
				1,
				0,
				5.3,
				1,
				0,
				5.37,
				1
			]
		},
		{
			"Target": "PartOpacity",
			"Id": "Part7",
			"Segments": [
				0,
				1,
				0,
				3.23,
				1,
				2,
				4.5,
				1,
				0,
				5.3,
				1,
				0,
				5.37,
				1
			]
		},
		{
			"Target": "PartOpacity",
			"Id": "Part35",
			"Segments": [
				0,
				1,
				0,
				3.23,
				1,
				2,
				4.5,
				1,
				0,
				5.3,
				1,
				0,
				5.37,
				1
			]
		},
		{
			"Target": "PartOpacity",
			"Id": "Part10",
			"Segments": [
				0,
				1,
				0,
				3.23,
				1,
				2,
				4.5,
				1,
				0,
				5.3,
				1,
				0,
				5.37,
				1
			]
		},
		{
			"Target": "PartOpacity",
			"Id": "Part27",
			"Segments": [
				0,
				1,
				0,
				3.23,
				1,
				2,
				4.5,
				1,
				0,
				5.3,
				1,
				0,
				5.37,
				1
			]
		},
		{
			"Target": "PartOpacity",
			"Id": "Part34",
			"Segments": [
				0,
				1,
				0,
				3.23,
				1,
				2,
				4.5,
				1,
				0,
				5.3,
				1,
				0,
				5.37,
				1
			]
		},
		{
			"Target": "PartOpacity",
			"Id": "Part8",
			"Segments": [
				0,
				1,
				0,
				3.23,
				1,
				2,
				4.5,
				1,
				0,
				5.3,
				1,
				0,
				5.37,
				1
			]
		},
		{
			"Target": "PartOpacity",
			"Id": "Part9",
			"Segments": [
				0,
				1,
				0,
				3.23,
				1,
				2,
				4.5,
				1,
				0,
				5.3,
				1,
				0,
				5.37,
				1
			]
		},
		{
			"Target": "PartOpacity",
			"Id": "ArtMesh122_Skinning",
			"Segments": [
				0,
				1,
				0,
				3.23,
				1,
				2,
				4.5,
				1,
				0,
				5.3,
				1,
				0,
				5.37,
				1
			]
		},
		{
			"Target": "PartOpacity",
			"Id": "Part21",
			"Segments": [
				0,
				1,
				0,
				3.23,
				1,
				2,
				4.5,
				1,
				0,
				5.3,
				1,
				0,
				5.37,
				1
			]
		},
		{
			"Target": "PartOpacity",
			"Id": "Part22",
			"Segments": [
				0,
				1,
				0,
				3.23,
				1,
				2,
				4.5,
				1,
				0,
				5.3,
				1,
				0,
				5.37,
				1
			]
		},
		{
			"Target": "PartOpacity",
			"Id": "Part23",
			"Segments": [
				0,
				1,
				0,
				3.23,
				1,
				2,
				4.5,
				1,
				0,
				5.3,
				1,
				0,
				5.37,
				1
			]
		},
		{
			"Target": "PartOpacity",
			"Id": "Part24",
			"Segments": [
				0,
				1,
				0,
				3.23,
				1,
				2,
				4.5,
				1,
				0,
				5.3,
				1,
				0,
				5.37,
				1
			]
		},
		{
			"Target": "PartOpacity",
			"Id": "Part25",
			"Segments": [
				0,
				1,
				0,
				3.23,
				1,
				2,
				4.5,
				1,
				0,
				5.3,
				1,
				0,
				5.37,
				1
			]
		},
		{
			"Target": "PartOpacity",
			"Id": "Part26",
			"Segments": [
				0,
				1,
				0,
				3.23,
				1,
				2,
				4.5,
				1,
				0,
				5.3,
				1,
				0,
				5.37,
				1
			]
		},
		{
			"Target": "PartOpacity",
			"Id": "ArtMesh133_Skinning",
			"Segments": [
				0,
				1,
				0,
				3.23,
				1,
				2,
				4.5,
				1,
				0,
				5.3,
				1,
				0,
				5.37,
				1
			]
		},
		{
			"Target": "PartOpacity",
			"Id": "ArtMesh122_Skinning2",
			"Segments": [
				0,
				1,
				0,
				3.23,
				1,
				2,
				4.5,
				1,
				0,
				5.3,
				1,
				0,
				5.37,
				1
			]
		}
	]
}