{
	"Version": 3,
	"Parameters": [
		{
			"Id": "Liwu",
			"GroupId": "ParamGroup5",
			"Name": "Liwu"
		},
		{
			"Id": "shiwei",
			"GroupId": "ParamGroup5",
			"Name": "shiwei"
		},
		{
			"Id": "gewei",
			"GroupId": "ParamGroup5",
			"Name": "gewei"
		},
		{
			"Id": "Param121",
			"GroupId": "ParamGroup5",
			"Name": "Color"
		},
		{
			"Id": "light_R",
			"GroupId": "ParamGroup5",
			"Name": "light_R"
		},
		{
			"Id": "light_L",
			"GroupId": "ParamGroup5",
			"Name": "light_L"
		},
		{
			"Id": "gun_size_L",
			"GroupId": "ParamGroup5",
			"Name": "gun_size_L"
		},
		{
			"Id": "gun_size_R",
			"GroupId": "ParamGroup5",
			"Name": "gun_size_R"
		},
		{
			"Id": "fajia_size",
			"GroupId": "ParamGroup5",
			"Name": "fajia_size"
		},
		{
			"Id": "ParamBreath",
			"GroupId": "ParamGroup5",
			"Name": "breath"
		},
		{
			"Id": "hudiejie_size",
			"GroupId": "ParamGroup5",
			"Name": "hudiejie_size"
		},
		{
			"Id": "working",
			"GroupId": "ParamGroup5",
			"Name": "working"
		},
		{
			"Id": "fajia_breath",
			"GroupId": "ParamGroup5",
			"Name": "fajia_breath"
		},
		{
			"Id": "fajia_lock",
			"GroupId": "ParamGroup5",
			"Name": "fajia_lock"
		},
		{
			"Id": "L_logo",
			"GroupId": "ParamGroup5",
			"Name": "L_logo"
		},
		{
			"Id": "R_logo",
			"GroupId": "ParamGroup5",
			"Name": "R_logo"
		},
		{
			"Id": "Param2",
			"GroupId": "ParamGroup2",
			"Name": "Rdabi"
		},
		{
			"Id": "Param180",
			"GroupId": "ParamGroup2",
			"Name": "Linshi"
		},
		{
			"Id": "Param38",
			"GroupId": "ParamGroup2",
			"Name": "Rdabishensuo"
		},
		{
			"Id": "Param129",
			"GroupId": "ParamGroup2",
			"Name": "Rxiaobishensuo"
		},
		{
			"Id": "Param5",
			"GroupId": "ParamGroup2",
			"Name": "Rxiaobi"
		},
		{
			"Id": "Param",
			"GroupId": "ParamGroup2",
			"Name": "Rshouzhang"
		},
		{
			"Id": "Param131",
			"GroupId": "ParamGroup2",
			"Name": "Rxiaobicengji"
		},
		{
			"Id": "Param50",
			"GroupId": "ParamGroup2",
			"Name": "Rhand"
		},
		{
			"Id": "Param39",
			"GroupId": "ParamGroup2",
			"Name": "Ldabi"
		},
		{
			"Id": "Param41",
			"GroupId": "ParamGroup2",
			"Name": "Ldabishensuo"
		},
		{
			"Id": "Param130",
			"GroupId": "ParamGroup2",
			"Name": "Lxiaobishensuo"
		},
		{
			"Id": "Param40",
			"GroupId": "ParamGroup2",
			"Name": "Lxiaobi"
		},
		{
			"Id": "Param49",
			"GroupId": "ParamGroup2",
			"Name": "Lshouzhang"
		},
		{
			"Id": "Param84",
			"GroupId": "ParamGroup2",
			"Name": "Lhand"
		},
		{
			"Id": "Param139",
			"GroupId": "ParamGroup2",
			"Name": "shouY"
		},
		{
			"Id": "Param171",
			"GroupId": "ParamGroup2",
			"Name": "legR1"
		},
		{
			"Id": "Param170",
			"GroupId": "ParamGroup2",
			"Name": "legL1"
		},
		{
			"Id": "Param191",
			"GroupId": "ParamGroup2",
			"Name": "handY"
		},
		{
			"Id": "ParamEyeLOpen",
			"GroupId": "ParamGroup6",
			"Name": "Leyeopen"
		},
		{
			"Id": "ParamEyeLSmile",
			"GroupId": "ParamGroup6",
			"Name": "Leyesmile"
		},
		{
			"Id": "ParamEyeROpen",
			"GroupId": "ParamGroup6",
			"Name": "Reyeopen"
		},
		{
			"Id": "ParamEyeRSmile",
			"GroupId": "ParamGroup6",
			"Name": "Reyesmile"
		},
		{
			"Id": "ParamEyeBallX",
			"GroupId": "ParamGroup6",
			"Name": "eyeballX"
		},
		{
			"Id": "ParamEyeBallY",
			"GroupId": "ParamGroup6",
			"Name": "eyeballY"
		},
		{
			"Id": "ParamBrowLY",
			"GroupId": "ParamGroup6",
			"Name": "Lmeishangxia"
		},
		{
			"Id": "ParamBrowRY",
			"GroupId": "ParamGroup6",
			"Name": "Rmeishangxia"
		},
		{
			"Id": "ParamBrowLForm",
			"GroupId": "ParamGroup6",
			"Name": "Lmeibianxing"
		},
		{
			"Id": "ParamBrowRForm",
			"GroupId": "ParamGroup6",
			"Name": "Rmeibianxing"
		},
		{
			"Id": "Param85",
			"GroupId": "ParamGroup6",
			"Name": "Rmeijiaodu"
		},
		{
			"Id": "Param86",
			"GroupId": "ParamGroup6",
			"Name": "Lmeijiaodu"
		},
		{
			"Id": "ParamMouthForm",
			"GroupId": "ParamGroup6",
			"Name": "zuibianxing"
		},
		{
			"Id": "ParamMouthOpenY",
			"GroupId": "ParamGroup6",
			"Name": "zuiopen"
		},
		{
			"Id": "Param57",
			"GroupId": "ParamGroup6",
			"Name": "juezui"
		},
		{
			"Id": "Param71",
			"GroupId": "ParamGroup6",
			"Name": "weiqu"
		},
		{
			"Id": "Param78",
			"GroupId": "ParamGroup6",
			"Name": "jingyazui"
		},
		{
			"Id": "Param58",
			"GroupId": "ParamGroup6",
			"Name": "Xzui"
		},
		{
			"Id": "Param67",
			"GroupId": "ParamGroup6",
			"Name": "newlianhong"
		},
		{
			"Id": "Param68",
			"GroupId": "ParamGroup6",
			"Name": "lianhong"
		},
		{
			"Id": "Param69",
			"GroupId": "ParamGroup6",
			"Name": "saihong"
		},
		{
			"Id": "Param193",
			"GroupId": "ParamGroup6",
			"Name": "tushe"
		},
		{
			"Id": "Param197",
			"GroupId": "ParamGroup",
			"Name": "auto_VR"
		},
		{
			"Id": "Param195",
			"GroupId": "ParamGroup",
			"Name": "icecream"
		},
		{
			"Id": "Param181",
			"GroupId": "ParamGroup",
			"Name": "Muyu"
		},
		{
			"Id": "Param184",
			"GroupId": "ParamGroup",
			"Name": "Naicha"
		},
		{
			"Id": "Param182",
			"GroupId": "ParamGroup",
			"Name": "Keai+1"
		},
		{
			"Id": "Param183",
			"GroupId": "ParamGroup",
			"Name": "Keai+1-2"
		},
		{
			"Id": "Param188",
			"GroupId": "ParamGroup",
			"Name": "music"
		},
		{
			"Id": "Param149",
			"GroupId": "ParamGroup",
			"Name": "yanjing"
		},
		{
			"Id": "Param172",
			"GroupId": "ParamGroup",
			"Name": "Oyanqiehuan"
		},
		{
			"Id": "Param163",
			"GroupId": "ParamGroup",
			"Name": "shui1"
		},
		{
			"Id": "Param164",
			"GroupId": "ParamGroup",
			"Name": "shui2"
		},
		{
			"Id": "Param165",
			"GroupId": "ParamGroup",
			"Name": "shui3"
		},
		{
			"Id": "Param150",
			"GroupId": "ParamGroup",
			"Name": "><"
		},
		{
			"Id": "Param151",
			"GroupId": "ParamGroup",
			"Name": "00YAN"
		},
		{
			"Id": "Param159",
			"GroupId": "ParamGroup",
			"Name": "L0"
		},
		{
			"Id": "Param160",
			"GroupId": "ParamGroup",
			"Name": "R0"
		},
		{
			"Id": "Param147",
			"GroupId": "ParamGroup",
			"Name": "Ryunyun"
		},
		{
			"Id": "Param148",
			"GroupId": "ParamGroup",
			"Name": "Lyunyun"
		},
		{
			"Id": "Param146",
			"GroupId": "ParamGroup",
			"Name": "yunyunyan"
		},
		{
			"Id": "Param144",
			"GroupId": "ParamGroup",
			"Name": "wenhao"
		},
		{
			"Id": "Param161",
			"GroupId": "ParamGroup",
			"Name": "wenhao2"
		},
		{
			"Id": "Param162",
			"GroupId": "ParamGroup",
			"Name": "wenhao3"
		},
		{
			"Id": "Param143",
			"GroupId": "ParamGroup",
			"Name": "lianhei"
		},
		{
			"Id": "Param145",
			"GroupId": "ParamGroup",
			"Name": "yanlei"
		},
		{
			"Id": "Param152",
			"GroupId": "ParamGroup",
			"Name": "Ryanlei"
		},
		{
			"Id": "Param157",
			"GroupId": "ParamGroup",
			"Name": "yanlei4"
		},
		{
			"Id": "Param158",
			"GroupId": "ParamGroup",
			"Name": "Ryanlei2"
		},
		{
			"Id": "Param154",
			"GroupId": "ParamGroup",
			"Name": "yanlei2"
		},
		{
			"Id": "Param153",
			"GroupId": "ParamGroup",
			"Name": "Lyanlei"
		},
		{
			"Id": "Param155",
			"GroupId": "ParamGroup",
			"Name": "yanlei3"
		},
		{
			"Id": "Param156",
			"GroupId": "ParamGroup",
			"Name": "Lyanlei2"
		},
		{
			"Id": "Param65",
			"GroupId": "ParamGroup",
			"Name": "jingyaxianshi"
		},
		{
			"Id": "Param141",
			"GroupId": "ParamGroup",
			"Name": "jingyaxianshi2"
		},
		{
			"Id": "Param66",
			"GroupId": "ParamGroup",
			"Name": "jingya"
		},
		{
			"Id": "Param142",
			"GroupId": "ParamGroup",
			"Name": "jingya2"
		},
		{
			"Id": "Param166",
			"GroupId": "ParamGroup",
			"Name": "jingya"
		},
		{
			"Id": "Param61",
			"GroupId": "ParamGroup",
			"Name": "shengqixianshi"
		},
		{
			"Id": "Param62",
			"GroupId": "ParamGroup",
			"Name": "shengqilogo"
		},
		{
			"Id": "Param81",
			"GroupId": "ParamGroup",
			"Name": "shengqi"
		},
		{
			"Id": "Param59",
			"GroupId": "ParamGroup",
			"Name": "hanshuixianshi"
		},
		{
			"Id": "Param60",
			"GroupId": "ParamGroup",
			"Name": "hanshui"
		},
		{
			"Id": "Param4",
			"GroupId": "ParamGroup",
			"Name": "aixinxianshi"
		},
		{
			"Id": "Param51",
			"GroupId": "ParamGroup",
			"Name": "starxianshi"
		},
		{
			"Id": "Param52",
			"GroupId": "ParamGroup",
			"Name": "Rstar"
		},
		{
			"Id": "Param53",
			"GroupId": "ParamGroup",
			"Name": "Rstarhuangdong"
		},
		{
			"Id": "Param54",
			"GroupId": "ParamGroup",
			"Name": "Lstar"
		},
		{
			"Id": "Param55",
			"GroupId": "ParamGroup",
			"Name": "Lstarhuangdong"
		},
		{
			"Id": "Param3",
			"GroupId": "ParamGroup",
			"Name": "aixin"
		},
		{
			"Id": "Param79",
			"GroupId": "ParamGroup",
			"Name": "wantoufaX"
		},
		{
			"Id": "Param80",
			"GroupId": "ParamGroup",
			"Name": "wantoufaY"
		},
		{
			"Id": "Param87",
			"GroupId": "ParamGroup",
			"Name": "wantoufaX2"
		},
		{
			"Id": "Param88",
			"GroupId": "ParamGroup",
			"Name": "wantoufaY2"
		},
		{
			"Id": "Param132",
			"GroupId": "ParamGroup",
			"Name": "chunlian"
		},
		{
			"Id": "Param133",
			"GroupId": "ParamGroup",
			"Name": "chunlian_zi"
		},
		{
			"Id": "Param178",
			"GroupId": "ParamGroup9",
			"Name": "RS_switch"
		},
		{
			"Id": "Param48",
			"GroupId": "ParamGroup9",
			"Name": "duigou"
		},
		{
			"Id": "Param63",
			"GroupId": "ParamGroup9",
			"Name": "daqiang"
		},
		{
			"Id": "Param64",
			"GroupId": "ParamGroup9",
			"Name": "daqiangzhengfan"
		},
		{
			"Id": "Param127",
			"GroupId": "ParamGroup9",
			"Name": "binggan"
		},
		{
			"Id": "Param138",
			"GroupId": "ParamGroup9",
			"Name": "hongbaofangxiang"
		},
		{
			"Id": "Param125",
			"GroupId": "ParamGroup9",
			"Name": "bingganX"
		},
		{
			"Id": "Param128",
			"GroupId": "ParamGroup9",
			"Name": "bingganY"
		},
		{
			"Id": "Param126",
			"GroupId": "ParamGroup9",
			"Name": "bingganZ"
		},
		{
			"Id": "Param124",
			"GroupId": "ParamGroup9",
			"Name": "chibinggan"
		},
		{
			"Id": "Param179",
			"GroupId": "ParamGroup9",
			"Name": "LS_switch"
		},
		{
			"Id": "Param192",
			"GroupId": "ParamGroup9",
			"Name": "bouth_hand"
		},
		{
			"Id": "Param189",
			"GroupId": "ParamGroup9",
			"Name": "call"
		},
		{
			"Id": "Param137",
			"GroupId": "ParamGroup9",
			"Name": "hand_dissapear"
		},
		{
			"Id": "Param46",
			"GroupId": "ParamGroup9",
			"Name": "dazhaohu"
		},
		{
			"Id": "Param47",
			"GroupId": "ParamGroup9",
			"Name": "natoufa"
		},
		{
			"Id": "Param196",
			"GroupId": "ParamGroup9",
			"Name": "Rtoufa"
		},
		{
			"Id": "Param123",
			"GroupId": "ParamGroup9",
			"Name": "nabingganshou"
		},
		{
			"Id": "Param134",
			"GroupId": "ParamGroup7",
			"Name": "chunlianX"
		},
		{
			"Id": "Param135",
			"GroupId": "ParamGroup7",
			"Name": "chunlianY"
		},
		{
			"Id": "Param136",
			"GroupId": "ParamGroup7",
			"Name": "chunlianweidong"
		},
		{
			"Id": "Param_Angle_Rotation5",
			"GroupId": "ParamGroup3",
			"Name": "maewi1-2"
		},
		{
			"Id": "Param_Angle_Rotation6",
			"GroupId": "ParamGroup3",
			"Name": "mawei1-3"
		},
		{
			"Id": "Param_Angle_Rotation7",
			"GroupId": "ParamGroup3",
			"Name": "mawei1-4"
		},
		{
			"Id": "Param_Angle_Rotation8",
			"GroupId": "ParamGroup3",
			"Name": "mawei1-5"
		},
		{
			"Id": "Param8",
			"GroupId": "ParamGroup3",
			"Name": "mawei1-6"
		},
		{
			"Id": "Param10",
			"GroupId": "ParamGroup3",
			"Name": "mawei2-2"
		},
		{
			"Id": "Param11",
			"GroupId": "ParamGroup3",
			"Name": "mawei2-3"
		},
		{
			"Id": "Param12",
			"GroupId": "ParamGroup3",
			"Name": "mawei2-4"
		},
		{
			"Id": "Param13",
			"GroupId": "ParamGroup3",
			"Name": "maiwei2-5"
		},
		{
			"Id": "Param14",
			"GroupId": "ParamGroup3",
			"Name": "mawei2-6"
		},
		{
			"Id": "Param6",
			"GroupId": "ParamGroup3",
			"Name": "daimao1"
		},
		{
			"Id": "Param7",
			"GroupId": "ParamGroup3",
			"Name": "daimao2"
		},
		{
			"Id": "Param15",
			"GroupId": "ParamGroup3",
			"Name": "liuhai1-1"
		},
		{
			"Id": "Param16",
			"GroupId": "ParamGroup3",
			"Name": "liuhai1-2"
		},
		{
			"Id": "Param17",
			"GroupId": "ParamGroup3",
			"Name": "liuhai2-1"
		},
		{
			"Id": "Param18",
			"GroupId": "ParamGroup3",
			"Name": "liuhai2-2"
		},
		{
			"Id": "Param19",
			"GroupId": "ParamGroup3",
			"Name": "liuhai3-1"
		},
		{
			"Id": "Param20",
			"GroupId": "ParamGroup3",
			"Name": "liuhai3-2"
		},
		{
			"Id": "Param21",
			"GroupId": "ParamGroup3",
			"Name": "cefa1-1"
		},
		{
			"Id": "Param22",
			"GroupId": "ParamGroup3",
			"Name": "cefa1-2"
		},
		{
			"Id": "Param23",
			"GroupId": "ParamGroup3",
			"Name": "cefa2-1"
		},
		{
			"Id": "Param24",
			"GroupId": "ParamGroup3",
			"Name": "cefa2-2"
		},
		{
			"Id": "Param25",
			"GroupId": "ParamGroup3",
			"Name": "hudiejie1-1"
		},
		{
			"Id": "Param31",
			"GroupId": "ParamGroup3",
			"Name": "hudiejie1-2"
		},
		{
			"Id": "Param26",
			"GroupId": "ParamGroup3",
			"Name": "hudiejie2-1"
		},
		{
			"Id": "Param32",
			"GroupId": "ParamGroup3",
			"Name": "hudiejie2-2"
		},
		{
			"Id": "Param27",
			"GroupId": "ParamGroup3",
			"Name": "hudiejie3-1"
		},
		{
			"Id": "Param29",
			"GroupId": "ParamGroup3",
			"Name": "hudiejie3-2"
		},
		{
			"Id": "Param28",
			"GroupId": "ParamGroup3",
			"Name": "hudiejie4-1"
		},
		{
			"Id": "Param30",
			"GroupId": "ParamGroup3",
			"Name": "hudiejie4-2"
		},
		{
			"Id": "Param42",
			"GroupId": "ParamGroup3",
			"Name": "qunzi1-1"
		},
		{
			"Id": "Param43",
			"GroupId": "ParamGroup3",
			"Name": "qunzi1-2"
		},
		{
			"Id": "Param44",
			"GroupId": "ParamGroup3",
			"Name": "qunzi2-1"
		},
		{
			"Id": "Param45",
			"GroupId": "ParamGroup3",
			"Name": "qunzi2-2"
		},
		{
			"Id": "Param167",
			"GroupId": "ParamGroup3",
			"Name": "back_hair"
		},
		{
			"Id": "Param194",
			"GroupId": "ParamGroup4",
			"Name": "icecream"
		},
		{
			"Id": "Param190",
			"GroupId": "ParamGroup4",
			"Name": "calls light"
		},
		{
			"Id": "Param185",
			"GroupId": "ParamGroup4",
			"Name": "music1"
		},
		{
			"Id": "Param186",
			"GroupId": "ParamGroup4",
			"Name": "music2"
		},
		{
			"Id": "Param187",
			"GroupId": "ParamGroup4",
			"Name": "music3"
		},
		{
			"Id": "fajiafaguang",
			"GroupId": "ParamGroup4",
			"Name": "fajiafaguang"
		},
		{
			"Id": "Param70",
			"GroupId": "ParamGroup4",
			"Name": "laji"
		},
		{
			"Id": "Param9",
			"GroupId": "ParamGroup4",
			"Name": "Logo-L"
		},
		{
			"Id": "Param72",
			"GroupId": "ParamGroup4",
			"Name": "qiangLX"
		},
		{
			"Id": "Param73",
			"GroupId": "ParamGroup4",
			"Name": "qiangLY"
		},
		{
			"Id": "Param77",
			"GroupId": "ParamGroup4",
			"Name": "qiangLZ"
		},
		{
			"Id": "Param119",
			"GroupId": "ParamGroup4",
			"Name": "shuipao1"
		},
		{
			"Id": "Param120",
			"GroupId": "ParamGroup4",
			"Name": "shuizhu"
		},
		{
			"Id": "Param56",
			"GroupId": "ParamGroup4",
			"Name": "logoR"
		},
		{
			"Id": "Param74",
			"GroupId": "ParamGroup4",
			"Name": "qiangRX"
		},
		{
			"Id": "Param75",
			"GroupId": "ParamGroup4",
			"Name": "qiangRY"
		},
		{
			"Id": "Param76",
			"GroupId": "ParamGroup4",
			"Name": "qiangRZ"
		},
		{
			"Id": "Param118",
			"GroupId": "ParamGroup4",
			"Name": "shuipao2"
		},
		{
			"Id": "Param33",
			"GroupId": "ParamGroup4",
			"Name": "shuihuanqiandaxiao1"
		},
		{
			"Id": "Param34",
			"GroupId": "ParamGroup4",
			"Name": "shuihuanqiandaxiao2"
		},
		{
			"Id": "Param35",
			"GroupId": "ParamGroup4",
			"Name": "shuihuanqiandaxiao3"
		},
		{
			"Id": "Param36",
			"GroupId": "ParamGroup4",
			"Name": "shuihuanqianshangxia1"
		},
		{
			"Id": "Param89",
			"GroupId": "ParamGroup4",
			"Name": "shuihuanqianshangxia2"
		},
		{
			"Id": "Param90",
			"GroupId": "ParamGroup4",
			"Name": "shuihuanqianshangxia3"
		},
		{
			"Id": "Param91",
			"GroupId": "ParamGroup4",
			"Name": "shuihuanchuxian"
		},
		{
			"Id": "Param92",
			"GroupId": "ParamGroup4",
			"Name": "shuidixianshi"
		},
		{
			"Id": "Param93",
			"GroupId": "ParamGroup4",
			"Name": "shuidiX"
		},
		{
			"Id": "Param94",
			"GroupId": "ParamGroup4",
			"Name": "shuidiY"
		},
		{
			"Id": "Param95",
			"GroupId": "ParamGroup4",
			"Name": "shuidibianhuan"
		},
		{
			"Id": "Param96",
			"GroupId": "ParamGroup4",
			"Name": "shuidibianhuan2"
		},
		{
			"Id": "Param98",
			"GroupId": "ParamGroup4",
			"Name": "shuihuanqiandaxiao2-1"
		},
		{
			"Id": "Param99",
			"GroupId": "ParamGroup4",
			"Name": "shuihuanqiandaxiao2-2"
		},
		{
			"Id": "Param100",
			"GroupId": "ParamGroup4",
			"Name": "shuihuanqiandaxiao2-3"
		},
		{
			"Id": "Param101",
			"GroupId": "ParamGroup4",
			"Name": "shuihuanqianshangxia2-1"
		},
		{
			"Id": "Param102",
			"GroupId": "ParamGroup4",
			"Name": "shuihuanqianshangxia2-2"
		},
		{
			"Id": "Param103",
			"GroupId": "ParamGroup4",
			"Name": "shuihuanqianshangxia2-3"
		},
		{
			"Id": "Param97",
			"GroupId": "ParamGroup4",
			"Name": "shuihuanchuxian2"
		},
		{
			"Id": "Param112",
			"GroupId": "ParamGroup4",
			"Name": "shuihuanhoudaxiao3-1"
		},
		{
			"Id": "Param113",
			"GroupId": "ParamGroup4",
			"Name": "shuihuanhoudaxiao3-2"
		},
		{
			"Id": "Param114",
			"GroupId": "ParamGroup4",
			"Name": "shuihuanhoudaxiao3-3"
		},
		{
			"Id": "Param115",
			"GroupId": "ParamGroup4",
			"Name": "shuihuanhoushangxia3-1"
		},
		{
			"Id": "Param116",
			"GroupId": "ParamGroup4",
			"Name": "shuihuanhoushangxia3-2"
		},
		{
			"Id": "Param117",
			"GroupId": "ParamGroup4",
			"Name": "shuihuanhoushangxia3-3"
		},
		{
			"Id": "Param105",
			"GroupId": "ParamGroup4",
			"Name": "shuihuanchuxian3"
		},
		{
			"Id": "Param106",
			"GroupId": "ParamGroup4",
			"Name": "shuihuanhoudaxiao4-1"
		},
		{
			"Id": "Param107",
			"GroupId": "ParamGroup4",
			"Name": "shuihuanhoudaxiao4-2"
		},
		{
			"Id": "Param108",
			"GroupId": "ParamGroup4",
			"Name": "shuihuanhoudaxiao4-3"
		},
		{
			"Id": "Param109",
			"GroupId": "ParamGroup4",
			"Name": "shuihuanhoushangxia4-1"
		},
		{
			"Id": "Param110",
			"GroupId": "ParamGroup4",
			"Name": "shuihuanhoushangxia4-2"
		},
		{
			"Id": "Param111",
			"GroupId": "ParamGroup4",
			"Name": "shuihuanhoushangxia4-3"
		},
		{
			"Id": "Param104",
			"GroupId": "ParamGroup4",
			"Name": "shuihuanchuxian4"
		},
		{
			"Id": "daimao",
			"GroupId": "ParamGroup8",
			"Name": "daimao_dissapear"
		},
		{
			"Id": "Param168",
			"GroupId": "ParamGroup8",
			"Name": "linqi"
		},
		{
			"Id": "Param169",
			"GroupId": "ParamGroup8",
			"Name": "linqi_body_Z"
		},
		{
			"Id": "Param173",
			"GroupId": "ParamGroup8",
			"Name": "gunX"
		},
		{
			"Id": "Param174",
			"GroupId": "ParamGroup8",
			"Name": "gunY"
		},
		{
			"Id": "Param175",
			"GroupId": "ParamGroup8",
			"Name": "LgunZ"
		},
		{
			"Id": "Param176",
			"GroupId": "ParamGroup8",
			"Name": "RgunZ"
		},
		{
			"Id": "Param177",
			"GroupId": "ParamGroup8",
			"Name": "duojiaoL"
		},
		{
			"Id": "Param140",
			"GroupId": "",
			"Name": "dianji"
		},
		{
			"Id": "ParamAngleX",
			"GroupId": "",
			"Name": "headX"
		},
		{
			"Id": "ParamAngleY",
			"GroupId": "",
			"Name": "headY"
		},
		{
			"Id": "ParamAngleZ",
			"GroupId": "",
			"Name": "headZ"
		},
		{
			"Id": "Param82",
			"GroupId": "",
			"Name": "allX"
		},
		{
			"Id": "Param83",
			"GroupId": "",
			"Name": "allY"
		},
		{
			"Id": "ParamBrowLX",
			"GroupId": "",
			"Name": "Lmeizuoyou"
		},
		{
			"Id": "ParamBrowRX",
			"GroupId": "",
			"Name": "Rmeizuoyou"
		},
		{
			"Id": "ParamBrowLAngle",
			"GroupId": "",
			"Name": "Lmeijiaodu"
		},
		{
			"Id": "ParamBrowRAngle",
			"GroupId": "",
			"Name": "Rmeijiaodu"
		},
		{
			"Id": "ParamCheek",
			"GroupId": "",
			"Name": "hair_dissapear"
		},
		{
			"Id": "ParamBodyAngleX",
			"GroupId": "",
			"Name": "bodyX"
		},
		{
			"Id": "ParamBodyAngleY",
			"GroupId": "",
			"Name": "bodyY"
		},
		{
			"Id": "ParamBodyAngleZ",
			"GroupId": "",
			"Name": "bodyZ"
		},
		{
			"Id": "ParamHairFront",
			"GroupId": "",
			"Name": "hairfront"
		},
		{
			"Id": "ParamHairSide",
			"GroupId": "",
			"Name": "hairside"
		},
		{
			"Id": "ParamHairBack",
			"GroupId": "",
			"Name": "hairback"
		},
		{
			"Id": "Param37",
			"GroupId": "",
			"Name": "meimao"
		},
		{
			"Id": "Param122",
			"GroupId": "",
			"Name": "ceshi"
		},
		{
			"Id": "Param198pp",
			"GroupId": "",
			"Name": "111"
		},
		{
			"Id": "Param199pp",
			"GroupId": "",
			"Name": "222"
		},
		{
			"Id": "Param200pp",
			"GroupId": "",
			"Name": "111"
		},
		{
			"Id": "Param201pp",
			"GroupId": "",
			"Name": "111"
		},
		{
			"Id": "Param202pp",
			"GroupId": "",
			"Name": "111"
		},
		{
			"Id": "Param203pp",
			"GroupId": "",
			"Name": "111"
		},
		{
			"Id": "Param204pp",
			"GroupId": "",
			"Name": "111"
		},
		{
			"Id": "Param205pp",
			"GroupId": "",
			"Name": "111"
		},
		{
			"Id": "Param206pp",
			"GroupId": "",
			"Name": "111"
		},
		{
			"Id": "Param207pp",
			"GroupId": "",
			"Name": "111"
		},
		{
			"Id": "Param208pp",
			"GroupId": "",
			"Name": "111"
		},
		{
			"Id": "Param209pp",
			"GroupId": "",
			"Name": "111"
		},
		{
			"Id": "Param210pp",
			"GroupId": "",
			"Name": "111"
		},
		{
			"Id": "Param211pp",
			"GroupId": "",
			"Name": "111"
		},
		{
			"Id": "Param212pp",
			"GroupId": "",
			"Name": "111"
		},
		{
			"Id": "Param213pp",
			"GroupId": "",
			"Name": "111"
		},
		{
			"Id": "Param214pp",
			"GroupId": "",
			"Name": "111"
		},
		{
			"Id": "Param215pp",
			"GroupId": "",
			"Name": "111"
		},
		{
			"Id": "Param216pp",
			"GroupId": "",
			"Name": "111"
		},
		{
			"Id": "Param217pp",
			"GroupId": "",
			"Name": "111"
		}
	],
	"ParameterGroups": [
		{
			"Id": "ParamGroup5",
			"GroupId": "",
			"Name": "program"
		},
		{
			"Id": "ParamGroup2",
			"GroupId": "",
			"Name": "body"
		},
		{
			"Id": "ParamGroup6",
			"GroupId": "",
			"Name": "face"
		},
		{
			"Id": "ParamGroup",
			"GroupId": "",
			"Name": "switch"
		},
		{
			"Id": "ParamGroup9",
			"GroupId": "",
			"Name": "hands"
		},
		{
			"Id": "ParamGroup7",
			"GroupId": "",
			"Name": "chunlian"
		},
		{
			"Id": "ParamGroup3",
			"GroupId": "",
			"Name": "hair"
		},
		{
			"Id": "ParamGroup4",
			"GroupId": "",
			"Name": "others"
		},
		{
			"Id": "ParamGroup8",
			"GroupId": "",
			"Name": "new"
		}
	],
	"Parts": [
		{
			"Id": "Part59",
			"Name": "xinzengbujian"
		},
		{
			"Id": "Part52",
			"Name": "X"
		},
		{
			"Id": "Part43",
			"Name": "shui"
		},
		{
			"Id": "Part39",
			"Name": "hongbao"
		},
		{
			"Id": "Part36",
			"Name": "Q"
		},
		{
			"Id": "Part5",
			"Name": "1669000438433.png"
		},
		{
			"Id": "Part2",
			"Name": "1"
		},
		{
			"Id": "Part3",
			"Name": "1"
		},
		{
			"Id": "Part6",
			"Name": "1"
		},
		{
			"Id": "Part4",
			"Name": "1"
		},
		{
			"Id": "Part30",
			"Name": "1"
		},
		{
			"Id": "Part17",
			"Name": "1"
		},
		{
			"Id": "Part28",
			"Name": "1"
		},
		{
			"Id": "Part19",
			"Name": "1"
		},
		{
			"Id": "Part20",
			"Name": "1"
		},
		{
			"Id": "Part7",
			"Name": "1"
		},
		{
			"Id": "Part21",
			"Name": "1"
		},
		{
			"Id": "Part25",
			"Name": "1"
		},
		{
			"Id": "Part26",
			"Name": "1"
		},
		{
			"Id": "ArtMesh133_Skinning",
			"Name": "1"
		},
		{
			"Id": "ArtMesh122_Skinning2",
			"Name": "1"
		},
		{
			"Id": "Part42",
			"Name": "gengxin"
		},
		{
			"Id": "Part40",
			"Name": "213"
		},
		{
			"Id": "Part37",
			"Name": "juanzhou"
		},
		{
			"Id": "Part",
			"Name": "1"
		},
		{
			"Id": "Part31",
			"Name": "1"
		},
		{
			"Id": "Part29",
			"Name": "1"
		},
		{
			"Id": "Part13",
			"Name": "1"
		},
		{
			"Id": "Part14",
			"Name": "1"
		},
		{
			"Id": "Part15",
			"Name": "1"
		},
		{
			"Id": "Part11",
			"Name": "1"
		},
		{
			"Id": "Part12",
			"Name": "1"
		},
		{
			"Id": "Part16",
			"Name": "1"
		},
		{
			"Id": "Part18",
			"Name": "1"
		},
		{
			"Id": "Part33",
			"Name": "1"
		},
		{
			"Id": "Part32",
			"Name": "1"
		},
		{
			"Id": "Part38",
			"Name": "1"
		},
		{
			"Id": "Part35",
			"Name": "1"
		},
		{
			"Id": "Part27",
			"Name": "1"
		},
		{
			"Id": "Part34",
			"Name": "1"
		},
		{
			"Id": "Part9",
			"Name": "1"
		},
		{
			"Id": "Part22",
			"Name": "1"
		},
		{
			"Id": "Part23",
			"Name": "1"
		},
		{
			"Id": "Part24",
			"Name": "1"
		},
		{
			"Id": "Part44",
			"Name": "Y"
		},
		{
			"Id": "Part10",
			"Name": "1"
		},
		{
			"Id": "Part8",
			"Name": "1"
		},
		{
			"Id": "ArtMesh122_Skinning",
			"Name": "1"
		},
		{
			"Id": "Part45",
			"Name": "Y"
		},
		{
			"Id": "Part53",
			"Name": "W"
		},
		{
			"Id": "Part41",
			"Name": "M"
		}
	]
}